-- phpMyAdmin SQL Dump
-- version 5.2.3
-- https://www.phpmyadmin.net/
--
-- Host: delycia-database-g6nxk0:3306
-- Generation Time: Feb 21, 2026 at 10:02 AM
-- Server version: 11.8.5-MariaDB-ubu2404
-- PHP Version: 8.3.26

SET SQL_MODE = "NO_AUTO_VALUE_ON_ZERO";
START TRANSACTION;
SET time_zone = "+00:00";


/*!40101 SET @OLD_CHARACTER_SET_CLIENT=@@CHARACTER_SET_CLIENT */;
/*!40101 SET @OLD_CHARACTER_SET_RESULTS=@@CHARACTER_SET_RESULTS */;
/*!40101 SET @OLD_COLLATION_CONNECTION=@@COLLATION_CONNECTION */;
/*!40101 SET NAMES utf8mb4 */;

--
-- Database: `u419451251_Delycia_DB`
--

DELIMITER $$
--
-- Procedures
--
CREATE DEFINER=`delycia_user`@`%` PROCEDURE `sp_refresh_inventory_stats` (IN `p_rid` INT)   BEGIN
  INSERT INTO inventory_stats (
    item_id,
    order_count,
    units_sold,
    total_revenue,
    last_ordered_at,
    days_since_last_order,
    popularity_score
  )
  SELECT
    o.item_id,
    COUNT(*) AS order_count,
    COALESCE(SUM(o.quantity), 0) AS units_sold,
    COALESCE(
      SUM(
        CASE
          WHEN c.cart_id IS NOT NULL
           AND c.total_amount > 0
           AND c.discount_amount > 0
          THEN o.total_amount * (1.0 - (c.discount_amount / c.total_amount))
          ELSE o.total_amount - COALESCE(o.discount_amount, 0)
        END
      ),
      0
    ) AS total_revenue,
    MAX(o.created_at) AS last_ordered_at,
    DATEDIFF(NOW(), MAX(o.created_at)) AS days_since_last_order,
    GREATEST(
      1,
      COUNT(*) * FLOOR(LOG10(COALESCE(SUM(o.total_amount), 1) + 1))
    ) AS popularity_score
  FROM orders o
  LEFT JOIN carts c ON o.cart_id = c.cart_id
  WHERE o.payment_status = 'completed'
    AND o.item_id IS NOT NULL
    AND (p_rid IS NULL OR o.rid = p_rid)
  GROUP BY o.item_id
  ON DUPLICATE KEY UPDATE
    order_count = VALUES(order_count),
    units_sold = VALUES(units_sold),
    total_revenue = VALUES(total_revenue),
    last_ordered_at = VALUES(last_ordered_at),
    days_since_last_order = VALUES(days_since_last_order),
    popularity_score = VALUES(popularity_score),
    updated_at = NOW();
END$$

CREATE DEFINER=`delycia_user`@`%` PROCEDURE `sp_reset_occupied_tables` ()   BEGIN
  UPDATE tables
  SET status = 'available',
      updated_at = NOW()
  WHERE status = 'occupied'
    AND updated_at <= DATE_SUB(NOW(), INTERVAL 1 HOUR);
END$$

DELIMITER ;

-- --------------------------------------------------------

--
-- Table structure for table `addons`
--

CREATE TABLE `addons` (
  `id` int(11) NOT NULL,
  `rid` int(11) NOT NULL,
  `name` varchar(50) NOT NULL,
  `description` varchar(250) DEFAULT NULL,
  `price` int(5) NOT NULL DEFAULT 0,
  `is_veg` tinyint(1) DEFAULT 1,
  `is_active` tinyint(1) DEFAULT 1,
  `created_at` datetime DEFAULT current_timestamp(),
  `updated_at` datetime DEFAULT current_timestamp() ON UPDATE current_timestamp()
) ENGINE=InnoDB DEFAULT CHARSET=utf8mb4 COLLATE=utf8mb4_unicode_ci;

--
-- Dumping data for table `addons`
--

INSERT INTO `addons` (`id`, `rid`, `name`, `description`, `price`, `is_veg`, `is_active`, `created_at`, `updated_at`) VALUES
(1, 7, 'Extra Cheese', 'Add extra cheese layer', 20, 1, 1, '2026-01-07 04:35:51', '2026-01-25 18:41:02'),
(2, 7, 'Extra Butterdf', 'Extra butter topping', 20, 1, 1, '2026-01-07 04:35:51', '2026-01-25 18:41:02'),
(3, 7, 'Extra Sauce', 'Additional sauce portion', 10, 1, 1, '2026-01-07 04:35:51', '2026-01-25 18:41:03'),
(5, 7, 'Paneer Topping', 'Add paneer cubes', 40, 1, 1, '2026-01-07 04:35:51', '2026-01-25 18:41:03'),
(6, 7, 'Mushroom', 'Fresh mushroom topping', 30, 1, 1, '2026-01-07 04:35:51', '2026-01-25 18:41:03'),
(7, 7, 'Egg', 'Boiled or fried egg', 25, 0, 1, '2026-01-07 04:35:51', '2026-02-11 03:31:45'),
(8, 7, 'Extra Raita', 'Fresh yogurt raita', 20, 1, 1, '2026-01-07 04:35:51', '2026-01-25 18:41:03'),
(9, 7, 'Mint Chutney', 'Fresh mint chutney', 10, 1, 1, '2026-01-07 04:35:51', '2026-01-25 18:41:03'),
(10, 7, 'Garlic Bread', 'Side of garlic bread', 50, 1, 1, '2026-01-07 04:35:51', '2026-01-25 18:41:03'),
(16, 11, 'Extra Cheese', 'Add extra cheese layer', 25, 1, 1, '2026-01-07 04:35:51', '2026-01-07 04:35:51'),
(17, 11, 'Extra Sauce', 'Additional sauce portion', 15, 1, 1, '2026-01-07 04:35:51', '2026-01-07 04:35:51'),
(18, 11, 'Chocolate Chips', 'Extra chocolate chips', 30, 1, 1, '2026-01-07 04:35:51', '2026-01-07 04:35:51'),
(19, 7, 'Extra Olives', 'Black and green olives', 35, 1, 1, '2026-01-07 04:37:50', '2026-01-25 18:41:02');

-- --------------------------------------------------------

--
-- Table structure for table `carts`
--

CREATE TABLE `carts` (
  `cart_id` varchar(255) NOT NULL,
  `customer_id` int(11) DEFAULT NULL,
  `discount_amount` int(11) DEFAULT 0,
  `total_amount` int(11) DEFAULT 0,
  `payment_status` enum('pending','completed') DEFAULT 'pending',
  `payment_method` enum('upi','cash','card','others') DEFAULT 'cash',
  `delivery_type` enum('dine-in','takeaway','delivery') DEFAULT 'dine-in',
  `created_at` datetime DEFAULT current_timestamp(),
  `updated_at` datetime DEFAULT current_timestamp()
) ENGINE=InnoDB DEFAULT CHARSET=utf8mb4 COLLATE=utf8mb4_unicode_ci;

--
-- Dumping data for table `carts`
--

INSERT INTO `carts` (`cart_id`, `customer_id`, `discount_amount`, `total_amount`, `payment_status`, `payment_method`, `delivery_type`, `created_at`, `updated_at`) VALUES
('xfghlmfmHP', 1, 10, 1800, 'pending', 'cash', 'dine-in', '2025-07-21 06:37:11', '2025-07-21 06:37:11');

-- --------------------------------------------------------

--
-- Table structure for table `categories`
--

CREATE TABLE `categories` (
  `id` int(11) NOT NULL,
  `rid` int(11) NOT NULL,
  `template_id` int(11) DEFAULT NULL,
  `name` varchar(50) NOT NULL,
  `description` varchar(250) DEFAULT NULL,
  `img` text DEFAULT NULL,
  `is_active` int(11) NOT NULL DEFAULT 1,
  `display_order` int(11) DEFAULT 0,
  `created_at` datetime DEFAULT current_timestamp(),
  `updated_at` datetime DEFAULT current_timestamp() ON UPDATE current_timestamp()
) ENGINE=InnoDB DEFAULT CHARSET=utf8mb4 COLLATE=utf8mb4_unicode_ci;

--
-- Dumping data for table `categories`
--

INSERT INTO `categories` (`id`, `rid`, `template_id`, `name`, `description`, `img`, `is_active`, `display_order`, `created_at`, `updated_at`) VALUES
(1, 7, 1, 'Biryani', 'A fragrant rice dish cooked with spices, meat, or vegetables, popular across India.', 'https://ik.imagekit.io/phy7j8tcu/categories/category_1767357776301_Gg9IFB5p4.jpg#6957bd545c7cd75eb839c11e', 1, 0, '2025-07-12 15:05:13', '2026-01-10 13:33:11'),
(2, 7, 2, 'Chinese', 'Asian cuisine featuring noodles, stir-fry dishes, sauces, and exotic spices.', 'https://ik.imagekit.io/phy7j8tcu/categories/category_1767357843015_umTktUePD.jpg#6957bd945c7cd75eb83c0ca7', 1, 0, '2025-07-12 15:05:13', '2026-02-11 03:30:43'),
(3, 7, 3, 'Pizza', 'Italian dish with a baked crust, topped with sauce, cheese, and various toppings.', 'https://ik.imagekit.io/phy7j8tcu/categories/category_1767328570166_H6CMIG60-.jpg', 1, 0, '2025-07-12 15:05:13', '2026-02-10 11:48:15'),
(4, 7, 4, 'North Indian', 'Traditional North Indian curries, breads, and rich flavors of Indian spices.', 'https://ik.imagekit.io/phy7j8tcu/categories/category_1767357892116_rhaqShFwiF.jpg#6957bdc65c7cd75eb83db0cb', 1, 0, '2025-07-12 15:05:13', '2026-01-03 15:13:33'),
(5, 11, 6, 'Cake', 'Sweet baked dessert with layers or frosting, perfect for celebrations.', 'https://ik.imagekit.io/phy7j8tcu/categories/category_1767357998197_ZnuFjF3cX.jpg#6957be2f5c7cd75eb840c475', 1, 0, '2025-07-12 15:05:13', '2026-01-03 15:13:33'),
(6, 11, 7, 'Momo', 'Steamed or fried dumplings filled with spiced meat or vegetables, popular in Tibetan and Nepali cuisines.', 'https://ik.imagekit.io/phy7j8tcu/categories/category_1767358080101_fCul9qr1m.jpg#6957be815c7cd75eb843475e', 0, 0, '2025-07-12 15:05:13', '2026-01-03 15:13:33'),
(7, 11, 8, 'Burger', 'Sandwich with a grilled or fried patty, lettuce, cheese, and sauces.', 'https://ik.imagekit.io/phy7j8tcu/categories/category_1767358095656__MZLa4Gsw.jpg#6957be925c7cd75eb843c138', 1, 0, '2025-07-12 15:05:13', '2026-01-03 15:13:33'),
(8, 11, 10, 'Dosa', 'Crispy South Indian crepe made from fermented rice and lentil batter.', 'https://ik.imagekit.io/phy7j8tcu/categories/category_1767358234190_YtFhb1Z8H3.jpg#6957bf1b5c7cd75eb847f68f', 0, 0, '2025-07-12 15:05:13', '2026-01-03 15:13:33'),
(9, 11, 11, 'Paratha', 'Indian flatbread stuffed or layered, cooked with ghee or oil.', 'https://ik.imagekit.io/phy7j8tcu/categories/category_1767358247054_yET4_v2aAL.jpg#6957bf285c7cd75eb84848b2', 1, 0, '2025-07-12 15:05:13', '2026-01-03 15:13:33'),
(35, 7, 17, 'Dal Makhni', 'A popular, rich, and creamy Indian dish from the Punjab region, made with whole black lentils (urad dal) and kidney beans (rajma) simmered in a buttery, spiced tomato and onion gravy', 'https://ik.imagekit.io/phy7j8tcu/categories/category_1767598392003__DC_Qbs-O.jpg#695b693b5c7cd75eb8e58b58', 1, 0, '2026-01-05 07:17:25', '2026-01-10 13:53:31'),
(38, 7, 5, 'Rolls', 'Stuffed flatbreads or wraps filled with spiced meat or vegetables.', 'https://ik.imagekit.io/phy7j8tcu/categories/category_1767357939330_5jUiUI80p.jpg#6957bdf55c7cd75eb83f18d3', 1, 0, '2026-01-06 15:52:18', '2026-02-09 04:19:14'),
(91, 7, 19, 'Street Food (Chaat)', 'A standalone category featuring quick, tangier, and often spicy snacks like pani puri and vada pav', 'https://ik.imagekit.io/phy7j8tcu/categories/category_1767589427357_VWYm29zvJ.jpg#695b46365c7cd75eb8ff1fbb', 1, 0, '2026-02-07 14:33:27', '2026-02-07 14:33:27'),
(92, 11, 19, 'Street Food (Chaat)', 'A standalone category featuring quick, tangier, and often spicy snacks like pani puri and vada pav', 'https://ik.imagekit.io/phy7j8tcu/categories/category_1767589427357_VWYm29zvJ.jpg#695b46365c7cd75eb8ff1fbb', 1, 0, '2026-02-08 04:54:22', '2026-02-08 04:54:22'),
(93, 11, 17, 'Dal Makhni', 'A popular, rich, and creamy Indian dish from the Punjab region, made with whole black lentils (urad dal) and kidney beans (rajma) simmered in a buttery, spiced tomato and onion gravy', 'https://ik.imagekit.io/phy7j8tcu/categories/category_1767598392003__DC_Qbs-O.jpg#695b693b5c7cd75eb8e58b58', 1, 0, '2026-02-08 04:54:23', '2026-02-08 04:54:23');

--
-- Triggers `categories`
--
DELIMITER $$
CREATE TRIGGER `trg_update_inventories_status_on_category_change` AFTER INSERT ON `categories` FOR EACH ROW BEGIN
  IF NEW.is_active = 0 THEN
    UPDATE inventories
    SET status = 'out_of_stock'
    WHERE category_id = NEW.id AND rid = NEW.rid;
  ELSE
    UPDATE inventories
    SET status = CASE
      WHEN stock = 0 THEN 'out_of_stock'
      WHEN stock < 10 THEN 'low_stock'
      ELSE 'available'
    END
    WHERE category_id = NEW.id AND rid = NEW.rid;
  END IF;
END
$$
DELIMITER ;
DELIMITER $$
CREATE TRIGGER `trg_update_inventories_status_on_category_update` AFTER UPDATE ON `categories` FOR EACH ROW BEGIN
  IF NEW.is_active <> OLD.is_active THEN
    IF NEW.is_active = 0 THEN
      UPDATE inventories
      SET status = 'out_of_stock'
      WHERE category_id = NEW.id AND rid = NEW.rid;
    ELSE
      UPDATE inventories
      SET status = CASE
        WHEN stock = 0 THEN 'out_of_stock'
        WHEN stock < 10 THEN 'low_stock'
        ELSE 'available'
      END
      WHERE category_id = NEW.id AND rid = NEW.rid;
    END IF;
  END IF;
END
$$
DELIMITER ;

-- --------------------------------------------------------

--
-- Table structure for table `category_templates`
--

CREATE TABLE `category_templates` (
  `id` int(11) NOT NULL,
  `name` varchar(50) NOT NULL,
  `description` varchar(250) DEFAULT NULL,
  `img` text DEFAULT NULL,
  `cuisine_type` varchar(50) DEFAULT NULL,
  `tags` longtext CHARACTER SET utf8mb4 COLLATE utf8mb4_bin DEFAULT NULL CHECK (json_valid(`tags`)),
  `is_active` tinyint(1) NOT NULL DEFAULT 1,
  `usage_count` int(11) DEFAULT 0,
  `created_at` datetime DEFAULT current_timestamp(),
  `updated_at` datetime DEFAULT current_timestamp() ON UPDATE current_timestamp()
) ENGINE=InnoDB DEFAULT CHARSET=utf8mb4 COLLATE=utf8mb4_unicode_ci;

--
-- Dumping data for table `category_templates`
--

INSERT INTO `category_templates` (`id`, `name`, `description`, `img`, `cuisine_type`, `tags`, `is_active`, `usage_count`, `created_at`, `updated_at`) VALUES
(1, 'Biryani', 'A fragrant rice dish cooked with spices, meat, or vegetables, popular across India.', 'https://ik.imagekit.io/phy7j8tcu/categories/category_1767357776301_Gg9IFB5p4.jpg#6957bd545c7cd75eb839c11e', 'Indian', NULL, 1, 0, '2025-07-12 15:05:13', '2026-01-10 13:33:11'),
(2, 'Chinese', 'Asian cuisine featuring noodles, stir-fry dishes, sauces, and exotic spices.', 'https://ik.imagekit.io/phy7j8tcu/categories/category_1767357843015_umTktUePD.jpg#6957bd945c7cd75eb83c0ca7', 'Chinese', NULL, 1, 0, '2025-07-12 15:05:13', '2026-01-10 13:53:54'),
(3, 'Pizza', 'Italian dish with a baked crust, topped with sauce, cheese, and various toppings.', 'https://ik.imagekit.io/phy7j8tcu/categories/category_1767328570166_H6CMIG60-.jpg', 'Italian', NULL, 1, 0, '2025-07-12 15:05:13', '2026-01-03 15:13:33'),
(4, 'North Indian', 'Traditional North Indian curries, breads, and rich flavors of Indian spices.', 'https://ik.imagekit.io/phy7j8tcu/categories/category_1767357892116_rhaqShFwiF.jpg#6957bdc65c7cd75eb83db0cb', 'Indian', NULL, 1, 0, '2025-07-12 15:05:13', '2026-01-03 15:13:33'),
(5, 'Rolls', 'Stuffed flatbreads or wraps filled with spiced meat or vegetables.', 'https://ik.imagekit.io/phy7j8tcu/categories/category_1767357939330_5jUiUI80p.jpg#6957bdf55c7cd75eb83f18d3', 'Multi-Cuisine', NULL, 1, 1, '2025-07-12 15:05:13', '2026-01-06 15:52:18'),
(6, 'Cake', 'Sweet baked dessert with layers or frosting, perfect for celebrations.', 'https://ik.imagekit.io/phy7j8tcu/categories/category_1767357998197_ZnuFjF3cX.jpg#6957be2f5c7cd75eb840c475', 'Multi-Cuisine', NULL, 1, 0, '2025-07-12 15:05:13', '2026-01-03 15:13:33'),
(7, 'Momo', 'Steamed or fried dumplings filled with spiced meat or vegetables, popular in Tibetan and Nepali cuisines.', 'https://ik.imagekit.io/phy7j8tcu/categories/category_1767358080101_fCul9qr1m.jpg#6957be815c7cd75eb843475e', 'Chinese', NULL, 0, 0, '2025-07-12 15:05:13', '2026-01-03 15:13:33'),
(8, 'Burger', 'Sandwich with a grilled or fried patty, lettuce, cheese, and sauces.', 'https://ik.imagekit.io/phy7j8tcu/categories/category_1767358095656__MZLa4Gsw.jpg#6957be925c7cd75eb843c138', 'Continental', NULL, 1, 0, '2025-07-12 15:05:13', '2026-01-03 15:13:33'),
(9, 'Ice Cream', 'Frozen sweet dessert in various flavors, perfect for cooling down.', 'https://ik.imagekit.io/phy7j8tcu/categories/category_1767358218784_YAfGg35Vk.jpg#6957bf0d5c7cd75eb8478f54', 'Multi-Cuisine', NULL, 1, 3, '2025-07-12 15:05:13', '2026-01-16 16:10:05'),
(10, 'Dosa', 'Crispy South Indian crepe made from fermented rice and lentil batter.', 'https://ik.imagekit.io/phy7j8tcu/categories/category_1767358234190_YtFhb1Z8H3.jpg#6957bf1b5c7cd75eb847f68f', 'Indian', NULL, 0, 0, '2025-07-12 15:05:13', '2026-01-03 15:13:33'),
(11, 'Paratha', 'Indian flatbread stuffed or layered, cooked with ghee or oil.', 'https://ik.imagekit.io/phy7j8tcu/categories/category_1767358247054_yET4_v2aAL.jpg#6957bf285c7cd75eb84848b2', 'Indian', NULL, 1, 0, '2025-07-12 15:05:13', '2026-01-03 15:13:33'),
(17, 'Dal Makhni', 'A popular, rich, and creamy Indian dish from the Punjab region, made with whole black lentils (urad dal) and kidney beans (rajma) simmered in a buttery, spiced tomato and onion gravy', 'https://ik.imagekit.io/phy7j8tcu/categories/category_1767598392003__DC_Qbs-O.jpg#695b693b5c7cd75eb8e58b58', 'Indian', NULL, 1, 3, '2026-01-05 03:52:01', '2026-02-08 04:54:23'),
(19, 'Street Food (Chaat)', 'A standalone category featuring quick, tangier, and often spicy snacks like pani puri and vada pav', 'https://ik.imagekit.io/phy7j8tcu/categories/category_1767589427357_VWYm29zvJ.jpg#695b46365c7cd75eb8ff1fbb', 'Indian', NULL, 1, 3, '2026-01-05 05:03:50', '2026-02-08 04:54:22'),
(21, 'lacha parathas', 'testing lachaaas', 'http://lachaparatha.jpg', 'Indian', NULL, 1, 0, '2026-01-06 15:47:13', '2026-01-06 15:47:13'),
(22, 'Risotto', 'Risotto is a classic northern Italian rice dish known for its rich, creamy consistency achieved through a specific slow-cooking technique', 'https://ik.imagekit.io/phy7j8tcu/categories/category_1768407271673_IFlbvIPb4.jpg#6967c0e95c7cd75eb869a19a', 'Italian', NULL, 1, 1, '2026-01-14 16:14:34', '2026-02-16 14:33:16');

-- --------------------------------------------------------

--
-- Table structure for table `cities`
--

CREATE TABLE `cities` (
  `id` int(11) NOT NULL,
  `State` varchar(512) DEFAULT NULL,
  `Location` varchar(512) DEFAULT NULL
) ENGINE=InnoDB DEFAULT CHARSET=utf8mb4 COLLATE=utf8mb4_unicode_ci;

--
-- Dumping data for table `cities`
--

INSERT INTO `cities` (`id`, `State`, `Location`) VALUES
(1, 'Andaman and Nicobar Islands', 'Bamboo'),
(2, 'Andaman and Nicobar Islands', 'Nicobar'),
(3, 'Andaman and Nicobar Islands', 'Port Blair'),
(4, 'Andaman and Nicobar Islands', 'South Andaman'),
(5, 'Andhra Pradesh', 'Addanki'),
(6, 'Andhra Pradesh', 'Adoni'),
(7, 'Andhra Pradesh', 'Akasahebpet'),
(8, 'Andhra Pradesh', 'Akividu'),
(9, 'Andhra Pradesh', 'Akkarampalle'),
(10, 'Andhra Pradesh', 'Amalapuram'),
(11, 'Andhra Pradesh', 'Amudalavalasa'),
(12, 'Andhra Pradesh', 'Anakapalle'),
(13, 'Andhra Pradesh', 'Anantapur'),
(14, 'Andhra Pradesh', 'Atmakur'),
(15, 'Andhra Pradesh', 'Attili'),
(16, 'Andhra Pradesh', 'Avanigadda'),
(17, 'Andhra Pradesh', 'Badvel'),
(18, 'Andhra Pradesh', 'Banganapalle'),
(19, 'Andhra Pradesh', 'Bapatla'),
(20, 'Andhra Pradesh', 'Betamcherla'),
(21, 'Andhra Pradesh', 'Bhattiprolu'),
(22, 'Andhra Pradesh', 'Bhimavaram'),
(23, 'Andhra Pradesh', 'Bhimunipatnam'),
(24, 'Andhra Pradesh', 'Bobbili'),
(25, 'Andhra Pradesh', 'Challapalle'),
(26, 'Andhra Pradesh', 'Chemmumiahpet'),
(27, 'Andhra Pradesh', 'Chilakalurupet'),
(28, 'Andhra Pradesh', 'Chinnachowk'),
(29, 'Andhra Pradesh', 'Chipurupalle'),
(30, 'Andhra Pradesh', 'Chirala'),
(31, 'Andhra Pradesh', 'Chittoor'),
(32, 'Andhra Pradesh', 'Chodavaram'),
(33, 'Andhra Pradesh', 'Cuddapah'),
(34, 'Andhra Pradesh', 'Cumbum'),
(35, 'Andhra Pradesh', 'Darsi'),
(36, 'Andhra Pradesh', 'Dharmavaram'),
(37, 'Andhra Pradesh', 'Dhone'),
(38, 'Andhra Pradesh', 'Diguvametta'),
(39, 'Andhra Pradesh', 'East Godavari'),
(40, 'Andhra Pradesh', 'Elamanchili'),
(41, 'Andhra Pradesh', 'Ellore'),
(42, 'Andhra Pradesh', 'Emmiganur'),
(43, 'Andhra Pradesh', 'Erraguntla'),
(44, 'Andhra Pradesh', 'Etikoppaka'),
(45, 'Andhra Pradesh', 'Gajuwaka'),
(46, 'Andhra Pradesh', 'Ganguvada'),
(47, 'Andhra Pradesh', 'Gannavaram'),
(48, 'Andhra Pradesh', 'Giddalur'),
(49, 'Andhra Pradesh', 'Gokavaram'),
(50, 'Andhra Pradesh', 'Gorantla'),
(51, 'Andhra Pradesh', 'Govindapuram,Chilakaluripet,Guntur'),
(52, 'Andhra Pradesh', 'Gudivada'),
(53, 'Andhra Pradesh', 'Gudlavalleru'),
(54, 'Andhra Pradesh', 'Gudur'),
(55, 'Andhra Pradesh', 'Guntakal Junction'),
(56, 'Andhra Pradesh', 'Guntur'),
(57, 'Andhra Pradesh', 'Hindupur'),
(58, 'Andhra Pradesh', 'Ichchapuram'),
(59, 'Andhra Pradesh', 'Jaggayyapeta'),
(60, 'Andhra Pradesh', 'Jammalamadugu'),
(61, 'Andhra Pradesh', 'Kadiri'),
(62, 'Andhra Pradesh', 'Kaikalur'),
(63, 'Andhra Pradesh', 'Kakinada'),
(64, 'Andhra Pradesh', 'Kalyandurg'),
(65, 'Andhra Pradesh', 'Kamalapuram'),
(66, 'Andhra Pradesh', 'Kandukur'),
(67, 'Andhra Pradesh', 'Kanigiri'),
(68, 'Andhra Pradesh', 'Kankipadu'),
(69, 'Andhra Pradesh', 'Kanuru'),
(70, 'Andhra Pradesh', 'Kavali'),
(71, 'Andhra Pradesh', 'Kolanukonda'),
(72, 'Andhra Pradesh', 'Kondapalle'),
(73, 'Andhra Pradesh', 'Korukollu'),
(74, 'Andhra Pradesh', 'Kosigi'),
(75, 'Andhra Pradesh', 'Kovvur'),
(76, 'Andhra Pradesh', 'Krishna'),
(77, 'Andhra Pradesh', 'Kuppam'),
(78, 'Andhra Pradesh', 'Kurnool'),
(79, 'Andhra Pradesh', 'Macherla'),
(80, 'Andhra Pradesh', 'Machilipatnam'),
(81, 'Andhra Pradesh', 'Madanapalle'),
(82, 'Andhra Pradesh', 'Madugula'),
(83, 'Andhra Pradesh', 'Mandapeta'),
(84, 'Andhra Pradesh', 'Mandasa'),
(85, 'Andhra Pradesh', 'Mangalagiri'),
(86, 'Andhra Pradesh', 'Markapur'),
(87, 'Andhra Pradesh', 'Nagari'),
(88, 'Andhra Pradesh', 'Nagireddipalli'),
(89, 'Andhra Pradesh', 'Nandigama'),
(90, 'Andhra Pradesh', 'Nandikotkur'),
(91, 'Andhra Pradesh', 'Nandyal'),
(92, 'Andhra Pradesh', 'Narasannapeta'),
(93, 'Andhra Pradesh', 'Narasapur'),
(94, 'Andhra Pradesh', 'Narasaraopet'),
(95, 'Andhra Pradesh', 'Narasingapuram'),
(96, 'Andhra Pradesh', 'Narayanavanam'),
(97, 'Andhra Pradesh', 'Narsipatnam'),
(98, 'Andhra Pradesh', 'Nayudupet'),
(99, 'Andhra Pradesh', 'Nellore'),
(100, 'Andhra Pradesh', 'Nidadavole'),
(101, 'Andhra Pradesh', 'Nuzvid'),
(102, 'Andhra Pradesh', 'Ongole'),
(103, 'Andhra Pradesh', 'Pakala'),
(104, 'Andhra Pradesh', 'Palakollu'),
(105, 'Andhra Pradesh', 'Palasa'),
(106, 'Andhra Pradesh', 'Palkonda'),
(107, 'Andhra Pradesh', 'Pallevada'),
(108, 'Andhra Pradesh', 'Palmaner'),
(109, 'Andhra Pradesh', 'Parlakimidi'),
(110, 'Andhra Pradesh', 'Parvatipuram'),
(111, 'Andhra Pradesh', 'Pavuluru'),
(112, 'Andhra Pradesh', 'Pedana'),
(113, 'Andhra Pradesh', 'pedda nakkalapalem'),
(114, 'Andhra Pradesh', 'Peddapuram'),
(115, 'Andhra Pradesh', 'Penugonda'),
(116, 'Andhra Pradesh', 'Penukonda'),
(117, 'Andhra Pradesh', 'Phirangipuram'),
(118, 'Andhra Pradesh', 'Pippara'),
(119, 'Andhra Pradesh', 'Pithapuram'),
(120, 'Andhra Pradesh', 'Polavaram'),
(121, 'Andhra Pradesh', 'Ponnur'),
(122, 'Andhra Pradesh', 'Ponnuru'),
(123, 'Andhra Pradesh', 'Prakasam'),
(124, 'Andhra Pradesh', 'Proddatur'),
(125, 'Andhra Pradesh', 'Pulivendla'),
(126, 'Andhra Pradesh', 'Punganuru'),
(127, 'Andhra Pradesh', 'Puttaparthi'),
(128, 'Andhra Pradesh', 'Puttur'),
(129, 'Andhra Pradesh', 'Rajahmundry'),
(130, 'Andhra Pradesh', 'Ramachandrapuram'),
(131, 'Andhra Pradesh', 'Ramanayyapeta'),
(132, 'Andhra Pradesh', 'Ramapuram'),
(133, 'Andhra Pradesh', 'Rampachodavaram'),
(134, 'Andhra Pradesh', 'Rayachoti'),
(135, 'Andhra Pradesh', 'Rayadrug'),
(136, 'Andhra Pradesh', 'Razam'),
(137, 'Andhra Pradesh', 'Razampeta'),
(138, 'Andhra Pradesh', 'Razole'),
(139, 'Andhra Pradesh', 'Renigunta'),
(140, 'Andhra Pradesh', 'Repalle'),
(141, 'Andhra Pradesh', 'Salur'),
(142, 'Andhra Pradesh', 'Samalkot'),
(143, 'Andhra Pradesh', 'Sattenapalle'),
(144, 'Andhra Pradesh', 'Singarayakonda'),
(145, 'Andhra Pradesh', 'Sompeta'),
(146, 'Andhra Pradesh', 'Srikakulam'),
(147, 'Andhra Pradesh', 'Srisailain'),
(148, 'Andhra Pradesh', 'Suluru'),
(149, 'Andhra Pradesh', 'Tadepalle'),
(150, 'Andhra Pradesh', 'Tadepallegudem'),
(151, 'Andhra Pradesh', 'Tadpatri'),
(152, 'Andhra Pradesh', 'Tanuku'),
(153, 'Andhra Pradesh', 'Tekkali'),
(154, 'Andhra Pradesh', 'Tirumala'),
(155, 'Andhra Pradesh', 'Tirupati'),
(156, 'Andhra Pradesh', 'Tuni'),
(157, 'Andhra Pradesh', 'Uravakonda'),
(158, 'Andhra Pradesh', 'vadlamuru'),
(159, 'Andhra Pradesh', 'Vadlapudi'),
(160, 'Andhra Pradesh', 'Venkatagiri'),
(161, 'Andhra Pradesh', 'Vepagunta'),
(162, 'Andhra Pradesh', 'Vetapalem'),
(163, 'Andhra Pradesh', 'Vijayawada'),
(164, 'Andhra Pradesh', 'Vinukonda'),
(165, 'Andhra Pradesh', 'Visakhapatnam'),
(166, 'Andhra Pradesh', 'Vizianagaram'),
(167, 'Andhra Pradesh', 'Vizianagaram District'),
(168, 'Andhra Pradesh', 'Vuyyuru'),
(169, 'Andhra Pradesh', 'West Godavari'),
(170, 'Andhra Pradesh', 'Yanam'),
(171, 'Andhra Pradesh', 'Yanamalakuduru'),
(172, 'Andhra Pradesh', 'Yarada'),
(173, 'Arunachal Pradesh', 'Along'),
(174, 'Arunachal Pradesh', 'Anjaw'),
(175, 'Arunachal Pradesh', 'Basar'),
(176, 'Arunachal Pradesh', 'Bomdila'),
(177, 'Arunachal Pradesh', 'Changlang'),
(178, 'Arunachal Pradesh', 'Dibang Valley'),
(179, 'Arunachal Pradesh', 'East Kameng'),
(180, 'Arunachal Pradesh', 'East Siang'),
(181, 'Arunachal Pradesh', 'Hayuliang'),
(182, 'Arunachal Pradesh', 'Itanagar'),
(183, 'Arunachal Pradesh', 'Khonsa'),
(184, 'Arunachal Pradesh', 'Kurung Kumey'),
(185, 'Arunachal Pradesh', 'Lohit District'),
(186, 'Arunachal Pradesh', 'Lower Dibang Valley'),
(187, 'Arunachal Pradesh', 'Lower Subansiri'),
(188, 'Arunachal Pradesh', 'Margherita'),
(189, 'Arunachal Pradesh', 'Naharlagun'),
(190, 'Arunachal Pradesh', 'Pasighat'),
(191, 'Arunachal Pradesh', 'Tawang'),
(192, 'Arunachal Pradesh', 'Tezu'),
(193, 'Arunachal Pradesh', 'Tirap'),
(194, 'Arunachal Pradesh', 'Upper Siang'),
(195, 'Arunachal Pradesh', 'Upper Subansiri'),
(196, 'Arunachal Pradesh', 'West Kameng'),
(197, 'Arunachal Pradesh', 'West Siang'),
(198, 'Arunachal Pradesh', 'Ziro'),
(199, 'Assam', 'Abhayapuri'),
(200, 'Assam', 'Amguri'),
(201, 'Assam', 'Badarpur'),
(202, 'Assam', 'Baksa'),
(203, 'Assam', 'Barpathar'),
(204, 'Assam', 'Barpeta'),
(205, 'Assam', 'Barpeta Road'),
(206, 'Assam', 'Basugaon'),
(207, 'Assam', 'Bihpuriagaon'),
(208, 'Assam', 'Bijni'),
(209, 'Assam', 'Bilasipara'),
(210, 'Assam', 'Bokajan'),
(211, 'Assam', 'Bokakhat'),
(212, 'Assam', 'Bongaigaon'),
(213, 'Assam', 'Cachar'),
(214, 'Assam', 'Chabua'),
(215, 'Assam', 'Chapar'),
(216, 'Assam', 'Chirang'),
(217, 'Assam', 'Darrang'),
(218, 'Assam', 'Dergaon'),
(219, 'Assam', 'Dhekiajuli'),
(220, 'Assam', 'Dhemaji'),
(221, 'Assam', 'Dhing'),
(222, 'Assam', 'Dhubri'),
(223, 'Assam', 'Dibrugarh'),
(224, 'Assam', 'Digboi'),
(225, 'Assam', 'Dima Hasao District'),
(226, 'Assam', 'Diphu'),
(227, 'Assam', 'Dispur'),
(228, 'Assam', 'Duliagaon'),
(229, 'Assam', 'Dum Duma'),
(230, 'Assam', 'Gauripur'),
(231, 'Assam', 'Goalpara'),
(232, 'Assam', 'Gohpur'),
(233, 'Assam', 'Golaghat'),
(234, 'Assam', 'Golakganj'),
(235, 'Assam', 'Goshaingaon'),
(236, 'Assam', 'Guwahati'),
(237, 'Assam', 'Haflong'),
(238, 'Assam', 'Hailakandi'),
(239, 'Assam', 'Hajo'),
(240, 'Assam', 'Hojai'),
(241, 'Assam', 'Howli'),
(242, 'Assam', 'Jogighopa'),
(243, 'Assam', 'Jorhat'),
(244, 'Assam', 'Kamrup'),
(245, 'Assam', 'Kamrup Metropolitan'),
(246, 'Assam', 'Karbi Anglong'),
(247, 'Assam', 'Karimganj'),
(248, 'Assam', 'Kharupatia'),
(249, 'Assam', 'Kokrajhar'),
(250, 'Assam', 'Lakhimpur'),
(251, 'Assam', 'Lakhipur'),
(252, 'Assam', 'Lala'),
(253, 'Assam', 'Lumding Railway Colony'),
(254, 'Assam', 'Mahur'),
(255, 'Assam', 'Maibong'),
(256, 'Assam', 'Makum'),
(257, 'Assam', 'Mangaldai'),
(258, 'Assam', 'Mariani'),
(259, 'Assam', 'Moranha'),
(260, 'Assam', 'Morigaon'),
(261, 'Assam', 'Nagaon'),
(262, 'Assam', 'Nahorkatiya'),
(263, 'Assam', 'Nalbari'),
(264, 'Assam', 'Namrup'),
(265, 'Assam', 'Nazira'),
(266, 'Assam', 'North Guwahati'),
(267, 'Assam', 'North Lakhimpur'),
(268, 'Assam', 'Numaligarh'),
(269, 'Assam', 'Palasbari'),
(270, 'Assam', 'Raha'),
(271, 'Assam', 'Rangapara'),
(272, 'Assam', 'Rangia'),
(273, 'Assam', 'Sapatgram'),
(274, 'Assam', 'Sarupathar'),
(275, 'Assam', 'Sibsagar'),
(276, 'Assam', 'Silapathar'),
(277, 'Assam', 'Silchar'),
(278, 'Assam', 'Soalkuchi'),
(279, 'Assam', 'Sonari'),
(280, 'Assam', 'Sonitpur'),
(281, 'Assam', 'Sorbhog'),
(282, 'Assam', 'Tezpur'),
(283, 'Assam', 'Tinsukia'),
(284, 'Assam', 'Titabar'),
(285, 'Assam', 'Udalguri'),
(286, 'Bihar', 'Amarpur'),
(287, 'Bihar', 'Araria'),
(288, 'Bihar', 'Arrah'),
(289, 'Bihar', 'Arwal'),
(290, 'Bihar', 'Asarganj'),
(291, 'Bihar', 'Aurangabad'),
(292, 'Bihar', 'Bagaha'),
(293, 'Bihar', 'Bahadurganj'),
(294, 'Bihar', 'Bairagnia'),
(295, 'Bihar', 'Baisi'),
(296, 'Bihar', 'Bakhtiyarpur'),
(297, 'Bihar', 'Bangaon'),
(298, 'Bihar', 'Banka'),
(299, 'Bihar', 'Banmankhi'),
(300, 'Bihar', 'Bar Bigha'),
(301, 'Bihar', 'Barauli'),
(302, 'Bihar', 'Barh'),
(303, 'Bihar', 'Barhiya'),
(304, 'Bihar', 'Bariarpur'),
(305, 'Bihar', 'Baruni'),
(306, 'Bihar', 'Begusarai'),
(307, 'Bihar', 'Belsand'),
(308, 'Bihar', 'Bettiah'),
(309, 'Bihar', 'Bhabhua'),
(310, 'Bihar', 'Bhagalpur'),
(311, 'Bihar', 'Bhagirathpur'),
(312, 'Bihar', 'Bhawanipur'),
(313, 'Bihar', 'Bhojpur'),
(314, 'Bihar', 'Bihar Sharif'),
(315, 'Bihar', 'Bihariganj'),
(316, 'Bihar', 'Bikramganj'),
(317, 'Bihar', 'Birpur'),
(318, 'Bihar', 'Buddh Gaya'),
(319, 'Bihar', 'Buxar'),
(320, 'Bihar', 'Chakia'),
(321, 'Bihar', 'Chapra'),
(322, 'Bihar', 'Chhatapur'),
(323, 'Bihar', 'Colgong'),
(324, 'Bihar', 'Dalsingh Sarai'),
(325, 'Bihar', 'Darbhanga'),
(326, 'Bihar', 'Daudnagar'),
(327, 'Bihar', 'Dehri'),
(328, 'Bihar', 'Dhaka'),
(329, 'Bihar', 'Dighwara'),
(330, 'Bihar', 'Dinapore'),
(331, 'Bihar', 'Dumra'),
(332, 'Bihar', 'Dumraon'),
(333, 'Bihar', 'Fatwa'),
(334, 'Bihar', 'Forbesganj'),
(335, 'Bihar', 'Gaya'),
(336, 'Bihar', 'Ghoga'),
(337, 'Bihar', 'Gopalganj'),
(338, 'Bihar', 'Hajipur'),
(339, 'Bihar', 'Hilsa'),
(340, 'Bihar', 'Hisua'),
(341, 'Bihar', 'Islampur'),
(342, 'Bihar', 'Jagdispur'),
(343, 'Bihar', 'Jahanabad'),
(344, 'Bihar', 'Jamalpur'),
(345, 'Bihar', 'Jamui'),
(346, 'Bihar', 'Jaynagar'),
(347, 'Bihar', 'Jehanabad'),
(348, 'Bihar', 'Jha-Jha'),
(349, 'Bihar', 'Jhanjharpur'),
(350, 'Bihar', 'Jogbani'),
(351, 'Bihar', 'Kaimur District'),
(352, 'Bihar', 'Kasba'),
(353, 'Bihar', 'Katihar'),
(354, 'Bihar', 'Khagaria'),
(355, 'Bihar', 'Khagaul'),
(356, 'Bihar', 'Kharagpur'),
(357, 'Bihar', 'Khusropur'),
(358, 'Bihar', 'Kishanganj'),
(359, 'Bihar', 'Koath'),
(360, 'Bihar', 'Koelwar'),
(361, 'Bihar', 'Lakhisarai'),
(362, 'Bihar', 'Lalganj'),
(363, 'Bihar', 'Luckeesarai'),
(364, 'Bihar', 'Madhepura'),
(365, 'Bihar', 'Madhipura'),
(366, 'Bihar', 'Madhubani'),
(367, 'Bihar', 'Maharajgani'),
(368, 'Bihar', 'Mairwa'),
(369, 'Bihar', 'Maner'),
(370, 'Bihar', 'Manihari'),
(371, 'Bihar', 'Marhaura'),
(372, 'Bihar', 'Masaurhi Buzurg'),
(373, 'Bihar', 'Mohiuddinnagar'),
(374, 'Bihar', 'Mokameh'),
(375, 'Bihar', 'Monghyr'),
(376, 'Bihar', 'Mothihari'),
(377, 'Bihar', 'Munger'),
(378, 'Bihar', 'Murliganj'),
(379, 'Bihar', 'Muzaffarpur'),
(380, 'Bihar', 'Nabinagar'),
(381, 'Bihar', 'Nalanda'),
(382, 'Bihar', 'Nasriganj'),
(383, 'Bihar', 'Naugachhia'),
(384, 'Bihar', 'Nawada'),
(385, 'Bihar', 'Nirmali'),
(386, 'Bihar', 'Pashchim Champaran'),
(387, 'Bihar', 'Patna'),
(388, 'Bihar', 'Piro'),
(389, 'Bihar', 'Pupri'),
(390, 'Bihar', 'Purba Champaran'),
(391, 'Bihar', 'Purnia'),
(392, 'Bihar', 'Rafiganj'),
(393, 'Bihar', 'Raghunathpur'),
(394, 'Bihar', 'Rajgir'),
(395, 'Bihar', 'Ramnagar'),
(396, 'Bihar', 'Raxaul'),
(397, 'Bihar', 'Revelganj'),
(398, 'Bihar', 'Rohtas'),
(399, 'Bihar', 'Rusera'),
(400, 'Bihar', 'Sagauli'),
(401, 'Bihar', 'Saharsa'),
(402, 'Bihar', 'Samastipur'),
(403, 'Bihar', 'Saran'),
(404, 'Bihar', 'Shahbazpur'),
(405, 'Bihar', 'Shahpur'),
(406, 'Bihar', 'Sheikhpura'),
(407, 'Bihar', 'Sheohar'),
(408, 'Bihar', 'Sherghati'),
(409, 'Bihar', 'Silao'),
(410, 'Bihar', 'Sitamarhi'),
(411, 'Bihar', 'Siwan'),
(412, 'Bihar', 'Supaul'),
(413, 'Bihar', 'Teghra'),
(414, 'Bihar', 'Tekari'),
(415, 'Bihar', 'Thakurganj'),
(416, 'Bihar', 'Vaishali'),
(417, 'Bihar', 'Waris Aliganj'),
(418, 'Chhattisgarh', 'Akaltara'),
(419, 'Chhattisgarh', 'Ambagarh Chauki'),
(420, 'Chhattisgarh', 'Ambikapur'),
(421, 'Chhattisgarh', 'Arang'),
(422, 'Chhattisgarh', 'Baikunthpur'),
(423, 'Chhattisgarh', 'Balod'),
(424, 'Chhattisgarh', 'Baloda'),
(425, 'Chhattisgarh', 'Baloda Bazar'),
(426, 'Chhattisgarh', 'Basna'),
(427, 'Chhattisgarh', 'Bastar'),
(428, 'Chhattisgarh', 'Bemetara'),
(429, 'Chhattisgarh', 'Bhanpuri'),
(430, 'Chhattisgarh', 'Bhatapara'),
(431, 'Chhattisgarh', 'Bhatgaon'),
(432, 'Chhattisgarh', 'Bhilai'),
(433, 'Chhattisgarh', 'Bijapur'),
(434, 'Chhattisgarh', 'Bilaspur'),
(435, 'Chhattisgarh', 'Champa'),
(436, 'Chhattisgarh', 'Chhuikhadan'),
(437, 'Chhattisgarh', 'Deori'),
(438, 'Chhattisgarh', 'Dhamtari'),
(439, 'Chhattisgarh', 'Dongargaon'),
(440, 'Chhattisgarh', 'Dongargarh'),
(441, 'Chhattisgarh', 'Durg'),
(442, 'Chhattisgarh', 'Gandai'),
(443, 'Chhattisgarh', 'Gariaband'),
(444, 'Chhattisgarh', 'Gaurela'),
(445, 'Chhattisgarh', 'Gharghoda'),
(446, 'Chhattisgarh', 'Gidam'),
(447, 'Chhattisgarh', 'Jagdalpur'),
(448, 'Chhattisgarh', 'Janjgir'),
(449, 'Chhattisgarh', 'Janjgir-Champa'),
(450, 'Chhattisgarh', 'Jashpur'),
(451, 'Chhattisgarh', 'Jashpurnagar'),
(452, 'Chhattisgarh', 'Junagarh'),
(453, 'Chhattisgarh', 'Kabeerdham'),
(454, 'Chhattisgarh', 'Kanker'),
(455, 'Chhattisgarh', 'Katghora'),
(456, 'Chhattisgarh', 'Kawardha'),
(457, 'Chhattisgarh', 'Khairagarh'),
(458, 'Chhattisgarh', 'Khamharia'),
(459, 'Chhattisgarh', 'Kharod'),
(460, 'Chhattisgarh', 'Kharsia'),
(461, 'Chhattisgarh', 'Kirandul'),
(462, 'Chhattisgarh', 'Kondagaon'),
(463, 'Chhattisgarh', 'Korba'),
(464, 'Chhattisgarh', 'Koriya'),
(465, 'Chhattisgarh', 'Kota'),
(466, 'Chhattisgarh', 'Kotaparh'),
(467, 'Chhattisgarh', 'Kumhari'),
(468, 'Chhattisgarh', 'Kurud'),
(469, 'Chhattisgarh', 'Lormi'),
(470, 'Chhattisgarh', 'Mahasamund'),
(471, 'Chhattisgarh', 'Mungeli'),
(472, 'Chhattisgarh', 'Narayanpur'),
(473, 'Chhattisgarh', 'Narharpur'),
(474, 'Chhattisgarh', 'Pandaria'),
(475, 'Chhattisgarh', 'Pandatarai'),
(476, 'Chhattisgarh', 'Pasan'),
(477, 'Chhattisgarh', 'Patan'),
(478, 'Chhattisgarh', 'Pathalgaon'),
(479, 'Chhattisgarh', 'Pendra'),
(480, 'Chhattisgarh', 'Pithora'),
(481, 'Chhattisgarh', 'Raigarh'),
(482, 'Chhattisgarh', 'Raipur'),
(483, 'Chhattisgarh', 'Raj Nandgaon'),
(484, 'Chhattisgarh', 'Raj-Nandgaon'),
(485, 'Chhattisgarh', 'Ramanuj Ganj'),
(486, 'Chhattisgarh', 'Ratanpur'),
(487, 'Chhattisgarh', 'Sakti'),
(488, 'Chhattisgarh', 'Saraipali'),
(489, 'Chhattisgarh', 'Sarangarh'),
(490, 'Chhattisgarh', 'Seorinarayan'),
(491, 'Chhattisgarh', 'Simga'),
(492, 'Chhattisgarh', 'Surguja'),
(493, 'Chhattisgarh', 'Takhatpur'),
(494, 'Chhattisgarh', 'Umarkot'),
(495, 'Chhattisgarh', 'Uttar Bastar Kanker'),
(496, 'Delhi', 'Alipur'),
(497, 'Delhi', 'Bawana'),
(498, 'Delhi', 'Central Delhi'),
(499, 'Delhi', 'Deoli'),
(500, 'Delhi', 'East Delhi'),
(501, 'Delhi', 'Karol Bagh'),
(502, 'Delhi', 'Najafgarh'),
(503, 'Delhi', 'Nangloi Jat'),
(504, 'Delhi', 'Narela'),
(505, 'Delhi', 'New Delhi'),
(506, 'Delhi', 'North Delhi'),
(507, 'Delhi', 'North East Delhi'),
(508, 'Delhi', 'North West Delhi'),
(509, 'Delhi', 'Pitampura'),
(510, 'Delhi', 'Rohini'),
(511, 'Delhi', 'South Delhi'),
(512, 'Delhi', 'South West Delhi'),
(513, 'Delhi', 'West Delhi'),
(514, 'Goa', 'Aldona'),
(515, 'Goa', 'Arambol'),
(516, 'Goa', 'Baga'),
(517, 'Goa', 'Bambolim'),
(518, 'Goa', 'Bandora'),
(519, 'Goa', 'Benaulim'),
(520, 'Goa', 'Calangute'),
(521, 'Goa', 'Candolim'),
(522, 'Goa', 'Carapur'),
(523, 'Goa', 'Cavelossim'),
(524, 'Goa', 'Chicalim'),
(525, 'Goa', 'Chinchinim'),
(526, 'Goa', 'Colovale'),
(527, 'Goa', 'Colva'),
(528, 'Goa', 'Cortalim'),
(529, 'Goa', 'Cuncolim'),
(530, 'Goa', 'Curchorem'),
(531, 'Goa', 'Curti'),
(532, 'Goa', 'Davorlim'),
(533, 'Goa', 'Dicholi'),
(534, 'Goa', 'Goa Velha'),
(535, 'Goa', 'Guirim'),
(536, 'Goa', 'Jua'),
(537, 'Goa', 'Kankon'),
(538, 'Goa', 'Madgaon'),
(539, 'Goa', 'Mapuca'),
(540, 'Goa', 'Morjim'),
(541, 'Goa', 'Mormugao'),
(542, 'Goa', 'Navelim'),
(543, 'Goa', 'North Goa'),
(544, 'Goa', 'Palle'),
(545, 'Goa', 'Panaji'),
(546, 'Goa', 'Pernem'),
(547, 'Goa', 'Ponda'),
(548, 'Goa', 'Quepem'),
(549, 'Goa', 'Queula'),
(550, 'Goa', 'Raia'),
(551, 'Goa', 'Saligao'),
(552, 'Goa', 'Sancoale'),
(553, 'Goa', 'Sanguem'),
(554, 'Goa', 'Sanquelim'),
(555, 'Goa', 'Sanvordem'),
(556, 'Goa', 'Serula'),
(557, 'Goa', 'Solim'),
(558, 'Goa', 'South Goa'),
(559, 'Goa', 'Taleigao'),
(560, 'Goa', 'Vagator'),
(561, 'Goa', 'Valpoy'),
(562, 'Goa', 'Varca'),
(563, 'Goa', 'Vasco da Gama'),
(564, 'Gujarat', 'Abrama'),
(565, 'Gujarat', 'Adalaj'),
(566, 'Gujarat', 'Agol'),
(567, 'Gujarat', 'Ahmedabad'),
(568, 'Gujarat', 'Ahwa'),
(569, 'Gujarat', 'Akrund'),
(570, 'Gujarat', 'Amod'),
(571, 'Gujarat', 'Amod,'),
(572, 'Gujarat', 'Amreli'),
(573, 'Gujarat', 'Amroli'),
(574, 'Gujarat', 'Anand'),
(575, 'Gujarat', 'Anjar'),
(576, 'Gujarat', 'Ankleshwar'),
(577, 'Gujarat', 'Babra'),
(578, 'Gujarat', 'Bagasara'),
(579, 'Gujarat', 'Bagasra'),
(580, 'Gujarat', 'Bakharla'),
(581, 'Gujarat', 'Balagam'),
(582, 'Gujarat', 'Balasinor'),
(583, 'Gujarat', 'Balisana'),
(584, 'Gujarat', 'Bamanbore'),
(585, 'Gujarat', 'Banas Kantha'),
(586, 'Gujarat', 'Bandia'),
(587, 'Gujarat', 'Bantva'),
(588, 'Gujarat', 'Bardoli'),
(589, 'Gujarat', 'Bedi'),
(590, 'Gujarat', 'Bhachau'),
(591, 'Gujarat', 'Bhadran'),
(592, 'Gujarat', 'Bhandu'),
(593, 'Gujarat', 'Bhanvad'),
(594, 'Gujarat', 'Bharuch'),
(595, 'Gujarat', 'Bhatha'),
(596, 'Gujarat', 'Bhavnagar'),
(597, 'Gujarat', 'Bhayavadar'),
(598, 'Gujarat', 'Bhildi'),
(599, 'Gujarat', 'Bhojpur Dharampur'),
(600, 'Gujarat', 'Bhuj'),
(601, 'Gujarat', 'Bilimora'),
(602, 'Gujarat', 'Bilkha'),
(603, 'Gujarat', 'Borsad'),
(604, 'Gujarat', 'Botad'),
(605, 'Gujarat', 'Chaklasi'),
(606, 'Gujarat', 'Chalala'),
(607, 'Gujarat', 'Chaloda'),
(608, 'Gujarat', 'Champaner'),
(609, 'Gujarat', 'Chanasma'),
(610, 'Gujarat', 'Chhala'),
(611, 'Gujarat', 'Chhota Udepur'),
(612, 'Gujarat', 'Chikhli'),
(613, 'Gujarat', 'Chotila'),
(614, 'Gujarat', 'Chuda'),
(615, 'Gujarat', 'Dabhoda'),
(616, 'Gujarat', 'Dabhoi'),
(617, 'Gujarat', 'Dahegam'),
(618, 'Gujarat', 'Dahod'),
(619, 'Gujarat', 'Dakor'),
(620, 'Gujarat', 'Damnagar'),
(621, 'Gujarat', 'Dandi'),
(622, 'Gujarat', 'Dangs (India)'),
(623, 'Gujarat', 'Danta'),
(624, 'Gujarat', 'Dayapar'),
(625, 'Gujarat', 'Delvada'),
(626, 'Gujarat', 'Delwada'),
(627, 'Gujarat', 'Detroj'),
(628, 'Gujarat', 'Devbhumi Dwarka'),
(629, 'Gujarat', 'Devgadh Bariya'),
(630, 'Gujarat', 'Dhandhuka'),
(631, 'Gujarat', 'Dhanera'),
(632, 'Gujarat', 'Dhansura'),
(633, 'Gujarat', 'Dharampur'),
(634, 'Gujarat', 'Dharasana'),
(635, 'Gujarat', 'Dhari'),
(636, 'Gujarat', 'Dhasa'),
(637, 'Gujarat', 'Dhola'),
(638, 'Gujarat', 'Dholera'),
(639, 'Gujarat', 'Dholka'),
(640, 'Gujarat', 'Dhoraji'),
(641, 'Gujarat', 'Dhrangadhra'),
(642, 'Gujarat', 'Dhrol'),
(643, 'Gujarat', 'Dhuwaran'),
(644, 'Gujarat', 'Disa'),
(645, 'Gujarat', 'Dohad'),
(646, 'Gujarat', 'Dumkhal'),
(647, 'Gujarat', 'Dungarpur'),
(648, 'Gujarat', 'Dwarka'),
(649, 'Gujarat', 'Gadhada'),
(650, 'Gujarat', 'Gandevi'),
(651, 'Gujarat', 'Gandhidham'),
(652, 'Gujarat', 'Gandhinagar'),
(653, 'Gujarat', 'Gariadhar'),
(654, 'Gujarat', 'Ghodasar'),
(655, 'Gujarat', 'Ghogha'),
(656, 'Gujarat', 'Gir Somnath'),
(657, 'Gujarat', 'Godhra'),
(658, 'Gujarat', 'Gondal'),
(659, 'Gujarat', 'Gorwa'),
(660, 'Gujarat', 'Halenda'),
(661, 'Gujarat', 'Halol'),
(662, 'Gujarat', 'Halvad'),
(663, 'Gujarat', 'Hansot'),
(664, 'Gujarat', 'Harij'),
(665, 'Gujarat', 'Harsol'),
(666, 'Gujarat', 'Hathuran'),
(667, 'Gujarat', 'Himatnagar'),
(668, 'Gujarat', 'Idar'),
(669, 'Gujarat', 'Jakhau'),
(670, 'Gujarat', 'Jalalpore'),
(671, 'Gujarat', 'Jalalpur'),
(672, 'Gujarat', 'Jalia'),
(673, 'Gujarat', 'Jambuda'),
(674, 'Gujarat', 'Jambusar'),
(675, 'Gujarat', 'Jamnagar'),
(676, 'Gujarat', 'Jarod,'),
(677, 'Gujarat', 'Jasdan'),
(678, 'Gujarat', 'Jetalpur'),
(679, 'Gujarat', 'Jetalsar'),
(680, 'Gujarat', 'Jetpur'),
(681, 'Gujarat', 'Jetpur (Navagadh)'),
(682, 'Gujarat', 'Jhalod'),
(683, 'Gujarat', 'Jhulasan'),
(684, 'Gujarat', 'Jodhpur'),
(685, 'Gujarat', 'Jodhpur (Ahmedabad)'),
(686, 'Gujarat', 'Jodia'),
(687, 'Gujarat', 'Jodiya Bandar'),
(688, 'Gujarat', 'Junagadh'),
(689, 'Gujarat', 'Kachchh'),
(690, 'Gujarat', 'Kachholi'),
(691, 'Gujarat', 'Kadi'),
(692, 'Gujarat', 'Kadod'),
(693, 'Gujarat', 'Kalavad'),
(694, 'Gujarat', 'Kalol'),
(695, 'Gujarat', 'Kandla'),
(696, 'Gujarat', 'Kandla port'),
(697, 'Gujarat', 'Kanodar'),
(698, 'Gujarat', 'Kapadvanj'),
(699, 'Gujarat', 'Karamsad'),
(700, 'Gujarat', 'Kariana'),
(701, 'Gujarat', 'Karjan'),
(702, 'Gujarat', 'Kathor'),
(703, 'Gujarat', 'Katpur'),
(704, 'Gujarat', 'Kavant'),
(705, 'Gujarat', 'Kawant'),
(706, 'Gujarat', 'Kayavarohan'),
(707, 'Gujarat', 'Kerwada'),
(708, 'Gujarat', 'Keshod'),
(709, 'Gujarat', 'Khambhalia'),
(710, 'Gujarat', 'Khambhat'),
(711, 'Gujarat', 'Khavda'),
(712, 'Gujarat', 'Kheda'),
(713, 'Gujarat', 'Khedbrahma'),
(714, 'Gujarat', 'Khedoi'),
(715, 'Gujarat', 'Kherali'),
(716, 'Gujarat', 'Kheralu'),
(717, 'Gujarat', 'Kodinar'),
(718, 'Gujarat', 'Kosamba'),
(719, 'Gujarat', 'Kothara'),
(720, 'Gujarat', 'Kotharia'),
(721, 'Gujarat', 'Kukarmunda'),
(722, 'Gujarat', 'Kukma'),
(723, 'Gujarat', 'Kundla'),
(724, 'Gujarat', 'Kutch district'),
(725, 'Gujarat', 'Kutiyana'),
(726, 'Gujarat', 'Ladol'),
(727, 'Gujarat', 'Lakhpat'),
(728, 'Gujarat', 'Lakhtar'),
(729, 'Gujarat', 'Lalpur'),
(730, 'Gujarat', 'Langhnaj'),
(731, 'Gujarat', 'Lathi'),
(732, 'Gujarat', 'Limbdi'),
(733, 'Gujarat', 'Limkheda'),
(734, 'Gujarat', 'Lunavada'),
(735, 'Gujarat', 'Madhavpur Ghed'),
(736, 'Gujarat', 'Madhi'),
(737, 'Gujarat', 'Mahemdavad'),
(738, 'Gujarat', 'Mahesana'),
(739, 'Gujarat', 'Mahisa'),
(740, 'Gujarat', 'Mahudha'),
(741, 'Gujarat', 'Mahuva'),
(742, 'Gujarat', 'Mahuva (Surat)'),
(743, 'Gujarat', 'Malpur'),
(744, 'Gujarat', 'Manavadar'),
(745, 'Gujarat', 'Mandal'),
(746, 'Gujarat', 'Mandvi'),
(747, 'Gujarat', 'Mandvi (Surat)'),
(748, 'Gujarat', 'Mangrol'),
(749, 'Gujarat', 'Mangrol (Junagadh)'),
(750, 'Gujarat', 'Mansa'),
(751, 'Gujarat', 'Meghraj'),
(752, 'Gujarat', 'Mehsana'),
(753, 'Gujarat', 'Mendarda'),
(754, 'Gujarat', 'Mithapur'),
(755, 'Gujarat', 'Modasa'),
(756, 'Gujarat', 'Morbi'),
(757, 'Gujarat', 'Morva (Hadaf)'),
(758, 'Gujarat', 'Morwa'),
(759, 'Gujarat', 'Mundra'),
(760, 'Gujarat', 'Nadiad'),
(761, 'Gujarat', 'Nadiad,'),
(762, 'Gujarat', 'Nagwa'),
(763, 'Gujarat', 'Naldhara'),
(764, 'Gujarat', 'Naliya'),
(765, 'Gujarat', 'Nargol'),
(766, 'Gujarat', 'Narmada'),
(767, 'Gujarat', 'Naroda'),
(768, 'Gujarat', 'Navsari'),
(769, 'Gujarat', 'Nikora'),
(770, 'Gujarat', 'Nizar'),
(771, 'Gujarat', 'Odadar'),
(772, 'Gujarat', 'Okha'),
(773, 'Gujarat', 'Olpad'),
(774, 'Gujarat', 'Paddhari'),
(775, 'Gujarat', 'Padra'),
(776, 'Gujarat', 'Palanpur'),
(777, 'Gujarat', 'Palanswa'),
(778, 'Gujarat', 'Palitana'),
(779, 'Gujarat', 'Paliyad'),
(780, 'Gujarat', 'Paliyad (Bhavnagar)'),
(781, 'Gujarat', 'Palsana'),
(782, 'Gujarat', 'Panch Mahals'),
(783, 'Gujarat', 'Panchmahal district'),
(784, 'Gujarat', 'Pardi'),
(785, 'Gujarat', 'Parnera'),
(786, 'Gujarat', 'Patan'),
(787, 'Gujarat', 'Pavi Jetpur'),
(788, 'Gujarat', 'Petlad'),
(789, 'Gujarat', 'Pipavav'),
(790, 'Gujarat', 'Piplod'),
(791, 'Gujarat', 'Porbandar'),
(792, 'Gujarat', 'Prabhas Patan'),
(793, 'Gujarat', 'Prantij'),
(794, 'Gujarat', 'Radhanpur'),
(795, 'Gujarat', 'Rajkot'),
(796, 'Gujarat', 'Rajpipla'),
(797, 'Gujarat', 'Rajula'),
(798, 'Gujarat', 'Ranavav'),
(799, 'Gujarat', 'Ranpur'),
(800, 'Gujarat', 'Rapar'),
(801, 'Gujarat', 'Reha'),
(802, 'Gujarat', 'Roha'),
(803, 'Gujarat', 'Sabar Kantha'),
(804, 'Gujarat', 'Sachin'),
(805, 'Gujarat', 'Salaya'),
(806, 'Gujarat', 'Samakhiali'),
(807, 'Gujarat', 'Sanand'),
(808, 'Gujarat', 'Sankheda'),
(809, 'Gujarat', 'Sarbhon'),
(810, 'Gujarat', 'Sardoi'),
(811, 'Gujarat', 'Sarkhej'),
(812, 'Gujarat', 'Sathamba'),
(813, 'Gujarat', 'Savarkundla'),
(814, 'Gujarat', 'Savli'),
(815, 'Gujarat', 'Sayla'),
(816, 'Gujarat', 'Shahpur'),
(817, 'Gujarat', 'Shivrajpur'),
(818, 'Gujarat', 'Siddhpur'),
(819, 'Gujarat', 'Sihor'),
(820, 'Gujarat', 'Sikka'),
(821, 'Gujarat', 'Sinor'),
(822, 'Gujarat', 'Sojitra'),
(823, 'Gujarat', 'Songadh'),
(824, 'Gujarat', 'Supedi'),
(825, 'Gujarat', 'Surat'),
(826, 'Gujarat', 'Surendranagar'),
(827, 'Gujarat', 'Sutrapada'),
(828, 'Gujarat', 'Talaja'),
(829, 'Gujarat', 'Tankara'),
(830, 'Gujarat', 'Tapi'),
(831, 'Gujarat', 'Than'),
(832, 'Gujarat', 'Thangadh'),
(833, 'Gujarat', 'Tharad'),
(834, 'Gujarat', 'Thasra'),
(835, 'Gujarat', 'The Dangs'),
(836, 'Gujarat', 'Umarpada'),
(837, 'Gujarat', 'Umrala'),
(838, 'Gujarat', 'Umreth'),
(839, 'Gujarat', 'Un'),
(840, 'Gujarat', 'Una'),
(841, 'Gujarat', 'Unjha'),
(842, 'Gujarat', 'Upleta'),
(843, 'Gujarat', 'Utran'),
(844, 'Gujarat', 'Vadgam'),
(845, 'Gujarat', 'Vadnagar'),
(846, 'Gujarat', 'Vadodara'),
(847, 'Gujarat', 'Vaghodia'),
(848, 'Gujarat', 'Vaghodia INA'),
(849, 'Gujarat', 'Vallabh Vidyanagar'),
(850, 'Gujarat', 'Vallabhipur'),
(851, 'Gujarat', 'Valsad'),
(852, 'Gujarat', 'Vanala'),
(853, 'Gujarat', 'Vansda'),
(854, 'Gujarat', 'Vanthli'),
(855, 'Gujarat', 'Vapi'),
(856, 'Gujarat', 'Vartej'),
(857, 'Gujarat', 'Vasa'),
(858, 'Gujarat', 'Vasavad'),
(859, 'Gujarat', 'Vaso'),
(860, 'Gujarat', 'Vataman'),
(861, 'Gujarat', 'Vejalpur'),
(862, 'Gujarat', 'Veraval'),
(863, 'Gujarat', 'Vijapur'),
(864, 'Gujarat', 'Vinchhiya'),
(865, 'Gujarat', 'Vinchia'),
(866, 'Gujarat', 'Viramgam'),
(867, 'Gujarat', 'Virpur'),
(868, 'Gujarat', 'Visavadar'),
(869, 'Gujarat', 'Visnagar'),
(870, 'Gujarat', 'Vyara'),
(871, 'Gujarat', 'Wadhai'),
(872, 'Gujarat', 'Wadhwan'),
(873, 'Gujarat', 'Waghai'),
(874, 'Gujarat', 'Wankaner'),
(875, 'Haryana', 'Ambala'),
(876, 'Haryana', 'Asandh'),
(877, 'Haryana', 'Ateli Mandi'),
(878, 'Haryana', 'Bahadurgarh'),
(879, 'Haryana', 'Bara Uchana'),
(880, 'Haryana', 'Barwala'),
(881, 'Haryana', 'Bawal'),
(882, 'Haryana', 'Beri Khas'),
(883, 'Haryana', 'Bhiwani'),
(884, 'Haryana', 'Bilaspur'),
(885, 'Haryana', 'Buriya'),
(886, 'Haryana', 'Charkhi Dadri'),
(887, 'Haryana', 'Chhachhrauli'),
(888, 'Haryana', 'Dabwali'),
(889, 'Haryana', 'Dharuhera'),
(890, 'Haryana', 'Ellenabad'),
(891, 'Haryana', 'Faridabad'),
(892, 'Haryana', 'Faridabad District'),
(893, 'Haryana', 'Farrukhnagar'),
(894, 'Haryana', 'Fatehabad'),
(895, 'Haryana', 'Fatehabad District'),
(896, 'Haryana', 'Firozpur Jhirka'),
(897, 'Haryana', 'Gharaunda'),
(898, 'Haryana', 'Gohana'),
(899, 'Haryana', 'Gorakhpur'),
(900, 'Haryana', 'Gurgaon'),
(901, 'Haryana', 'Hansi'),
(902, 'Haryana', 'Hasanpur'),
(903, 'Haryana', 'Hisar'),
(904, 'Haryana', 'Hodal'),
(905, 'Haryana', 'Inda Chhoi'),
(906, 'Haryana', 'Indri'),
(907, 'Haryana', 'Jagadhri'),
(908, 'Haryana', 'Jakhal'),
(909, 'Haryana', 'Jhajjar'),
(910, 'Haryana', 'Jind'),
(911, 'Haryana', 'Kaithal'),
(912, 'Haryana', 'Kalanaur'),
(913, 'Haryana', 'Kalanwali'),
(914, 'Haryana', 'Kanina Khas'),
(915, 'Haryana', 'Karnal'),
(916, 'Haryana', 'Kharkhauda'),
(917, 'Haryana', 'Kheri Sampla'),
(918, 'Haryana', 'Kurukshetra'),
(919, 'Haryana', 'Ladwa'),
(920, 'Haryana', 'Loharu'),
(921, 'Haryana', 'Maham'),
(922, 'Haryana', 'Mahendragarh'),
(923, 'Haryana', 'Mandholi Kalan'),
(924, 'Haryana', 'Mustafabad'),
(925, 'Haryana', 'Narayangarh'),
(926, 'Haryana', 'Narnaul'),
(927, 'Haryana', 'Narnaund'),
(928, 'Haryana', 'Narwana'),
(929, 'Haryana', 'Nilokheri'),
(930, 'Haryana', 'Nuh'),
(931, 'Haryana', 'Palwal'),
(932, 'Haryana', 'Panchkula'),
(933, 'Haryana', 'Panipat'),
(934, 'Haryana', 'Pataudi'),
(935, 'Haryana', 'Pehowa'),
(936, 'Haryana', 'Pinjaur'),
(937, 'Haryana', 'Punahana'),
(938, 'Haryana', 'Pundri'),
(939, 'Haryana', 'Radaur'),
(940, 'Haryana', 'Rania'),
(941, 'Haryana', 'Ratia'),
(942, 'Haryana', 'Rewari'),
(943, 'Haryana', 'Rewari District'),
(944, 'Haryana', 'Rohtak'),
(945, 'Haryana', 'Safidon'),
(946, 'Haryana', 'Samalkha'),
(947, 'Haryana', 'Shadipur Julana'),
(948, 'Haryana', 'Shahabad'),
(949, 'Haryana', 'Sirsa'),
(950, 'Haryana', 'Sohna'),
(951, 'Haryana', 'Sonipat'),
(952, 'Haryana', 'Taoru'),
(953, 'Haryana', 'Thanesar'),
(954, 'Haryana', 'Tohana'),
(955, 'Haryana', 'Tosham'),
(956, 'Haryana', 'Uklana'),
(957, 'Haryana', 'Yamunanagar'),
(958, 'Himachal Pradesh', 'Arki'),
(959, 'Himachal Pradesh', 'Baddi'),
(960, 'Himachal Pradesh', 'Banjar'),
(961, 'Himachal Pradesh', 'Bilaspur'),
(962, 'Himachal Pradesh', 'Chamba'),
(963, 'Himachal Pradesh', 'Chaupal'),
(964, 'Himachal Pradesh', 'Chowari'),
(965, 'Himachal Pradesh', 'Chuari Khas'),
(966, 'Himachal Pradesh', 'Dagshai'),
(967, 'Himachal Pradesh', 'Dalhousie'),
(968, 'Himachal Pradesh', 'Daulatpur'),
(969, 'Himachal Pradesh', 'Dera Gopipur'),
(970, 'Himachal Pradesh', 'Dharamsala'),
(971, 'Himachal Pradesh', 'Gagret'),
(972, 'Himachal Pradesh', 'Ghumarwin'),
(973, 'Himachal Pradesh', 'Hamirpur'),
(974, 'Himachal Pradesh', 'Jawala Mukhi'),
(975, 'Himachal Pradesh', 'Jogindarnagar'),
(976, 'Himachal Pradesh', 'Jubbal'),
(977, 'Himachal Pradesh', 'Jutogh'),
(978, 'Himachal Pradesh', 'Kalka'),
(979, 'Himachal Pradesh', 'Kangar'),
(980, 'Himachal Pradesh', 'Kangra'),
(981, 'Himachal Pradesh', 'Kasauli'),
(982, 'Himachal Pradesh', 'Kinnaur'),
(983, 'Himachal Pradesh', 'Kotkhai'),
(984, 'Himachal Pradesh', 'Kotla'),
(985, 'Himachal Pradesh', 'Kulu'),
(986, 'Himachal Pradesh', 'Kyelang'),
(987, 'Himachal Pradesh', 'Lahul and Spiti'),
(988, 'Himachal Pradesh', 'Manali'),
(989, 'Himachal Pradesh', 'Mandi'),
(990, 'Himachal Pradesh', 'Nadaun'),
(991, 'Himachal Pradesh', 'Nagar'),
(992, 'Himachal Pradesh', 'Nagrota'),
(993, 'Himachal Pradesh', 'Nahan'),
(994, 'Himachal Pradesh', 'Nalagarh'),
(995, 'Himachal Pradesh', 'Palampur'),
(996, 'Himachal Pradesh', 'Pandoh'),
(997, 'Himachal Pradesh', 'Paonta Sahib'),
(998, 'Himachal Pradesh', 'Parwanoo'),
(999, 'Himachal Pradesh', 'Rajgarh'),
(1000, 'Himachal Pradesh', 'Rampur'),
(1001, 'Himachal Pradesh', 'Rohru'),
(1002, 'Himachal Pradesh', 'Sabathu'),
(1003, 'Himachal Pradesh', 'Santokhgarh'),
(1004, 'Himachal Pradesh', 'Sarahan'),
(1005, 'Himachal Pradesh', 'Sarka Ghat'),
(1006, 'Himachal Pradesh', 'Seoni'),
(1007, 'Himachal Pradesh', 'Shimla'),
(1008, 'Himachal Pradesh', 'Sirmaur'),
(1009, 'Himachal Pradesh', 'Solan'),
(1010, 'Himachal Pradesh', 'Sundarnagar'),
(1011, 'Himachal Pradesh', 'Theog'),
(1012, 'Himachal Pradesh', 'Tira Sujanpur'),
(1013, 'Himachal Pradesh', 'Una'),
(1014, 'Himachal Pradesh', 'Yol'),
(1015, 'Jammu and Kashmir', 'Akhnur'),
(1016, 'Jammu and Kashmir', 'Anantnag'),
(1017, 'Jammu and Kashmir', 'Awantipur'),
(1018, 'Jammu and Kashmir', 'Badgam'),
(1019, 'Jammu and Kashmir', 'Bandipore'),
(1020, 'Jammu and Kashmir', 'Bandipura'),
(1021, 'Jammu and Kashmir', 'Banihal'),
(1022, 'Jammu and Kashmir', 'Baramula'),
(1023, 'Jammu and Kashmir', 'Batoti'),
(1024, 'Jammu and Kashmir', 'Bhadarwah'),
(1025, 'Jammu and Kashmir', 'Bijbehara'),
(1026, 'Jammu and Kashmir', 'Bishnah'),
(1027, 'Jammu and Kashmir', 'Doda'),
(1028, 'Jammu and Kashmir', 'Gandarbal'),
(1029, 'Jammu and Kashmir', 'Ganderbal'),
(1030, 'Jammu and Kashmir', 'Gho Brahmanan de'),
(1031, 'Jammu and Kashmir', 'Hajan'),
(1032, 'Jammu and Kashmir', 'Hiranagar'),
(1033, 'Jammu and Kashmir', 'Jammu'),
(1034, 'Jammu and Kashmir', 'Jaurian'),
(1035, 'Jammu and Kashmir', 'Kathua'),
(1036, 'Jammu and Kashmir', 'Katra'),
(1037, 'Jammu and Kashmir', 'Khaur'),
(1038, 'Jammu and Kashmir', 'Kishtwar'),
(1039, 'Jammu and Kashmir', 'Kud'),
(1040, 'Jammu and Kashmir', 'Kulgam'),
(1041, 'Jammu and Kashmir', 'Kupwara'),
(1042, 'Jammu and Kashmir', 'Ladakh'),
(1043, 'Jammu and Kashmir', 'Magam'),
(1044, 'Jammu and Kashmir', 'Nawanshahr'),
(1045, 'Jammu and Kashmir', 'Noria'),
(1046, 'Jammu and Kashmir', 'Padam'),
(1047, 'Jammu and Kashmir', 'Pahlgam'),
(1048, 'Jammu and Kashmir', 'Parol'),
(1049, 'Jammu and Kashmir', 'Pattan'),
(1050, 'Jammu and Kashmir', 'Pulwama'),
(1051, 'Jammu and Kashmir', 'Punch'),
(1052, 'Jammu and Kashmir', 'Qazigund'),
(1053, 'Jammu and Kashmir', 'Rajaori'),
(1054, 'Jammu and Kashmir', 'Rajauri'),
(1055, 'Jammu and Kashmir', 'Ramban'),
(1056, 'Jammu and Kashmir', 'Ramgarh'),
(1057, 'Jammu and Kashmir', 'Ramnagar'),
(1058, 'Jammu and Kashmir', 'Riasi'),
(1059, 'Jammu and Kashmir', 'Samba'),
(1060, 'Jammu and Kashmir', 'Shupiyan'),
(1061, 'Jammu and Kashmir', 'Sopur'),
(1062, 'Jammu and Kashmir', 'Soyibug'),
(1063, 'Jammu and Kashmir', 'Srinagar'),
(1064, 'Jammu and Kashmir', 'Sumbal'),
(1065, 'Jammu and Kashmir', 'Thang'),
(1066, 'Jammu and Kashmir', 'Thanna Mandi'),
(1067, 'Jammu and Kashmir', 'Tral'),
(1068, 'Jammu and Kashmir', 'Tsrar Sharif'),
(1069, 'Jammu and Kashmir', 'Udhampur'),
(1070, 'Jammu and Kashmir', 'Uri'),
(1071, 'Jharkhand', 'Bagra'),
(1072, 'Jharkhand', 'Barka Kana'),
(1073, 'Jharkhand', 'Barki Saria'),
(1074, 'Jharkhand', 'Barwadih'),
(1075, 'Jharkhand', 'Bhojudih'),
(1076, 'Jharkhand', 'Bokaro'),
(1077, 'Jharkhand', 'Bundu'),
(1078, 'Jharkhand', 'Chaibasa'),
(1079, 'Jharkhand', 'Chakradharpur'),
(1080, 'Jharkhand', 'Chakulia'),
(1081, 'Jharkhand', 'Chandil'),
(1082, 'Jharkhand', 'Chas'),
(1083, 'Jharkhand', 'Chatra'),
(1084, 'Jharkhand', 'Chiria'),
(1085, 'Jharkhand', 'Daltonganj'),
(1086, 'Jharkhand', 'Deogarh'),
(1087, 'Jharkhand', 'Dhanbad'),
(1088, 'Jharkhand', 'Dhanwar'),
(1089, 'Jharkhand', 'Dugda'),
(1090, 'Jharkhand', 'Dumka'),
(1091, 'Jharkhand', 'Garhwa'),
(1092, 'Jharkhand', 'Ghatsila'),
(1093, 'Jharkhand', 'Giridih'),
(1094, 'Jharkhand', 'Gobindpur'),
(1095, 'Jharkhand', 'Godda'),
(1096, 'Jharkhand', 'Gomoh'),
(1097, 'Jharkhand', 'Gopinathpur'),
(1098, 'Jharkhand', 'Gua'),
(1099, 'Jharkhand', 'Gumia'),
(1100, 'Jharkhand', 'Gumla'),
(1101, 'Jharkhand', 'Hazaribag'),
(1102, 'Jharkhand', 'Hazaribagh'),
(1103, 'Jharkhand', 'Hesla'),
(1104, 'Jharkhand', 'Husainabad'),
(1105, 'Jharkhand', 'Jagannathpur'),
(1106, 'Jharkhand', 'Jamadoba'),
(1107, 'Jharkhand', 'Jamshedpur'),
(1108, 'Jharkhand', 'Jamtara'),
(1109, 'Jharkhand', 'Jasidih'),
(1110, 'Jharkhand', 'Jharia'),
(1111, 'Jharkhand', 'Jugsalai'),
(1112, 'Jharkhand', 'Jumri Tilaiya'),
(1113, 'Jharkhand', 'Kalikapur'),
(1114, 'Jharkhand', 'Kandra'),
(1115, 'Jharkhand', 'Kanke'),
(1116, 'Jharkhand', 'Katras'),
(1117, 'Jharkhand', 'Kenduadih'),
(1118, 'Jharkhand', 'Kharsawan'),
(1119, 'Jharkhand', 'Khunti'),
(1120, 'Jharkhand', 'Kodarma'),
(1121, 'Jharkhand', 'Kuju'),
(1122, 'Jharkhand', 'Latehar'),
(1123, 'Jharkhand', 'Lohardaga'),
(1124, 'Jharkhand', 'Madhupur'),
(1125, 'Jharkhand', 'Malkera'),
(1126, 'Jharkhand', 'Manoharpur'),
(1127, 'Jharkhand', 'Mugma'),
(1128, 'Jharkhand', 'Mushabani'),
(1129, 'Jharkhand', 'Neturhat'),
(1130, 'Jharkhand', 'Nirsa'),
(1131, 'Jharkhand', 'Noamundi'),
(1132, 'Jharkhand', 'Pakur'),
(1133, 'Jharkhand', 'Palamu'),
(1134, 'Jharkhand', 'Pashchim Singhbhum'),
(1135, 'Jharkhand', 'patamda'),
(1136, 'Jharkhand', 'Pathardih'),
(1137, 'Jharkhand', 'Purba Singhbhum'),
(1138, 'Jharkhand', 'Ramgarh'),
(1139, 'Jharkhand', 'Ranchi'),
(1140, 'Jharkhand', 'Ray'),
(1141, 'Jharkhand', 'Sahibganj'),
(1142, 'Jharkhand', 'Saraikela'),
(1143, 'Jharkhand', 'Sarubera'),
(1144, 'Jharkhand', 'Sijua'),
(1145, 'Jharkhand', 'Simdega'),
(1146, 'Jharkhand', 'Sini'),
(1147, 'Jharkhand', 'Topchanchi'),
(1148, 'Karnataka', 'Afzalpur'),
(1149, 'Karnataka', 'Ajjampur'),
(1150, 'Karnataka', 'Aland'),
(1151, 'Karnataka', 'Alnavar'),
(1152, 'Karnataka', 'Alur'),
(1153, 'Karnataka', 'Anekal'),
(1154, 'Karnataka', 'Ankola'),
(1155, 'Karnataka', 'Annigeri'),
(1156, 'Karnataka', 'Arkalgud'),
(1157, 'Karnataka', 'Arsikere'),
(1158, 'Karnataka', 'Athni'),
(1159, 'Karnataka', 'Aurad'),
(1160, 'Karnataka', 'Badami'),
(1161, 'Karnataka', 'Bagalkot'),
(1162, 'Karnataka', 'Bagepalli'),
(1163, 'Karnataka', 'Bail-Hongal'),
(1164, 'Karnataka', 'Ballari'),
(1165, 'Karnataka', 'Ballary'),
(1166, 'Karnataka', 'Banavar'),
(1167, 'Karnataka', 'Bangalore Rural'),
(1168, 'Karnataka', 'Bangalore Urban'),
(1169, 'Karnataka', 'Bangarapet'),
(1170, 'Karnataka', 'Bannur'),
(1171, 'Karnataka', 'Bantval'),
(1172, 'Karnataka', 'Basavakalyan'),
(1173, 'Karnataka', 'Basavana Bagevadi'),
(1174, 'Karnataka', 'Belagavi'),
(1175, 'Karnataka', 'Belluru'),
(1176, 'Karnataka', 'Beltangadi'),
(1177, 'Karnataka', 'Belur'),
(1178, 'Karnataka', 'Bengaluru'),
(1179, 'Karnataka', 'Bhadravati'),
(1180, 'Karnataka', 'Bhalki'),
(1181, 'Karnataka', 'Bhatkal'),
(1182, 'Karnataka', 'Bidar'),
(1183, 'Karnataka', 'Bilgi'),
(1184, 'Karnataka', 'Birur'),
(1185, 'Karnataka', 'Byadgi'),
(1186, 'Karnataka', 'Byndoor'),
(1187, 'Karnataka', 'Canacona'),
(1188, 'Karnataka', 'Challakere'),
(1189, 'Karnataka', 'Chamrajnagar'),
(1190, 'Karnataka', 'Channagiri'),
(1191, 'Karnataka', 'Channapatna'),
(1192, 'Karnataka', 'Channarayapatna'),
(1193, 'Karnataka', 'Chik Ballapur'),
(1194, 'Karnataka', 'Chikkaballapur'),
(1195, 'Karnataka', 'Chikkamagaluru'),
(1196, 'Karnataka', 'Chiknayakanhalli'),
(1197, 'Karnataka', 'Chikodi'),
(1198, 'Karnataka', 'Chincholi'),
(1199, 'Karnataka', 'Chintamani'),
(1200, 'Karnataka', 'Chitapur'),
(1201, 'Karnataka', 'Chitradurga'),
(1202, 'Karnataka', 'Closepet'),
(1203, 'Karnataka', 'Coondapoor'),
(1204, 'Karnataka', 'Dakshina Kannada'),
(1205, 'Karnataka', 'Dandeli'),
(1206, 'Karnataka', 'Davanagere'),
(1207, 'Karnataka', 'Devanhalli'),
(1208, 'Karnataka', 'Dharwad'),
(1209, 'Karnataka', 'Dod Ballapur'),
(1210, 'Karnataka', 'French Rocks'),
(1211, 'Karnataka', 'Gadag'),
(1212, 'Karnataka', 'Gadag-Betageri'),
(1213, 'Karnataka', 'Gajendragarh'),
(1214, 'Karnataka', 'Gangawati'),
(1215, 'Karnataka', 'Gangolli'),
(1216, 'Karnataka', 'Gokak'),
(1217, 'Karnataka', 'Gokarna'),
(1218, 'Karnataka', 'Goribidnur'),
(1219, 'Karnataka', 'Gorur'),
(1220, 'Karnataka', 'Gubbi'),
(1221, 'Karnataka', 'Gudibanda'),
(1222, 'Karnataka', 'Guledagudda'),
(1223, 'Karnataka', 'Gundlupēt'),
(1224, 'Karnataka', 'Gurmatkal'),
(1225, 'Karnataka', 'Hadagalli'),
(1226, 'Karnataka', 'Haliyal'),
(1227, 'Karnataka', 'Hampi'),
(1228, 'Karnataka', 'Hangal'),
(1229, 'Karnataka', 'Harihar'),
(1230, 'Karnataka', 'Harpanahalli'),
(1231, 'Karnataka', 'Hassan'),
(1232, 'Karnataka', 'Haveri'),
(1233, 'Karnataka', 'Heggadadevankote'),
(1234, 'Karnataka', 'Hirekerur'),
(1235, 'Karnataka', 'Hiriyur'),
(1236, 'Karnataka', 'Holalkere'),
(1237, 'Karnataka', 'Hole Narsipur'),
(1238, 'Karnataka', 'Homnabad'),
(1239, 'Karnataka', 'Honavar'),
(1240, 'Karnataka', 'Honnali'),
(1241, 'Karnataka', 'Hosanagara'),
(1242, 'Karnataka', 'Hosangadi'),
(1243, 'Karnataka', 'Hosdurga'),
(1244, 'Karnataka', 'Hoskote'),
(1245, 'Karnataka', 'Hospet'),
(1246, 'Karnataka', 'Hubballi'),
(1247, 'Karnataka', 'Hukeri'),
(1248, 'Karnataka', 'Hungund'),
(1249, 'Karnataka', 'Hunsur'),
(1250, 'Karnataka', 'Ilkal'),
(1251, 'Karnataka', 'Indi'),
(1252, 'Karnataka', 'Jagalur'),
(1253, 'Karnataka', 'Jamkhandi'),
(1254, 'Karnataka', 'Jevargi'),
(1255, 'Karnataka', 'Kadur'),
(1256, 'Karnataka', 'Kalaburgi'),
(1257, 'Karnataka', 'Kalghatgi'),
(1258, 'Karnataka', 'Kampli'),
(1259, 'Karnataka', 'Kankanhalli'),
(1260, 'Karnataka', 'Karkala'),
(1261, 'Karnataka', 'Karwar'),
(1262, 'Karnataka', 'Kavalur'),
(1263, 'Karnataka', 'Kerur'),
(1264, 'Karnataka', 'Khanapur'),
(1265, 'Karnataka', 'Kodagu'),
(1266, 'Karnataka', 'Kodigenahalli'),
(1267, 'Karnataka', 'Kodlipet'),
(1268, 'Karnataka', 'Kolar'),
(1269, 'Karnataka', 'Kollegal'),
(1270, 'Karnataka', 'Konanur'),
(1271, 'Karnataka', 'Konnur'),
(1272, 'Karnataka', 'Koppa'),
(1273, 'Karnataka', 'Koppal'),
(1274, 'Karnataka', 'Koratagere'),
(1275, 'Karnataka', 'Kotturu'),
(1276, 'Karnataka', 'Krishnarajpet'),
(1277, 'Karnataka', 'Kudachi'),
(1278, 'Karnataka', 'Kudligi'),
(1279, 'Karnataka', 'Kumsi'),
(1280, 'Karnataka', 'Kumta'),
(1281, 'Karnataka', 'Kundgol'),
(1282, 'Karnataka', 'Kunigal'),
(1283, 'Karnataka', 'Kurgunta'),
(1284, 'Karnataka', 'Kushalnagar'),
(1285, 'Karnataka', 'Kushtagi'),
(1286, 'Karnataka', 'Lakshmeshwar'),
(1287, 'Karnataka', 'Lingsugur'),
(1288, 'Karnataka', 'Londa'),
(1289, 'Karnataka', 'Maddagiri'),
(1290, 'Karnataka', 'Maddur'),
(1291, 'Karnataka', 'Madikeri'),
(1292, 'Karnataka', 'Magadi'),
(1293, 'Karnataka', 'Mahalingpur'),
(1294, 'Karnataka', 'Malavalli'),
(1295, 'Karnataka', 'Malpe'),
(1296, 'Karnataka', 'Malur'),
(1297, 'Karnataka', 'Mandya'),
(1298, 'Karnataka', 'Mangaluru'),
(1299, 'Karnataka', 'Manipal'),
(1300, 'Karnataka', 'Manvi'),
(1301, 'Karnataka', 'Mayakonda'),
(1302, 'Karnataka', 'Melukote'),
(1303, 'Karnataka', 'Mudbidri'),
(1304, 'Karnataka', 'Muddebihal'),
(1305, 'Karnataka', 'Mudgal'),
(1306, 'Karnataka', 'Mudgere'),
(1307, 'Karnataka', 'Mudhol'),
(1308, 'Karnataka', 'Mulbagal'),
(1309, 'Karnataka', 'Mulgund'),
(1310, 'Karnataka', 'Mulki'),
(1311, 'Karnataka', 'Mundargi'),
(1312, 'Karnataka', 'Mundgod'),
(1313, 'Karnataka', 'Munirabad'),
(1314, 'Karnataka', 'Murudeshwara'),
(1315, 'Karnataka', 'Mysuru'),
(1316, 'Karnataka', 'Nagamangala'),
(1317, 'Karnataka', 'Nanjangud'),
(1318, 'Karnataka', 'Narasimharajapura'),
(1319, 'Karnataka', 'Naregal'),
(1320, 'Karnataka', 'Nargund'),
(1321, 'Karnataka', 'Navalgund'),
(1322, 'Karnataka', 'Nelamangala'),
(1323, 'Karnataka', 'Nyamti'),
(1324, 'Karnataka', 'Pangala'),
(1325, 'Karnataka', 'Pavugada'),
(1326, 'Karnataka', 'Piriyapatna'),
(1327, 'Karnataka', 'Ponnampet'),
(1328, 'Karnataka', 'Puttur'),
(1329, 'Karnataka', 'Rabkavi'),
(1330, 'Karnataka', 'Raichur'),
(1331, 'Karnataka', 'Ramanagara'),
(1332, 'Karnataka', 'Ranibennur'),
(1333, 'Karnataka', 'Raybag'),
(1334, 'Karnataka', 'Robertsonpet'),
(1335, 'Karnataka', 'Ron'),
(1336, 'Karnataka', 'Sadalgi'),
(1337, 'Karnataka', 'Sagar'),
(1338, 'Karnataka', 'Sakleshpur'),
(1339, 'Karnataka', 'Sandur'),
(1340, 'Karnataka', 'Sanivarsante'),
(1341, 'Karnataka', 'Sankeshwar'),
(1342, 'Karnataka', 'Sargur'),
(1343, 'Karnataka', 'Saundatti'),
(1344, 'Karnataka', 'Savanur'),
(1345, 'Karnataka', 'Seram'),
(1346, 'Karnataka', 'Shahabad'),
(1347, 'Karnataka', 'Shahpur'),
(1348, 'Karnataka', 'Shiggaon'),
(1349, 'Karnataka', 'Shikarpur'),
(1350, 'Karnataka', 'Shimoga'),
(1351, 'Karnataka', 'Shirhatti'),
(1352, 'Karnataka', 'Shorapur'),
(1353, 'Karnataka', 'Shrirangapattana'),
(1354, 'Karnataka', 'Siddapur'),
(1355, 'Karnataka', 'Sidlaghatta'),
(1356, 'Karnataka', 'Sindgi'),
(1357, 'Karnataka', 'Sindhnur'),
(1358, 'Karnataka', 'Sira'),
(1359, 'Karnataka', 'Sirsi'),
(1360, 'Karnataka', 'Siruguppa'),
(1361, 'Karnataka', 'Someshwar'),
(1362, 'Karnataka', 'Somvarpet'),
(1363, 'Karnataka', 'Sorab'),
(1364, 'Karnataka', 'Sravana Belgola'),
(1365, 'Karnataka', 'Sringeri'),
(1366, 'Karnataka', 'Srinivaspur'),
(1367, 'Karnataka', 'Sulya'),
(1368, 'Karnataka', 'Suntikoppa'),
(1369, 'Karnataka', 'Talikota'),
(1370, 'Karnataka', 'Tarikere'),
(1371, 'Karnataka', 'Tekkalakote'),
(1372, 'Karnataka', 'Terdal'),
(1373, 'Karnataka', 'Tiptur'),
(1374, 'Karnataka', 'Tirthahalli'),
(1375, 'Karnataka', 'Tirumakudal Narsipur'),
(1376, 'Karnataka', 'Tumakuru'),
(1377, 'Karnataka', 'Turuvekere'),
(1378, 'Karnataka', 'Udupi'),
(1379, 'Karnataka', 'Ullal'),
(1380, 'Karnataka', 'Uttar Kannada'),
(1381, 'Karnataka', 'Vadigenhalli'),
(1382, 'Karnataka', 'Vijayapura'),
(1383, 'Karnataka', 'Virarajendrapet'),
(1384, 'Karnataka', 'Wadi'),
(1385, 'Karnataka', 'Yadgir'),
(1386, 'Karnataka', 'Yelahanka'),
(1387, 'Karnataka', 'Yelandur'),
(1388, 'Karnataka', 'Yelbarga'),
(1389, 'Karnataka', 'Yellapur'),
(1390, 'Kerala', 'Adur'),
(1391, 'Kerala', 'Alappuzha'),
(1392, 'Kerala', 'Aluva'),
(1393, 'Kerala', 'Alwaye'),
(1394, 'Kerala', 'Angamali'),
(1395, 'Kerala', 'Aroor'),
(1396, 'Kerala', 'Arukutti'),
(1397, 'Kerala', 'Attingal'),
(1398, 'Kerala', 'Avanoor'),
(1399, 'Kerala', 'Azhikkal'),
(1400, 'Kerala', 'Badagara'),
(1401, 'Kerala', 'Beypore'),
(1402, 'Kerala', 'Changanacheri'),
(1403, 'Kerala', 'Chēlakara'),
(1404, 'Kerala', 'Chengannur'),
(1405, 'Kerala', 'Cherpulassery'),
(1406, 'Kerala', 'Cherthala'),
(1407, 'Kerala', 'Chetwayi'),
(1408, 'Kerala', 'Chittur'),
(1409, 'Kerala', 'Cochin'),
(1410, 'Kerala', 'Dharmadam'),
(1411, 'Kerala', 'Edakkulam'),
(1412, 'Kerala', 'Elur'),
(1413, 'Kerala', 'Erattupetta'),
(1414, 'Kerala', 'Ernakulam'),
(1415, 'Kerala', 'Ferokh'),
(1416, 'Kerala', 'Guruvayur'),
(1417, 'Kerala', 'Idukki'),
(1418, 'Kerala', 'Iringal'),
(1419, 'Kerala', 'Irinjalakuda'),
(1420, 'Kerala', 'Kadakkavoor'),
(1421, 'Kerala', 'Kalamassery'),
(1422, 'Kerala', 'Kalavoor'),
(1423, 'Kerala', 'Kalpatta'),
(1424, 'Kerala', 'Kannangad'),
(1425, 'Kerala', 'Kannavam'),
(1426, 'Kerala', 'Kannur'),
(1427, 'Kerala', 'Kasaragod'),
(1428, 'Kerala', 'Kasaragod District'),
(1429, 'Kerala', 'Kattanam'),
(1430, 'Kerala', 'Kayankulam'),
(1431, 'Kerala', 'Kizhake Chalakudi'),
(1432, 'Kerala', 'Kodungallur'),
(1433, 'Kerala', 'Kollam'),
(1434, 'Kerala', 'Kotamangalam'),
(1435, 'Kerala', 'Kottayam'),
(1436, 'Kerala', 'Kovalam'),
(1437, 'Kerala', 'Kozhikode'),
(1438, 'Kerala', 'Kumbalam'),
(1439, 'Kerala', 'Kunnamangalam'),
(1440, 'Kerala', 'Kunnamkulam'),
(1441, 'Kerala', 'Kunnumma'),
(1442, 'Kerala', 'Kutiatodu'),
(1443, 'Kerala', 'Kuttampuzha'),
(1444, 'Kerala', 'Lalam'),
(1445, 'Kerala', 'Mahē'),
(1446, 'Kerala', 'Malappuram'),
(1447, 'Kerala', 'Manjeri'),
(1448, 'Kerala', 'Manjēshvar'),
(1449, 'Kerala', 'Mannarakkat'),
(1450, 'Kerala', 'Marayur'),
(1451, 'Kerala', 'Mattanur'),
(1452, 'Kerala', 'Mavelikara'),
(1453, 'Kerala', 'Mavoor'),
(1454, 'Kerala', 'Muluppilagadu'),
(1455, 'Kerala', 'Munnar'),
(1456, 'Kerala', 'Muvattupula'),
(1457, 'Kerala', 'Muvattupuzha'),
(1458, 'Kerala', 'Nadapuram'),
(1459, 'Kerala', 'Naduvannur'),
(1460, 'Kerala', 'Nedumangad'),
(1461, 'Kerala', 'Neyyattinkara'),
(1462, 'Kerala', 'Nilēshwar'),
(1463, 'Kerala', 'Ottappalam'),
(1464, 'Kerala', 'Palackattumala'),
(1465, 'Kerala', 'Palakkad district'),
(1466, 'Kerala', 'Palghat'),
(1467, 'Kerala', 'Panamaram'),
(1468, 'Kerala', 'Pappinisshēri'),
(1469, 'Kerala', 'Paravur Tekkumbhagam'),
(1470, 'Kerala', 'Pariyapuram'),
(1471, 'Kerala', 'Pathanamthitta'),
(1472, 'Kerala', 'Pattanamtitta'),
(1473, 'Kerala', 'Payyannur'),
(1474, 'Kerala', 'Perumbavoor'),
(1475, 'Kerala', 'Perumpavur'),
(1476, 'Kerala', 'Perya'),
(1477, 'Kerala', 'Piravam'),
(1478, 'Kerala', 'Ponmana'),
(1479, 'Kerala', 'Ponnani'),
(1480, 'Kerala', 'Punalur'),
(1481, 'Kerala', 'Ramamangalam'),
(1482, 'Kerala', 'Shertallai'),
(1483, 'Kerala', 'Shōranur'),
(1484, 'Kerala', 'Talipparamba'),
(1485, 'Kerala', 'Tellicherry'),
(1486, 'Kerala', 'Thanniyam'),
(1487, 'Kerala', 'Thiruvananthapuram'),
(1488, 'Kerala', 'Thrissur'),
(1489, 'Kerala', 'Thrissur District'),
(1490, 'Kerala', 'Tirur'),
(1491, 'Kerala', 'Tiruvalla'),
(1492, 'Kerala', 'Vaikam'),
(1493, 'Kerala', 'Varkala'),
(1494, 'Kerala', 'Vayalar'),
(1495, 'Kerala', 'Vettur'),
(1496, 'Kerala', 'Wayanad'),
(1497, 'Ladakh', 'Kargil'),
(1498, 'Ladakh', 'Leh'),
(1499, 'Lakshadweep', 'Kavaratti'),
(1500, 'Madhya Pradesh', 'Agar'),
(1501, 'Madhya Pradesh', 'Ajaigarh'),
(1502, 'Madhya Pradesh', 'Akodia'),
(1503, 'Madhya Pradesh', 'Alampur'),
(1504, 'Madhya Pradesh', 'Alirajpur'),
(1505, 'Madhya Pradesh', 'Alot'),
(1506, 'Madhya Pradesh', 'Amanganj'),
(1507, 'Madhya Pradesh', 'Amarkantak'),
(1508, 'Madhya Pradesh', 'Amarpatan'),
(1509, 'Madhya Pradesh', 'Amarwara'),
(1510, 'Madhya Pradesh', 'Ambah'),
(1511, 'Madhya Pradesh', 'Amla'),
(1512, 'Madhya Pradesh', 'Anjad'),
(1513, 'Madhya Pradesh', 'Antri'),
(1514, 'Madhya Pradesh', 'Anuppur'),
(1515, 'Madhya Pradesh', 'Aron'),
(1516, 'Madhya Pradesh', 'Ashoknagar'),
(1517, 'Madhya Pradesh', 'Ashta'),
(1518, 'Madhya Pradesh', 'Babai'),
(1519, 'Madhya Pradesh', 'Badarwas'),
(1520, 'Madhya Pradesh', 'Badnawar'),
(1521, 'Madhya Pradesh', 'Bag'),
(1522, 'Madhya Pradesh', 'Bagli'),
(1523, 'Madhya Pradesh', 'Baihar'),
(1524, 'Madhya Pradesh', 'Baikunthpur'),
(1525, 'Madhya Pradesh', 'Bakshwaho'),
(1526, 'Madhya Pradesh', 'Balaghat'),
(1527, 'Madhya Pradesh', 'Baldeogarh'),
(1528, 'Madhya Pradesh', 'Bamna'),
(1529, 'Madhya Pradesh', 'Bamor Kalan'),
(1530, 'Madhya Pradesh', 'Bamora'),
(1531, 'Madhya Pradesh', 'Banda'),
(1532, 'Madhya Pradesh', 'Barela'),
(1533, 'Madhya Pradesh', 'Barghat'),
(1534, 'Madhya Pradesh', 'Bargi'),
(1535, 'Madhya Pradesh', 'Barhi'),
(1536, 'Madhya Pradesh', 'Barwani'),
(1537, 'Madhya Pradesh', 'Basoda'),
(1538, 'Madhya Pradesh', 'Begamganj'),
(1539, 'Madhya Pradesh', 'Beohari'),
(1540, 'Madhya Pradesh', 'Berasia'),
(1541, 'Madhya Pradesh', 'Betma'),
(1542, 'Madhya Pradesh', 'Betul'),
(1543, 'Madhya Pradesh', 'Betul Bazar'),
(1544, 'Madhya Pradesh', 'Bhabhra'),
(1545, 'Madhya Pradesh', 'Bhainsdehi'),
(1546, 'Madhya Pradesh', 'Bhander'),
(1547, 'Madhya Pradesh', 'Bhanpura'),
(1548, 'Madhya Pradesh', 'Bhawaniganj'),
(1549, 'Madhya Pradesh', 'Bhikangaon'),
(1550, 'Madhya Pradesh', 'Bhind'),
(1551, 'Madhya Pradesh', 'Bhitarwar'),
(1552, 'Madhya Pradesh', 'Bhopal'),
(1553, 'Madhya Pradesh', 'Biaora'),
(1554, 'Madhya Pradesh', 'Bijawar'),
(1555, 'Madhya Pradesh', 'Bijrauni'),
(1556, 'Madhya Pradesh', 'Bodri'),
(1557, 'Madhya Pradesh', 'Burhanpur'),
(1558, 'Madhya Pradesh', 'Burhar'),
(1559, 'Madhya Pradesh', 'Chanderi'),
(1560, 'Madhya Pradesh', 'Chandia'),
(1561, 'Madhya Pradesh', 'Chandla'),
(1562, 'Madhya Pradesh', 'Chhatarpur'),
(1563, 'Madhya Pradesh', 'Chhindwara'),
(1564, 'Madhya Pradesh', 'Chichli'),
(1565, 'Madhya Pradesh', 'Chorhat'),
(1566, 'Madhya Pradesh', 'Daboh'),
(1567, 'Madhya Pradesh', 'Dabra'),
(1568, 'Madhya Pradesh', 'Damoh'),
(1569, 'Madhya Pradesh', 'Datia'),
(1570, 'Madhya Pradesh', 'Deori Khas'),
(1571, 'Madhya Pradesh', 'Depalpur'),
(1572, 'Madhya Pradesh', 'Dewas'),
(1573, 'Madhya Pradesh', 'Dhamnod'),
(1574, 'Madhya Pradesh', 'Dhana'),
(1575, 'Madhya Pradesh', 'Dhar'),
(1576, 'Madhya Pradesh', 'Dharampuri'),
(1577, 'Madhya Pradesh', 'Dindori'),
(1578, 'Madhya Pradesh', 'Etawa'),
(1579, 'Madhya Pradesh', 'Gadarwara'),
(1580, 'Madhya Pradesh', 'Garha Brahman'),
(1581, 'Madhya Pradesh', 'Garhakota'),
(1582, 'Madhya Pradesh', 'Gautampura'),
(1583, 'Madhya Pradesh', 'Ghansor'),
(1584, 'Madhya Pradesh', 'Gogapur'),
(1585, 'Madhya Pradesh', 'Gohadi'),
(1586, 'Madhya Pradesh', 'Govindgarh'),
(1587, 'Madhya Pradesh', 'Guna'),
(1588, 'Madhya Pradesh', 'Gurh'),
(1589, 'Madhya Pradesh', 'Gwalior'),
(1590, 'Madhya Pradesh', 'Harda'),
(1591, 'Madhya Pradesh', 'Harda Khas'),
(1592, 'Madhya Pradesh', 'Harpalpur'),
(1593, 'Madhya Pradesh', 'Harrai'),
(1594, 'Madhya Pradesh', 'Harsud'),
(1595, 'Madhya Pradesh', 'Hatod'),
(1596, 'Madhya Pradesh', 'Hatta'),
(1597, 'Madhya Pradesh', 'Hindoria'),
(1598, 'Madhya Pradesh', 'Hoshangabad'),
(1599, 'Madhya Pradesh', 'Iawar'),
(1600, 'Madhya Pradesh', 'Ichhawar'),
(1601, 'Madhya Pradesh', 'Iklehra'),
(1602, 'Madhya Pradesh', 'Indore'),
(1603, 'Madhya Pradesh', 'Isagarh'),
(1604, 'Madhya Pradesh', 'Itarsi'),
(1605, 'Madhya Pradesh', 'Jabalpur'),
(1606, 'Madhya Pradesh', 'Jaisinghnagar'),
(1607, 'Madhya Pradesh', 'Jaithari'),
(1608, 'Madhya Pradesh', 'Jamai'),
(1609, 'Madhya Pradesh', 'Jaora'),
(1610, 'Madhya Pradesh', 'Jatara'),
(1611, 'Madhya Pradesh', 'Jawad'),
(1612, 'Madhya Pradesh', 'Jhabua'),
(1613, 'Madhya Pradesh', 'Jiran'),
(1614, 'Madhya Pradesh', 'Jobat'),
(1615, 'Madhya Pradesh', 'Kailaras'),
(1616, 'Madhya Pradesh', 'Kaimori'),
(1617, 'Madhya Pradesh', 'Kannod'),
(1618, 'Madhya Pradesh', 'Kareli'),
(1619, 'Madhya Pradesh', 'Karera'),
(1620, 'Madhya Pradesh', 'Karrapur'),
(1621, 'Madhya Pradesh', 'Kasrawad'),
(1622, 'Madhya Pradesh', 'Katangi'),
(1623, 'Madhya Pradesh', 'Katni'),
(1624, 'Madhya Pradesh', 'Khachrod'),
(1625, 'Madhya Pradesh', 'Khailar'),
(1626, 'Madhya Pradesh', 'Khajuraho Group of Monuments'),
(1627, 'Madhya Pradesh', 'Khamaria'),
(1628, 'Madhya Pradesh', 'Khandwa'),
(1629, 'Madhya Pradesh', 'Khandwa district');
INSERT INTO `cities` (`id`, `State`, `Location`) VALUES
(1630, 'Madhya Pradesh', 'Khargapur'),
(1631, 'Madhya Pradesh', 'Khargone'),
(1632, 'Madhya Pradesh', 'Khategaon'),
(1633, 'Madhya Pradesh', 'Khilchipur'),
(1634, 'Madhya Pradesh', 'Khirkiyan'),
(1635, 'Madhya Pradesh', 'Khujner'),
(1636, 'Madhya Pradesh', 'Khurai'),
(1637, 'Madhya Pradesh', 'Kolaras'),
(1638, 'Madhya Pradesh', 'Korwai'),
(1639, 'Madhya Pradesh', 'Kotar'),
(1640, 'Madhya Pradesh', 'Kothi'),
(1641, 'Madhya Pradesh', 'Kotma'),
(1642, 'Madhya Pradesh', 'Kotwa'),
(1643, 'Madhya Pradesh', 'Kukshi'),
(1644, 'Madhya Pradesh', 'Kumbhraj'),
(1645, 'Madhya Pradesh', 'Lahar'),
(1646, 'Madhya Pradesh', 'Lakhnadon'),
(1647, 'Madhya Pradesh', 'Leteri'),
(1648, 'Madhya Pradesh', 'Lodhikheda'),
(1649, 'Madhya Pradesh', 'Machalpur'),
(1650, 'Madhya Pradesh', 'Madhogarh'),
(1651, 'Madhya Pradesh', 'Maheshwar'),
(1652, 'Madhya Pradesh', 'Mahgawan'),
(1653, 'Madhya Pradesh', 'Maihar'),
(1654, 'Madhya Pradesh', 'Majholi'),
(1655, 'Madhya Pradesh', 'Maksi'),
(1656, 'Madhya Pradesh', 'Malhargarh'),
(1657, 'Madhya Pradesh', 'Manasa'),
(1658, 'Madhya Pradesh', 'Manawar'),
(1659, 'Madhya Pradesh', 'Mandideep'),
(1660, 'Madhya Pradesh', 'Mandla'),
(1661, 'Madhya Pradesh', 'Mandleshwar'),
(1662, 'Madhya Pradesh', 'Mandsaur'),
(1663, 'Madhya Pradesh', 'Mangawan'),
(1664, 'Madhya Pradesh', 'Manpur'),
(1665, 'Madhya Pradesh', 'Mau'),
(1666, 'Madhya Pradesh', 'Mauganj'),
(1667, 'Madhya Pradesh', 'Mihona'),
(1668, 'Madhya Pradesh', 'Mohgaon'),
(1669, 'Madhya Pradesh', 'Morar'),
(1670, 'Madhya Pradesh', 'Morena'),
(1671, 'Madhya Pradesh', 'Multai'),
(1672, 'Madhya Pradesh', 'Mundi'),
(1673, 'Madhya Pradesh', 'Mungaoli'),
(1674, 'Madhya Pradesh', 'Murwara'),
(1675, 'Madhya Pradesh', 'Nagda'),
(1676, 'Madhya Pradesh', 'Nagod'),
(1677, 'Madhya Pradesh', 'Naigarhi'),
(1678, 'Madhya Pradesh', 'Nainpur'),
(1679, 'Madhya Pradesh', 'Namli'),
(1680, 'Madhya Pradesh', 'Naraini'),
(1681, 'Madhya Pradesh', 'Narayangarh'),
(1682, 'Madhya Pradesh', 'Narsimhapur'),
(1683, 'Madhya Pradesh', 'Narsinghgarh'),
(1684, 'Madhya Pradesh', 'Narwar'),
(1685, 'Madhya Pradesh', 'Nasrullahganj'),
(1686, 'Madhya Pradesh', 'Neemuch'),
(1687, 'Madhya Pradesh', 'Nepanagar'),
(1688, 'Madhya Pradesh', 'Orchha'),
(1689, 'Madhya Pradesh', 'Pachmarhi'),
(1690, 'Madhya Pradesh', 'Palera'),
(1691, 'Madhya Pradesh', 'Pali'),
(1692, 'Madhya Pradesh', 'Panagar'),
(1693, 'Madhya Pradesh', 'Panara'),
(1694, 'Madhya Pradesh', 'Pandhana'),
(1695, 'Madhya Pradesh', 'Pandhurna'),
(1696, 'Madhya Pradesh', 'Panna'),
(1697, 'Madhya Pradesh', 'Pansemal'),
(1698, 'Madhya Pradesh', 'Parasia'),
(1699, 'Madhya Pradesh', 'Patan'),
(1700, 'Madhya Pradesh', 'Patharia'),
(1701, 'Madhya Pradesh', 'Pawai'),
(1702, 'Madhya Pradesh', 'Petlawad'),
(1703, 'Madhya Pradesh', 'Piploda'),
(1704, 'Madhya Pradesh', 'Pithampur'),
(1705, 'Madhya Pradesh', 'Porsa'),
(1706, 'Madhya Pradesh', 'Punasa'),
(1707, 'Madhya Pradesh', 'Raghogarh'),
(1708, 'Madhya Pradesh', 'Rahatgarh'),
(1709, 'Madhya Pradesh', 'Raisen'),
(1710, 'Madhya Pradesh', 'Rajgarh'),
(1711, 'Madhya Pradesh', 'Rajnagar'),
(1712, 'Madhya Pradesh', 'Rajpur'),
(1713, 'Madhya Pradesh', 'Rampura'),
(1714, 'Madhya Pradesh', 'Ranapur'),
(1715, 'Madhya Pradesh', 'Ratangarh'),
(1716, 'Madhya Pradesh', 'Ratlam'),
(1717, 'Madhya Pradesh', 'Rehli'),
(1718, 'Madhya Pradesh', 'Rehti'),
(1719, 'Madhya Pradesh', 'Rewa'),
(1720, 'Madhya Pradesh', 'Sabalgarh'),
(1721, 'Madhya Pradesh', 'Sagar'),
(1722, 'Madhya Pradesh', 'Sailana'),
(1723, 'Madhya Pradesh', 'Sanawad'),
(1724, 'Madhya Pradesh', 'Sanchi'),
(1725, 'Madhya Pradesh', 'Sanwer'),
(1726, 'Madhya Pradesh', 'Sarangpur'),
(1727, 'Madhya Pradesh', 'Satna'),
(1728, 'Madhya Pradesh', 'Satwas'),
(1729, 'Madhya Pradesh', 'Saugor'),
(1730, 'Madhya Pradesh', 'Sausar'),
(1731, 'Madhya Pradesh', 'Sehore'),
(1732, 'Madhya Pradesh', 'Sendhwa'),
(1733, 'Madhya Pradesh', 'Seondha'),
(1734, 'Madhya Pradesh', 'Seoni'),
(1735, 'Madhya Pradesh', 'Seoni Malwa'),
(1736, 'Madhya Pradesh', 'Shahdol'),
(1737, 'Madhya Pradesh', 'Shahgarh'),
(1738, 'Madhya Pradesh', 'Shahpur'),
(1739, 'Madhya Pradesh', 'Shahpura'),
(1740, 'Madhya Pradesh', 'Shajapur'),
(1741, 'Madhya Pradesh', 'Shamgarh'),
(1742, 'Madhya Pradesh', 'Sheopur'),
(1743, 'Madhya Pradesh', 'Shivpuri'),
(1744, 'Madhya Pradesh', 'Shujalpur'),
(1745, 'Madhya Pradesh', 'Sidhi'),
(1746, 'Madhya Pradesh', 'Sihora'),
(1747, 'Madhya Pradesh', 'Simaria'),
(1748, 'Madhya Pradesh', 'Singoli'),
(1749, 'Madhya Pradesh', 'Singrauli'),
(1750, 'Madhya Pradesh', 'Sirmaur'),
(1751, 'Madhya Pradesh', 'Sironj'),
(1752, 'Madhya Pradesh', 'Sitamau'),
(1753, 'Madhya Pradesh', 'Sohagi'),
(1754, 'Madhya Pradesh', 'Sohagpur'),
(1755, 'Madhya Pradesh', 'Sultanpur'),
(1756, 'Madhya Pradesh', 'Susner'),
(1757, 'Madhya Pradesh', 'Tal'),
(1758, 'Madhya Pradesh', 'Talen'),
(1759, 'Madhya Pradesh', 'Tarana'),
(1760, 'Madhya Pradesh', 'Tekanpur'),
(1761, 'Madhya Pradesh', 'Tendukheda'),
(1762, 'Madhya Pradesh', 'Teonthar'),
(1763, 'Madhya Pradesh', 'Thandla'),
(1764, 'Madhya Pradesh', 'Tikamgarh'),
(1765, 'Madhya Pradesh', 'Tirodi'),
(1766, 'Madhya Pradesh', 'Udaipura'),
(1767, 'Madhya Pradesh', 'Ujjain'),
(1768, 'Madhya Pradesh', 'Ukwa'),
(1769, 'Madhya Pradesh', 'Umaria'),
(1770, 'Madhya Pradesh', 'Umaria District'),
(1771, 'Madhya Pradesh', 'Umri'),
(1772, 'Madhya Pradesh', 'Unhel'),
(1773, 'Madhya Pradesh', 'Vidisha'),
(1774, 'Madhya Pradesh', 'Waraseoni'),
(1775, 'Maharashtra', 'Achalpur'),
(1776, 'Maharashtra', 'Adawad'),
(1777, 'Maharashtra', 'Agar Panchaitan'),
(1778, 'Maharashtra', 'Aheri'),
(1779, 'Maharashtra', 'Ahiri'),
(1780, 'Maharashtra', 'Ahmadnagar'),
(1781, 'Maharashtra', 'Ahmadpur'),
(1782, 'Maharashtra', 'Ahmednagar'),
(1783, 'Maharashtra', 'Airoli'),
(1784, 'Maharashtra', 'Ajra'),
(1785, 'Maharashtra', 'Akalkot'),
(1786, 'Maharashtra', 'Akkalkot'),
(1787, 'Maharashtra', 'Akluj'),
(1788, 'Maharashtra', 'Akola'),
(1789, 'Maharashtra', 'Akolner'),
(1790, 'Maharashtra', 'Akot'),
(1791, 'Maharashtra', 'Akrani'),
(1792, 'Maharashtra', 'Alandi'),
(1793, 'Maharashtra', 'Ale'),
(1794, 'Maharashtra', 'Alibag'),
(1795, 'Maharashtra', 'Alkuti'),
(1796, 'Maharashtra', 'Allapalli'),
(1797, 'Maharashtra', 'Amalner'),
(1798, 'Maharashtra', 'Amarnath'),
(1799, 'Maharashtra', 'Ambad'),
(1800, 'Maharashtra', 'Ambajogai'),
(1801, 'Maharashtra', 'Ambarnath'),
(1802, 'Maharashtra', 'Ambegaon'),
(1803, 'Maharashtra', 'Amgaon'),
(1804, 'Maharashtra', 'Amravati'),
(1805, 'Maharashtra', 'Amravati Division'),
(1806, 'Maharashtra', 'Andheri'),
(1807, 'Maharashtra', 'Andura'),
(1808, 'Maharashtra', 'Anjangaon'),
(1809, 'Maharashtra', 'Anjarle'),
(1810, 'Maharashtra', 'Anshing'),
(1811, 'Maharashtra', 'Arag'),
(1812, 'Maharashtra', 'Arangaon'),
(1813, 'Maharashtra', 'Ardhapur'),
(1814, 'Maharashtra', 'Argaon'),
(1815, 'Maharashtra', 'Artist Village'),
(1816, 'Maharashtra', 'Arvi'),
(1817, 'Maharashtra', 'Ashta'),
(1818, 'Maharashtra', 'Ashti'),
(1819, 'Maharashtra', 'Asoda'),
(1820, 'Maharashtra', 'Assaye'),
(1821, 'Maharashtra', 'Astagaon'),
(1822, 'Maharashtra', 'Aundh, Satara'),
(1823, 'Maharashtra', 'Aurangabad'),
(1824, 'Maharashtra', 'Ausa'),
(1825, 'Maharashtra', 'Badlapur'),
(1826, 'Maharashtra', 'Badnapur'),
(1827, 'Maharashtra', 'Badnera'),
(1828, 'Maharashtra', 'Bagewadi'),
(1829, 'Maharashtra', 'Balapur'),
(1830, 'Maharashtra', 'Balapur, Akola district'),
(1831, 'Maharashtra', 'Ballalpur'),
(1832, 'Maharashtra', 'Ballard Estate'),
(1833, 'Maharashtra', 'Ballarpur'),
(1834, 'Maharashtra', 'Banda, Maharashtra'),
(1835, 'Maharashtra', 'Bandra'),
(1836, 'Maharashtra', 'Baner'),
(1837, 'Maharashtra', 'Bankot'),
(1838, 'Maharashtra', 'Baramati'),
(1839, 'Maharashtra', 'Barsi'),
(1840, 'Maharashtra', 'Basmat'),
(1841, 'Maharashtra', 'Basmath'),
(1842, 'Maharashtra', 'Bavdhan'),
(1843, 'Maharashtra', 'Bawanbir'),
(1844, 'Maharashtra', 'Beed'),
(1845, 'Maharashtra', 'Bhadgaon, Maharashtra'),
(1846, 'Maharashtra', 'Bhandara'),
(1847, 'Maharashtra', 'Bhandardara'),
(1848, 'Maharashtra', 'Bhandup'),
(1849, 'Maharashtra', 'Bhayandar'),
(1850, 'Maharashtra', 'Bhigvan'),
(1851, 'Maharashtra', 'Bhiwandi'),
(1852, 'Maharashtra', 'Bhiwapur'),
(1853, 'Maharashtra', 'Bhokar'),
(1854, 'Maharashtra', 'Bhokardan'),
(1855, 'Maharashtra', 'Bhoom'),
(1856, 'Maharashtra', 'Bhor'),
(1857, 'Maharashtra', 'Bhudgaon'),
(1858, 'Maharashtra', 'Bhugaon'),
(1859, 'Maharashtra', 'Bhum'),
(1860, 'Maharashtra', 'Bhusaval'),
(1861, 'Maharashtra', 'Bhusawal'),
(1862, 'Maharashtra', 'Bid'),
(1863, 'Maharashtra', 'Bijur'),
(1864, 'Maharashtra', 'Bilashi'),
(1865, 'Maharashtra', 'Biloli'),
(1866, 'Maharashtra', 'Boisar'),
(1867, 'Maharashtra', 'Borgaon Manju'),
(1868, 'Maharashtra', 'Borivali'),
(1869, 'Maharashtra', 'Borivli'),
(1870, 'Maharashtra', 'Brahmapuri'),
(1871, 'Maharashtra', 'Breach Candy'),
(1872, 'Maharashtra', 'Buldana'),
(1873, 'Maharashtra', 'Buldhana'),
(1874, 'Maharashtra', 'Byculla'),
(1875, 'Maharashtra', 'Chakan'),
(1876, 'Maharashtra', 'Chakur'),
(1877, 'Maharashtra', 'Chalisgaon'),
(1878, 'Maharashtra', 'Chanda'),
(1879, 'Maharashtra', 'Chandgad'),
(1880, 'Maharashtra', 'Chandor'),
(1881, 'Maharashtra', 'Chandrapur'),
(1882, 'Maharashtra', 'Chandur'),
(1883, 'Maharashtra', 'Chandur Bazar'),
(1884, 'Maharashtra', 'Chausala'),
(1885, 'Maharashtra', 'Chembur'),
(1886, 'Maharashtra', 'Chicholi'),
(1887, 'Maharashtra', 'Chichondi Patil'),
(1888, 'Maharashtra', 'Chikhli (Buldhana)'),
(1889, 'Maharashtra', 'Chikhli (Jalna)'),
(1890, 'Maharashtra', 'Chimur'),
(1891, 'Maharashtra', 'Chinchani'),
(1892, 'Maharashtra', 'Chinchpokli'),
(1893, 'Maharashtra', 'Chiplun'),
(1894, 'Maharashtra', 'Chopda'),
(1895, 'Maharashtra', 'Colaba'),
(1896, 'Maharashtra', 'Dabhol'),
(1897, 'Maharashtra', 'Daddi'),
(1898, 'Maharashtra', 'Dahanu'),
(1899, 'Maharashtra', 'Dahivel'),
(1900, 'Maharashtra', 'Dapoli'),
(1901, 'Maharashtra', 'Darwha'),
(1902, 'Maharashtra', 'Daryapur'),
(1903, 'Maharashtra', 'Dattapur'),
(1904, 'Maharashtra', 'Daulatabad'),
(1905, 'Maharashtra', 'Daund'),
(1906, 'Maharashtra', 'Deccan Gymkhana'),
(1907, 'Maharashtra', 'Deglur'),
(1908, 'Maharashtra', 'Dehu'),
(1909, 'Maharashtra', 'Deolali'),
(1910, 'Maharashtra', 'Deolapar'),
(1911, 'Maharashtra', 'Deoli'),
(1912, 'Maharashtra', 'Deoni'),
(1913, 'Maharashtra', 'Deulgaon Raja'),
(1914, 'Maharashtra', 'Devrukh'),
(1915, 'Maharashtra', 'Dharangaon'),
(1916, 'Maharashtra', 'Dharavi'),
(1917, 'Maharashtra', 'Dharmabad'),
(1918, 'Maharashtra', 'Dharur'),
(1919, 'Maharashtra', 'Dhawalpuri'),
(1920, 'Maharashtra', 'Dhule'),
(1921, 'Maharashtra', 'Dhulia'),
(1922, 'Maharashtra', 'Dighori'),
(1923, 'Maharashtra', 'Diglur'),
(1924, 'Maharashtra', 'Digras'),
(1925, 'Maharashtra', 'Dindori, Maharashtra'),
(1926, 'Maharashtra', 'Diveagar'),
(1927, 'Maharashtra', 'Dombivli'),
(1928, 'Maharashtra', 'Dondaicha'),
(1929, 'Maharashtra', 'Dongri'),
(1930, 'Maharashtra', 'Dudhani'),
(1931, 'Maharashtra', 'Durgapur'),
(1932, 'Maharashtra', 'Durgapur, Chandrapur'),
(1933, 'Maharashtra', 'Erandol'),
(1934, 'Maharashtra', 'Faizpur'),
(1935, 'Maharashtra', 'Fort'),
(1936, 'Maharashtra', 'Gadchiroli'),
(1937, 'Maharashtra', 'Gadhinglaj'),
(1938, 'Maharashtra', 'Gangakher'),
(1939, 'Maharashtra', 'Gangapur'),
(1940, 'Maharashtra', 'Ganpatipule'),
(1941, 'Maharashtra', 'Gevrai'),
(1942, 'Maharashtra', 'Ghargaon'),
(1943, 'Maharashtra', 'Ghatanji'),
(1944, 'Maharashtra', 'Ghatkopar'),
(1945, 'Maharashtra', 'Ghoti Budrukh'),
(1946, 'Maharashtra', 'Ghugus'),
(1947, 'Maharashtra', 'Girgaon'),
(1948, 'Maharashtra', 'Gondia'),
(1949, 'Maharashtra', 'Gondiya'),
(1950, 'Maharashtra', 'Gorai'),
(1951, 'Maharashtra', 'Goregaon'),
(1952, 'Maharashtra', 'Guhagar'),
(1953, 'Maharashtra', 'Hadapsar, Pune'),
(1954, 'Maharashtra', 'Hadgaon'),
(1955, 'Maharashtra', 'Halkarni'),
(1956, 'Maharashtra', 'Harangul'),
(1957, 'Maharashtra', 'Harnai'),
(1958, 'Maharashtra', 'Helwak'),
(1959, 'Maharashtra', 'Hinganghat'),
(1960, 'Maharashtra', 'Hingoli'),
(1961, 'Maharashtra', 'Hirapur'),
(1962, 'Maharashtra', 'Hirapur Hamesha'),
(1963, 'Maharashtra', 'Hotgi'),
(1964, 'Maharashtra', 'Ichalkaranji'),
(1965, 'Maharashtra', 'Igatpuri'),
(1966, 'Maharashtra', 'Indapur'),
(1967, 'Maharashtra', 'Jaisingpur'),
(1968, 'Maharashtra', 'Jaitapur'),
(1969, 'Maharashtra', 'Jakhangaon'),
(1970, 'Maharashtra', 'Jalgaon'),
(1971, 'Maharashtra', 'Jalgaon Jamod'),
(1972, 'Maharashtra', 'Jalkot'),
(1973, 'Maharashtra', 'Jalna'),
(1974, 'Maharashtra', 'Jamkhed'),
(1975, 'Maharashtra', 'Jamod'),
(1976, 'Maharashtra', 'Janephal'),
(1977, 'Maharashtra', 'Jaoli'),
(1978, 'Maharashtra', 'Jat, Sangli'),
(1979, 'Maharashtra', 'Jategaon'),
(1980, 'Maharashtra', 'Jawhar'),
(1981, 'Maharashtra', 'Jaysingpur'),
(1982, 'Maharashtra', 'Jejuri'),
(1983, 'Maharashtra', 'Jintur'),
(1984, 'Maharashtra', 'Jogeshwari'),
(1985, 'Maharashtra', 'Juhu'),
(1986, 'Maharashtra', 'Junnar'),
(1987, 'Maharashtra', 'Kachurwahi'),
(1988, 'Maharashtra', 'Kadegaon'),
(1989, 'Maharashtra', 'Kadus'),
(1990, 'Maharashtra', 'Kagal'),
(1991, 'Maharashtra', 'Kaij'),
(1992, 'Maharashtra', 'Kalamb'),
(1993, 'Maharashtra', 'Kalamb, Osmanabad'),
(1994, 'Maharashtra', 'Kalamboli'),
(1995, 'Maharashtra', 'Kalamnuri'),
(1996, 'Maharashtra', 'Kalas'),
(1997, 'Maharashtra', 'Kali(DK)'),
(1998, 'Maharashtra', 'Kalmeshwar'),
(1999, 'Maharashtra', 'Kalundri'),
(2000, 'Maharashtra', 'Kalyan'),
(2001, 'Maharashtra', 'Kalyani Nagar'),
(2002, 'Maharashtra', 'Kamargaon'),
(2003, 'Maharashtra', 'Kamatgi'),
(2004, 'Maharashtra', 'Kamptee'),
(2005, 'Maharashtra', 'Kamthi'),
(2006, 'Maharashtra', 'Kandri'),
(2007, 'Maharashtra', 'Kankauli'),
(2008, 'Maharashtra', 'Kankavli'),
(2009, 'Maharashtra', 'Kannad'),
(2010, 'Maharashtra', 'Karad'),
(2011, 'Maharashtra', 'Karajagi'),
(2012, 'Maharashtra', 'Karanja'),
(2013, 'Maharashtra', 'Karanja Lad'),
(2014, 'Maharashtra', 'Karjat'),
(2015, 'Maharashtra', 'Karkamb'),
(2016, 'Maharashtra', 'Karmala'),
(2017, 'Maharashtra', 'Kasara'),
(2018, 'Maharashtra', 'Kasoda'),
(2019, 'Maharashtra', 'Kati'),
(2020, 'Maharashtra', 'Katol'),
(2021, 'Maharashtra', 'Katral'),
(2022, 'Maharashtra', 'Khadki'),
(2023, 'Maharashtra', 'Khalapur'),
(2024, 'Maharashtra', 'Khallar'),
(2025, 'Maharashtra', 'Khamgaon'),
(2026, 'Maharashtra', 'Khanapur'),
(2027, 'Maharashtra', 'Khandala'),
(2028, 'Maharashtra', 'Khangaon'),
(2029, 'Maharashtra', 'Khapa'),
(2030, 'Maharashtra', 'Kharakvasla'),
(2031, 'Maharashtra', 'Kharda'),
(2032, 'Maharashtra', 'Kharghar'),
(2033, 'Maharashtra', 'Kharsundi'),
(2034, 'Maharashtra', 'Khed'),
(2035, 'Maharashtra', 'Khede'),
(2036, 'Maharashtra', 'Khetia'),
(2037, 'Maharashtra', 'Khoni'),
(2038, 'Maharashtra', 'Khopoli'),
(2039, 'Maharashtra', 'Khuldabad'),
(2040, 'Maharashtra', 'Kinwat'),
(2041, 'Maharashtra', 'Kodoli'),
(2042, 'Maharashtra', 'Kolhapur'),
(2043, 'Maharashtra', 'Kondalwadi'),
(2044, 'Maharashtra', 'Kondhali'),
(2045, 'Maharashtra', 'Kopar Khairane'),
(2046, 'Maharashtra', 'Kopargaon'),
(2047, 'Maharashtra', 'Kopela'),
(2048, 'Maharashtra', 'Koradi'),
(2049, 'Maharashtra', 'Koregaon'),
(2050, 'Maharashtra', 'Koynanagar'),
(2051, 'Maharashtra', 'Kudal'),
(2052, 'Maharashtra', 'Kuhi'),
(2053, 'Maharashtra', 'Kurandvad'),
(2054, 'Maharashtra', 'Kurankhed'),
(2055, 'Maharashtra', 'Kurduvadi'),
(2056, 'Maharashtra', 'Kusumba'),
(2057, 'Maharashtra', 'Lakhandur'),
(2058, 'Maharashtra', 'Lanja'),
(2059, 'Maharashtra', 'Lasalgaon'),
(2060, 'Maharashtra', 'Latur'),
(2061, 'Maharashtra', 'Lavasa'),
(2062, 'Maharashtra', 'Lohogaon'),
(2063, 'Maharashtra', 'Lonar'),
(2064, 'Maharashtra', 'Lonavla'),
(2065, 'Maharashtra', 'Mahabaleshwar'),
(2066, 'Maharashtra', 'Mahad'),
(2067, 'Maharashtra', 'Mahape'),
(2068, 'Maharashtra', 'Mahim'),
(2069, 'Maharashtra', 'Maindargi'),
(2070, 'Maharashtra', 'Majalgaon'),
(2071, 'Maharashtra', 'Makhjan'),
(2072, 'Maharashtra', 'Malabar Hill'),
(2073, 'Maharashtra', 'Malad'),
(2074, 'Maharashtra', 'Malegaon'),
(2075, 'Maharashtra', 'Malkapur'),
(2076, 'Maharashtra', 'Malvan'),
(2077, 'Maharashtra', 'Manchar'),
(2078, 'Maharashtra', 'Mandangad'),
(2079, 'Maharashtra', 'Mandhal'),
(2080, 'Maharashtra', 'Mandwa'),
(2081, 'Maharashtra', 'Mangaon'),
(2082, 'Maharashtra', 'Mangrul Pir'),
(2083, 'Maharashtra', 'Manjlegaon'),
(2084, 'Maharashtra', 'Mankeshwar'),
(2085, 'Maharashtra', 'Mankhurd'),
(2086, 'Maharashtra', 'Manmad'),
(2087, 'Maharashtra', 'Manor'),
(2088, 'Maharashtra', 'Mansar'),
(2089, 'Maharashtra', 'Manwat'),
(2090, 'Maharashtra', 'Manwath'),
(2091, 'Maharashtra', 'Maregaon'),
(2092, 'Maharashtra', 'Mastiholi'),
(2093, 'Maharashtra', 'Masur, India'),
(2094, 'Maharashtra', 'Matheran'),
(2095, 'Maharashtra', 'Matunga'),
(2096, 'Maharashtra', 'Mazagaon'),
(2097, 'Maharashtra', 'Mehekar'),
(2098, 'Maharashtra', 'Mehergaon'),
(2099, 'Maharashtra', 'Mehkar'),
(2100, 'Maharashtra', 'Mhasla'),
(2101, 'Maharashtra', 'Mhasvad'),
(2102, 'Maharashtra', 'Miraj'),
(2103, 'Maharashtra', 'Mohadi'),
(2104, 'Maharashtra', 'Mohol'),
(2105, 'Maharashtra', 'Mohpa'),
(2106, 'Maharashtra', 'Mokhada taluka'),
(2107, 'Maharashtra', 'Mora, Maharashtra'),
(2108, 'Maharashtra', 'Moram'),
(2109, 'Maharashtra', 'Morsi'),
(2110, 'Maharashtra', 'Mowad'),
(2111, 'Maharashtra', 'Mudkhed'),
(2112, 'Maharashtra', 'Mukher'),
(2113, 'Maharashtra', 'Mul'),
(2114, 'Maharashtra', 'Mulher'),
(2115, 'Maharashtra', 'Mulund'),
(2116, 'Maharashtra', 'Mumbai'),
(2117, 'Maharashtra', 'Mumbai Suburban'),
(2118, 'Maharashtra', 'Murbad'),
(2119, 'Maharashtra', 'Murgud'),
(2120, 'Maharashtra', 'Murtajapur'),
(2121, 'Maharashtra', 'Murud (Raigad)'),
(2122, 'Maharashtra', 'Murud (Ratnagiri)'),
(2123, 'Maharashtra', 'Murum'),
(2124, 'Maharashtra', 'Nadgaon'),
(2125, 'Maharashtra', 'Nagapur'),
(2126, 'Maharashtra', 'Nagothana'),
(2127, 'Maharashtra', 'Nagpur'),
(2128, 'Maharashtra', 'Nagpur Division'),
(2129, 'Maharashtra', 'Nala Sopara'),
(2130, 'Maharashtra', 'Naldurg'),
(2131, 'Maharashtra', 'Nalegaon'),
(2132, 'Maharashtra', 'Nampur'),
(2133, 'Maharashtra', 'Nanded'),
(2134, 'Maharashtra', 'Nandgaon'),
(2135, 'Maharashtra', 'Nandnee'),
(2136, 'Maharashtra', 'Nandura'),
(2137, 'Maharashtra', 'Nandura Buzurg'),
(2138, 'Maharashtra', 'Nandurbar'),
(2139, 'Maharashtra', 'Narayangaon'),
(2140, 'Maharashtra', 'Nardana'),
(2141, 'Maharashtra', 'Nariman Point'),
(2142, 'Maharashtra', 'Narkhed'),
(2143, 'Maharashtra', 'Nashik'),
(2144, 'Maharashtra', 'Nashik Division'),
(2145, 'Maharashtra', 'Navapur'),
(2146, 'Maharashtra', 'Navi Mumbai'),
(2147, 'Maharashtra', 'Neral'),
(2148, 'Maharashtra', 'Nerur'),
(2149, 'Maharashtra', 'Nevasa'),
(2150, 'Maharashtra', 'Nighoj'),
(2151, 'Maharashtra', 'Nilanga'),
(2152, 'Maharashtra', 'Nipani'),
(2153, 'Maharashtra', 'Niphad'),
(2154, 'Maharashtra', 'Nira Narsingpur'),
(2155, 'Maharashtra', 'Osmanabad'),
(2156, 'Maharashtra', 'Ozar'),
(2157, 'Maharashtra', 'Pabal'),
(2158, 'Maharashtra', 'Pachora'),
(2159, 'Maharashtra', 'Pahur, Maharashtra'),
(2160, 'Maharashtra', 'Paithan'),
(2161, 'Maharashtra', 'Palghar'),
(2162, 'Maharashtra', 'Pali, Raigad'),
(2163, 'Maharashtra', 'Palso'),
(2164, 'Maharashtra', 'Panchgani'),
(2165, 'Maharashtra', 'Pandharpur'),
(2166, 'Maharashtra', 'Pandhurli'),
(2167, 'Maharashtra', 'Panhala'),
(2168, 'Maharashtra', 'Panvel'),
(2169, 'Maharashtra', 'Parbhani'),
(2170, 'Maharashtra', 'Parel'),
(2171, 'Maharashtra', 'Parli Vaijnath'),
(2172, 'Maharashtra', 'Parner'),
(2173, 'Maharashtra', 'Parola'),
(2174, 'Maharashtra', 'Parseoni'),
(2175, 'Maharashtra', 'Partur'),
(2176, 'Maharashtra', 'Patan'),
(2177, 'Maharashtra', 'Pathardi'),
(2178, 'Maharashtra', 'Pathri'),
(2179, 'Maharashtra', 'Patur'),
(2180, 'Maharashtra', 'Paturda'),
(2181, 'Maharashtra', 'Paud'),
(2182, 'Maharashtra', 'Pauni'),
(2183, 'Maharashtra', 'Pawni'),
(2184, 'Maharashtra', 'Pedgaon'),
(2185, 'Maharashtra', 'Peint'),
(2186, 'Maharashtra', 'Pen'),
(2187, 'Maharashtra', 'Phaltan'),
(2188, 'Maharashtra', 'Phulambri'),
(2189, 'Maharashtra', 'Piliv'),
(2190, 'Maharashtra', 'Pimpalgaon Baswant'),
(2191, 'Maharashtra', 'Pimpalgaon Raja'),
(2192, 'Maharashtra', 'Pimpri'),
(2193, 'Maharashtra', 'Pimpri-Chinchwad'),
(2194, 'Maharashtra', 'Pipri'),
(2195, 'Maharashtra', 'Powai'),
(2196, 'Maharashtra', 'Prabhadevi'),
(2197, 'Maharashtra', 'Prakasha'),
(2198, 'Maharashtra', 'Pulgaon'),
(2199, 'Maharashtra', 'Pune'),
(2200, 'Maharashtra', 'Pune Division'),
(2201, 'Maharashtra', 'Puntamba'),
(2202, 'Maharashtra', 'Pural'),
(2203, 'Maharashtra', 'Purna'),
(2204, 'Maharashtra', 'Pusad'),
(2205, 'Maharashtra', 'Radhanagari'),
(2206, 'Maharashtra', 'Rahata'),
(2207, 'Maharashtra', 'Rahimatpur'),
(2208, 'Maharashtra', 'Rahuri'),
(2209, 'Maharashtra', 'Raigarh'),
(2210, 'Maharashtra', 'Raireshwar'),
(2211, 'Maharashtra', 'Rajapur'),
(2212, 'Maharashtra', 'Rajgurunagar'),
(2213, 'Maharashtra', 'Rajur'),
(2214, 'Maharashtra', 'Rajura'),
(2215, 'Maharashtra', 'Ralegaon'),
(2216, 'Maharashtra', 'Ramewadi'),
(2217, 'Maharashtra', 'Ramtek'),
(2218, 'Maharashtra', 'Ratnagiri'),
(2219, 'Maharashtra', 'Raver'),
(2220, 'Maharashtra', 'Renapur'),
(2221, 'Maharashtra', 'Renavi'),
(2222, 'Maharashtra', 'Revadanda'),
(2223, 'Maharashtra', 'Revdanda'),
(2224, 'Maharashtra', 'Risod'),
(2225, 'Maharashtra', 'Roha'),
(2226, 'Maharashtra', 'Sailu'),
(2227, 'Maharashtra', 'Sakol'),
(2228, 'Maharashtra', 'Sakoli'),
(2229, 'Maharashtra', 'Sakri'),
(2230, 'Maharashtra', 'Samudrapur'),
(2231, 'Maharashtra', 'Sangameshwar'),
(2232, 'Maharashtra', 'Sangamner'),
(2233, 'Maharashtra', 'Sangli'),
(2234, 'Maharashtra', 'Sangola'),
(2235, 'Maharashtra', 'Sangole'),
(2236, 'Maharashtra', 'Sangrampur, Maharashtra'),
(2237, 'Maharashtra', 'Saoli'),
(2238, 'Maharashtra', 'Saoner'),
(2239, 'Maharashtra', 'Sarangkheda'),
(2240, 'Maharashtra', 'Sasvad'),
(2241, 'Maharashtra', 'Saswad'),
(2242, 'Maharashtra', 'Satana'),
(2243, 'Maharashtra', 'Satara'),
(2244, 'Maharashtra', 'Satara Division'),
(2245, 'Maharashtra', 'Satpati'),
(2246, 'Maharashtra', 'Savantvadi'),
(2247, 'Maharashtra', 'Savda'),
(2248, 'Maharashtra', 'Savlaj'),
(2249, 'Maharashtra', 'Sawantvadi'),
(2250, 'Maharashtra', 'Selu'),
(2251, 'Maharashtra', 'Sevagram'),
(2252, 'Maharashtra', 'Sewri'),
(2253, 'Maharashtra', 'Shahada'),
(2254, 'Maharashtra', 'Shahapur'),
(2255, 'Maharashtra', 'Shedbal'),
(2256, 'Maharashtra', 'Shegaon'),
(2257, 'Maharashtra', 'Shevgaon'),
(2258, 'Maharashtra', 'Shikrapur'),
(2259, 'Maharashtra', 'Shiraguppi'),
(2260, 'Maharashtra', 'Shirala'),
(2261, 'Maharashtra', 'Shirdi'),
(2262, 'Maharashtra', 'Shirgaon'),
(2263, 'Maharashtra', 'Shirol'),
(2264, 'Maharashtra', 'Shirpur'),
(2265, 'Maharashtra', 'Shirud'),
(2266, 'Maharashtra', 'Shirwal'),
(2267, 'Maharashtra', 'Shivaji Nagar'),
(2268, 'Maharashtra', 'Shrigonda'),
(2269, 'Maharashtra', 'Sillod'),
(2270, 'Maharashtra', 'Sindewahi'),
(2271, 'Maharashtra', 'Sindhudurg'),
(2272, 'Maharashtra', 'Sindi'),
(2273, 'Maharashtra', 'Sindkheda'),
(2274, 'Maharashtra', 'Sinnar'),
(2275, 'Maharashtra', 'Sion, Mumbai'),
(2276, 'Maharashtra', 'Sironcha'),
(2277, 'Maharashtra', 'Sirur'),
(2278, 'Maharashtra', 'Sivala, East Godavari district'),
(2279, 'Maharashtra', 'Solapur'),
(2280, 'Maharashtra', 'Sonala'),
(2281, 'Maharashtra', 'Sonegaon'),
(2282, 'Maharashtra', 'Songir'),
(2283, 'Maharashtra', 'Sonvad'),
(2284, 'Maharashtra', 'Soygaon'),
(2285, 'Maharashtra', 'Srivardhan'),
(2286, 'Maharashtra', 'Surgana'),
(2287, 'Maharashtra', 'Taklibhan'),
(2288, 'Maharashtra', 'Talbid'),
(2289, 'Maharashtra', 'Talegaon Dabhade'),
(2290, 'Maharashtra', 'Talegaon Dhamdhere'),
(2291, 'Maharashtra', 'Taloda'),
(2292, 'Maharashtra', 'Talode'),
(2293, 'Maharashtra', 'Tarapur'),
(2294, 'Maharashtra', 'Tardeo'),
(2295, 'Maharashtra', 'Tasgaon'),
(2296, 'Maharashtra', 'Telhara'),
(2297, 'Maharashtra', 'Thalner'),
(2298, 'Maharashtra', 'Thane'),
(2299, 'Maharashtra', 'Trimbak'),
(2300, 'Maharashtra', 'Trombay'),
(2301, 'Maharashtra', 'Tuljapur'),
(2302, 'Maharashtra', 'Tumsar'),
(2303, 'Maharashtra', 'Udgir'),
(2304, 'Maharashtra', 'Ulhasnagar'),
(2305, 'Maharashtra', 'Umarga'),
(2306, 'Maharashtra', 'Umarkhed'),
(2307, 'Maharashtra', 'Umred'),
(2308, 'Maharashtra', 'Uran'),
(2309, 'Maharashtra', 'Uruli Kanchan'),
(2310, 'Maharashtra', 'Vada'),
(2311, 'Maharashtra', 'Vadgaon'),
(2312, 'Maharashtra', 'Vadner'),
(2313, 'Maharashtra', 'Vaijapur'),
(2314, 'Maharashtra', 'Vairag'),
(2315, 'Maharashtra', 'Valsang'),
(2316, 'Maharashtra', 'Vangaon'),
(2317, 'Maharashtra', 'Varangaon'),
(2318, 'Maharashtra', 'Vashi'),
(2319, 'Maharashtra', 'Vasind'),
(2320, 'Maharashtra', 'Vatul'),
(2321, 'Maharashtra', 'Velas, Maharashtra'),
(2322, 'Maharashtra', 'Velneshwar'),
(2323, 'Maharashtra', 'Vengurla'),
(2324, 'Maharashtra', 'Vijaydurg'),
(2325, 'Maharashtra', 'Vikhroli'),
(2326, 'Maharashtra', 'Vile Parle'),
(2327, 'Maharashtra', 'Vinchur'),
(2328, 'Maharashtra', 'Virar'),
(2329, 'Maharashtra', 'Vita, Maharashtra'),
(2330, 'Maharashtra', 'Vite'),
(2331, 'Maharashtra', 'Wadala'),
(2332, 'Maharashtra', 'Wadgaon'),
(2333, 'Maharashtra', 'Wadner'),
(2334, 'Maharashtra', 'Wadwani'),
(2335, 'Maharashtra', 'Wagholi'),
(2336, 'Maharashtra', 'Wai'),
(2337, 'Maharashtra', 'Wakad'),
(2338, 'Maharashtra', 'Walgaon'),
(2339, 'Maharashtra', 'Walki'),
(2340, 'Maharashtra', 'Wani'),
(2341, 'Maharashtra', 'Wardha'),
(2342, 'Maharashtra', 'Warora'),
(2343, 'Maharashtra', 'Warud'),
(2344, 'Maharashtra', 'Washim'),
(2345, 'Maharashtra', 'Worli'),
(2346, 'Maharashtra', 'Yaval'),
(2347, 'Maharashtra', 'Yavatmal'),
(2348, 'Maharashtra', 'Yeola'),
(2349, 'Manipur', 'Bishnupur'),
(2350, 'Manipur', 'Churachandpur'),
(2351, 'Manipur', 'Imphal'),
(2352, 'Manipur', 'Kakching'),
(2353, 'Manipur', 'Mayang Imphal'),
(2354, 'Manipur', 'Moirang'),
(2355, 'Manipur', 'Phek'),
(2356, 'Manipur', 'Senapati'),
(2357, 'Manipur', 'Tamenglong'),
(2358, 'Manipur', 'Thoubal'),
(2359, 'Manipur', 'Ukhrul'),
(2360, 'Manipur', 'Wangjing'),
(2361, 'Manipur', 'Yairipok'),
(2362, 'Meghalaya', 'Cherrapunji'),
(2363, 'Meghalaya', 'East Garo Hills'),
(2364, 'Meghalaya', 'East Jaintia Hills'),
(2365, 'Meghalaya', 'East Khasi Hills'),
(2366, 'Meghalaya', 'Mairang'),
(2367, 'Meghalaya', 'Mankachar'),
(2368, 'Meghalaya', 'Nongpoh'),
(2369, 'Meghalaya', 'Nongstoin'),
(2370, 'Meghalaya', 'North Garo Hills'),
(2371, 'Meghalaya', 'Ri-Bhoi'),
(2372, 'Meghalaya', 'Shillong'),
(2373, 'Meghalaya', 'South Garo Hills'),
(2374, 'Meghalaya', 'South West Garo Hills'),
(2375, 'Meghalaya', 'South West Khasi Hills'),
(2376, 'Meghalaya', 'Tura'),
(2377, 'Meghalaya', 'West Garo Hills'),
(2378, 'Meghalaya', 'West Jaintia Hills'),
(2379, 'Meghalaya', 'West Khasi Hills'),
(2380, 'Mizoram', 'Aizawl'),
(2381, 'Mizoram', 'Champhai'),
(2382, 'Mizoram', 'Darlawn'),
(2383, 'Mizoram', 'Khawhai'),
(2384, 'Mizoram', 'Kolasib'),
(2385, 'Mizoram', 'Kolasib district'),
(2386, 'Mizoram', 'Lawngtlai'),
(2387, 'Mizoram', 'Lunglei'),
(2388, 'Mizoram', 'Mamit'),
(2389, 'Mizoram', 'North Vanlaiphai'),
(2390, 'Mizoram', 'Saiha'),
(2391, 'Mizoram', 'Sairang'),
(2392, 'Mizoram', 'Saitlaw'),
(2393, 'Mizoram', 'Serchhip'),
(2394, 'Mizoram', 'Thenzawl'),
(2395, 'Nagaland', 'Dimapur'),
(2396, 'Nagaland', 'Kohima'),
(2397, 'Nagaland', 'Mokokchung'),
(2398, 'Nagaland', 'Mon'),
(2399, 'Nagaland', 'Peren'),
(2400, 'Nagaland', 'Phek'),
(2401, 'Nagaland', 'Tuensang'),
(2402, 'Nagaland', 'Tuensang District'),
(2403, 'Nagaland', 'Wokha'),
(2404, 'Nagaland', 'Zunheboto'),
(2405, 'Odisha', 'Angul'),
(2406, 'Odisha', 'Angul District'),
(2407, 'Odisha', 'Asika'),
(2408, 'Odisha', 'Athagarh'),
(2409, 'Odisha', 'Bada Barabil'),
(2410, 'Odisha', 'Balangir'),
(2411, 'Odisha', 'Balasore'),
(2412, 'Odisha', 'Baleshwar'),
(2413, 'Odisha', 'Balimila'),
(2414, 'Odisha', 'Balugaon'),
(2415, 'Odisha', 'Banapur'),
(2416, 'Odisha', 'Banki'),
(2417, 'Odisha', 'Banposh'),
(2418, 'Odisha', 'Baragarh'),
(2419, 'Odisha', 'Barbil'),
(2420, 'Odisha', 'Bargarh'),
(2421, 'Odisha', 'Barpali'),
(2422, 'Odisha', 'Basudebpur'),
(2423, 'Odisha', 'Baud'),
(2424, 'Odisha', 'Baudh'),
(2425, 'Odisha', 'Belaguntha'),
(2426, 'Odisha', 'Bhadrak'),
(2427, 'Odisha', 'Bhadrakh'),
(2428, 'Odisha', 'Bhanjanagar'),
(2429, 'Odisha', 'Bhawanipatna'),
(2430, 'Odisha', 'Bhuban'),
(2431, 'Odisha', 'Bhubaneshwar'),
(2432, 'Odisha', 'Binka'),
(2433, 'Odisha', 'Birmitrapur'),
(2434, 'Odisha', 'Bolanikhodan'),
(2435, 'Odisha', 'Brahmapur'),
(2436, 'Odisha', 'Brajarajnagar'),
(2437, 'Odisha', 'Buguda'),
(2438, 'Odisha', 'Burla'),
(2439, 'Odisha', 'Champua'),
(2440, 'Odisha', 'Chandbali'),
(2441, 'Odisha', 'Chatrapur'),
(2442, 'Odisha', 'Chikitigarh'),
(2443, 'Odisha', 'Chittarkonda'),
(2444, 'Odisha', 'Cuttack'),
(2445, 'Odisha', 'Daitari'),
(2446, 'Odisha', 'Deogarh'),
(2447, 'Odisha', 'Dhenkanal'),
(2448, 'Odisha', 'Digapahandi'),
(2449, 'Odisha', 'Gajapati'),
(2450, 'Odisha', 'Ganjam'),
(2451, 'Odisha', 'Gopalpur'),
(2452, 'Odisha', 'Gudari'),
(2453, 'Odisha', 'Gunupur'),
(2454, 'Odisha', 'Hinjilikatu'),
(2455, 'Odisha', 'Hirakud'),
(2456, 'Odisha', 'Jagatsinghapur'),
(2457, 'Odisha', 'Jagatsinghpur'),
(2458, 'Odisha', 'Jajpur'),
(2459, 'Odisha', 'Jaleshwar'),
(2460, 'Odisha', 'Jatani'),
(2461, 'Odisha', 'Jeypore'),
(2462, 'Odisha', 'Jharsuguda'),
(2463, 'Odisha', 'Jharsuguda District'),
(2464, 'Odisha', 'Kaintragarh'),
(2465, 'Odisha', 'Kalahandi'),
(2466, 'Odisha', 'Kamakhyanagar'),
(2467, 'Odisha', 'Kandhamal'),
(2468, 'Odisha', 'Kantabanji'),
(2469, 'Odisha', 'Kantilo'),
(2470, 'Odisha', 'Kendrapara'),
(2471, 'Odisha', 'Kendraparha'),
(2472, 'Odisha', 'Kendujhar'),
(2473, 'Odisha', 'Kesinga'),
(2474, 'Odisha', 'Khallikot'),
(2475, 'Odisha', 'Kharhial'),
(2476, 'Odisha', 'Khordha'),
(2477, 'Odisha', 'Khurda'),
(2478, 'Odisha', 'Kiri Buru'),
(2479, 'Odisha', 'Kodala'),
(2480, 'Odisha', 'Konarka'),
(2481, 'Odisha', 'Koraput'),
(2482, 'Odisha', 'Kuchaiburi'),
(2483, 'Odisha', 'Kuchinda'),
(2484, 'Odisha', 'Malakanagiri'),
(2485, 'Odisha', 'Malkangiri'),
(2486, 'Odisha', 'Mayurbhanj'),
(2487, 'Odisha', 'Nabarangpur'),
(2488, 'Odisha', 'Nayagarh'),
(2489, 'Odisha', 'Nayagarh District'),
(2490, 'Odisha', 'Nilgiri'),
(2491, 'Odisha', 'Nimaparha'),
(2492, 'Odisha', 'Nowrangapur'),
(2493, 'Odisha', 'Nuapada'),
(2494, 'Odisha', 'Padampur'),
(2495, 'Odisha', 'Paradip Garh'),
(2496, 'Odisha', 'Patamundai'),
(2497, 'Odisha', 'Patnagarh'),
(2498, 'Odisha', 'Phulbani'),
(2499, 'Odisha', 'Pipili'),
(2500, 'Odisha', 'Polasara'),
(2501, 'Odisha', 'Puri'),
(2502, 'Odisha', 'Purushottampur'),
(2503, 'Odisha', 'Rambha'),
(2504, 'Odisha', 'Raurkela'),
(2505, 'Odisha', 'Rayagada'),
(2506, 'Odisha', 'Remuna'),
(2507, 'Odisha', 'Rengali'),
(2508, 'Odisha', 'Sambalpur'),
(2509, 'Odisha', 'Sonepur'),
(2510, 'Odisha', 'Sorada'),
(2511, 'Odisha', 'Soro'),
(2512, 'Odisha', 'Subarnapur'),
(2513, 'Odisha', 'Sundargarh'),
(2514, 'Odisha', 'Talcher'),
(2515, 'Odisha', 'Tarabha'),
(2516, 'Odisha', 'Titlagarh'),
(2517, 'Odisha', 'Udayagiri'),
(2518, 'Puducherry', 'Karaikal'),
(2519, 'Puducherry', 'Mahe'),
(2520, 'Puducherry', 'Yanam'),
(2521, 'Punjab', 'Abohar'),
(2522, 'Punjab', 'Adampur'),
(2523, 'Punjab', 'Ajitgarh'),
(2524, 'Punjab', 'Ajnala'),
(2525, 'Punjab', 'Akalgarh'),
(2526, 'Punjab', 'Alawalpur'),
(2527, 'Punjab', 'Amloh'),
(2528, 'Punjab', 'Amritsar'),
(2529, 'Punjab', 'Anandpur Sahib'),
(2530, 'Punjab', 'Badhni Kalan'),
(2531, 'Punjab', 'Bagha Purana'),
(2532, 'Punjab', 'Bakloh'),
(2533, 'Punjab', 'Balachor'),
(2534, 'Punjab', 'Banga'),
(2535, 'Punjab', 'Banur'),
(2536, 'Punjab', 'Barnala'),
(2537, 'Punjab', 'Batala'),
(2538, 'Punjab', 'Begowal'),
(2539, 'Punjab', 'Bhadaur'),
(2540, 'Punjab', 'Bhatinda'),
(2541, 'Punjab', 'Bhawanigarh'),
(2542, 'Punjab', 'Bhikhi'),
(2543, 'Punjab', 'Bhogpur'),
(2544, 'Punjab', 'Bholath'),
(2545, 'Punjab', 'Budhlada'),
(2546, 'Punjab', 'Chima'),
(2547, 'Punjab', 'Dasuya'),
(2548, 'Punjab', 'Dera Baba Nanak'),
(2549, 'Punjab', 'Dera Bassi'),
(2550, 'Punjab', 'Dhanaula'),
(2551, 'Punjab', 'Dhariwal'),
(2552, 'Punjab', 'Dhilwan'),
(2553, 'Punjab', 'Dhudi'),
(2554, 'Punjab', 'Dhuri'),
(2555, 'Punjab', 'Dina Nagar'),
(2556, 'Punjab', 'Dirba'),
(2557, 'Punjab', 'Doraha'),
(2558, 'Punjab', 'Faridkot'),
(2559, 'Punjab', 'Fatehgarh Churian'),
(2560, 'Punjab', 'Fatehgarh Sahib'),
(2561, 'Punjab', 'Fazilka'),
(2562, 'Punjab', 'Firozpur'),
(2563, 'Punjab', 'Firozpur District'),
(2564, 'Punjab', 'Gardhiwala'),
(2565, 'Punjab', 'Garhshankar'),
(2566, 'Punjab', 'Ghanaur'),
(2567, 'Punjab', 'Giddarbaha'),
(2568, 'Punjab', 'Gurdaspur'),
(2569, 'Punjab', 'Guru Har Sahai'),
(2570, 'Punjab', 'Hajipur'),
(2571, 'Punjab', 'Hariana'),
(2572, 'Punjab', 'Hoshiarpur'),
(2573, 'Punjab', 'Ishanpur'),
(2574, 'Punjab', 'Jagraon'),
(2575, 'Punjab', 'Jaito'),
(2576, 'Punjab', 'Jalalabad'),
(2577, 'Punjab', 'Jalandhar'),
(2578, 'Punjab', 'Jandiala'),
(2579, 'Punjab', 'Jandiala Guru'),
(2580, 'Punjab', 'Kalanaur'),
(2581, 'Punjab', 'Kapurthala'),
(2582, 'Punjab', 'Kartarpur'),
(2583, 'Punjab', 'Khamanon'),
(2584, 'Punjab', 'Khanna'),
(2585, 'Punjab', 'Kharar'),
(2586, 'Punjab', 'Khemkaran'),
(2587, 'Punjab', 'Kot Isa Khan'),
(2588, 'Punjab', 'Kotkapura'),
(2589, 'Punjab', 'Laungowal'),
(2590, 'Punjab', 'Ludhiana'),
(2591, 'Punjab', 'Machhiwara'),
(2592, 'Punjab', 'Majitha'),
(2593, 'Punjab', 'Makhu'),
(2594, 'Punjab', 'Malaut'),
(2595, 'Punjab', 'Malerkotla'),
(2596, 'Punjab', 'Mansa'),
(2597, 'Punjab', 'Maur Mandi'),
(2598, 'Punjab', 'Moga'),
(2599, 'Punjab', 'Mohali'),
(2600, 'Punjab', 'Morinda'),
(2601, 'Punjab', 'Mukerian'),
(2602, 'Punjab', 'Nabha'),
(2603, 'Punjab', 'Nakodar'),
(2604, 'Punjab', 'Nangal'),
(2605, 'Punjab', 'Nawanshahr'),
(2606, 'Punjab', 'Nurmahal'),
(2607, 'Punjab', 'Nurpur Kalan'),
(2608, 'Punjab', 'Pathankot'),
(2609, 'Punjab', 'Patiala'),
(2610, 'Punjab', 'Patti'),
(2611, 'Punjab', 'Phagwara'),
(2612, 'Punjab', 'Phillaur'),
(2613, 'Punjab', 'Qadian'),
(2614, 'Punjab', 'Rahon'),
(2615, 'Punjab', 'Raikot'),
(2616, 'Punjab', 'Rajasansi'),
(2617, 'Punjab', 'Rajpura'),
(2618, 'Punjab', 'Ram Das'),
(2619, 'Punjab', 'Rampura'),
(2620, 'Punjab', 'Rupnagar'),
(2621, 'Punjab', 'Samrala'),
(2622, 'Punjab', 'Sanaur'),
(2623, 'Punjab', 'Sangrur'),
(2624, 'Punjab', 'Sardulgarh'),
(2625, 'Punjab', 'Shahid Bhagat Singh Nagar'),
(2626, 'Punjab', 'Shahkot'),
(2627, 'Punjab', 'Sham Churasi'),
(2628, 'Punjab', 'Sirhind-Fategarh'),
(2629, 'Punjab', 'Sri Muktsar Sahib'),
(2630, 'Punjab', 'Sultanpur Lodhi'),
(2631, 'Punjab', 'Sunam'),
(2632, 'Punjab', 'Talwandi Bhai'),
(2633, 'Punjab', 'Talwara'),
(2634, 'Punjab', 'Tarn Taran Sahib'),
(2635, 'Punjab', 'Zira'),
(2636, 'Rajasthan', 'Abhaneri'),
(2637, 'Rajasthan', 'Abu'),
(2638, 'Rajasthan', 'Abu Road'),
(2639, 'Rajasthan', 'Ajmer'),
(2640, 'Rajasthan', 'Aklera'),
(2641, 'Rajasthan', 'Alwar'),
(2642, 'Rajasthan', 'Amet'),
(2643, 'Rajasthan', 'Anta'),
(2644, 'Rajasthan', 'Anupgarh'),
(2645, 'Rajasthan', 'Asind'),
(2646, 'Rajasthan', 'Bagar'),
(2647, 'Rajasthan', 'Bakani'),
(2648, 'Rajasthan', 'Bali'),
(2649, 'Rajasthan', 'Balotra'),
(2650, 'Rajasthan', 'Bandikui'),
(2651, 'Rajasthan', 'Banswara'),
(2652, 'Rajasthan', 'Baran'),
(2653, 'Rajasthan', 'Bari'),
(2654, 'Rajasthan', 'Bari Sadri'),
(2655, 'Rajasthan', 'Barmer'),
(2656, 'Rajasthan', 'Basi'),
(2657, 'Rajasthan', 'Basni'),
(2658, 'Rajasthan', 'Baswa'),
(2659, 'Rajasthan', 'Bayana'),
(2660, 'Rajasthan', 'Beawar'),
(2661, 'Rajasthan', 'Begun'),
(2662, 'Rajasthan', 'Behror'),
(2663, 'Rajasthan', 'Bhadasar'),
(2664, 'Rajasthan', 'Bhadra'),
(2665, 'Rajasthan', 'Bharatpur'),
(2666, 'Rajasthan', 'Bhasawar'),
(2667, 'Rajasthan', 'Bhilwara'),
(2668, 'Rajasthan', 'Bhindar'),
(2669, 'Rajasthan', 'Bhinmal'),
(2670, 'Rajasthan', 'Bhiwadi'),
(2671, 'Rajasthan', 'Bhuma'),
(2672, 'Rajasthan', 'Bikaner'),
(2673, 'Rajasthan', 'Bilara'),
(2674, 'Rajasthan', 'Bissau'),
(2675, 'Rajasthan', 'Borkhera'),
(2676, 'Rajasthan', 'Bundi'),
(2677, 'Rajasthan', 'Chaksu'),
(2678, 'Rajasthan', 'Chechat'),
(2679, 'Rajasthan', 'Chhabra'),
(2680, 'Rajasthan', 'Chhapar'),
(2681, 'Rajasthan', 'Chhoti Sadri'),
(2682, 'Rajasthan', 'Chidawa'),
(2683, 'Rajasthan', 'Chittaurgarh'),
(2684, 'Rajasthan', 'Churu'),
(2685, 'Rajasthan', 'Dariba'),
(2686, 'Rajasthan', 'Dausa'),
(2687, 'Rajasthan', 'Deoli'),
(2688, 'Rajasthan', 'Deshnoke'),
(2689, 'Rajasthan', 'Devgarh'),
(2690, 'Rajasthan', 'Dhaulpur'),
(2691, 'Rajasthan', 'Didwana'),
(2692, 'Rajasthan', 'Dig'),
(2693, 'Rajasthan', 'Dungarpur'),
(2694, 'Rajasthan', 'Fatehpur'),
(2695, 'Rajasthan', 'Galiakot'),
(2696, 'Rajasthan', 'Ganganagar'),
(2697, 'Rajasthan', 'Gangapur'),
(2698, 'Rajasthan', 'Govindgarh'),
(2699, 'Rajasthan', 'Gulabpura'),
(2700, 'Rajasthan', 'Hanumangarh'),
(2701, 'Rajasthan', 'Hindaun'),
(2702, 'Rajasthan', 'Jahazpur'),
(2703, 'Rajasthan', 'Jaipur'),
(2704, 'Rajasthan', 'Jaisalmer'),
(2705, 'Rajasthan', 'Jaitaran'),
(2706, 'Rajasthan', 'Jalor'),
(2707, 'Rajasthan', 'Jalore'),
(2708, 'Rajasthan', 'Jhalawar'),
(2709, 'Rajasthan', 'Jhalrapatan'),
(2710, 'Rajasthan', 'Jhunjhunun'),
(2711, 'Rajasthan', 'Jobner'),
(2712, 'Rajasthan', 'Jodhpur'),
(2713, 'Rajasthan', 'Kaman'),
(2714, 'Rajasthan', 'Kanor'),
(2715, 'Rajasthan', 'Kapren'),
(2716, 'Rajasthan', 'Karanpur'),
(2717, 'Rajasthan', 'Karauli'),
(2718, 'Rajasthan', 'Kekri'),
(2719, 'Rajasthan', 'Keshorai Patan'),
(2720, 'Rajasthan', 'Khandela'),
(2721, 'Rajasthan', 'Khanpur'),
(2722, 'Rajasthan', 'Khetri'),
(2723, 'Rajasthan', 'Kishangarh'),
(2724, 'Rajasthan', 'Kota'),
(2725, 'Rajasthan', 'Kotputli'),
(2726, 'Rajasthan', 'Kuchaman'),
(2727, 'Rajasthan', 'Kuchera'),
(2728, 'Rajasthan', 'Kumher'),
(2729, 'Rajasthan', 'Kushalgarh'),
(2730, 'Rajasthan', 'Lachhmangarh Sikar'),
(2731, 'Rajasthan', 'Ladnun'),
(2732, 'Rajasthan', 'Lakheri'),
(2733, 'Rajasthan', 'Lalsot'),
(2734, 'Rajasthan', 'Losal'),
(2735, 'Rajasthan', 'Mahwah'),
(2736, 'Rajasthan', 'Makrana'),
(2737, 'Rajasthan', 'Malpura'),
(2738, 'Rajasthan', 'Mandal'),
(2739, 'Rajasthan', 'Mandalgarh'),
(2740, 'Rajasthan', 'Mandawar'),
(2741, 'Rajasthan', 'Mangrol'),
(2742, 'Rajasthan', 'Manohar Thana'),
(2743, 'Rajasthan', 'Manoharpur'),
(2744, 'Rajasthan', 'Meethari Marwar'),
(2745, 'Rajasthan', 'Merta'),
(2746, 'Rajasthan', 'Mundwa'),
(2747, 'Rajasthan', 'Nadbai'),
(2748, 'Rajasthan', 'Nagar'),
(2749, 'Rajasthan', 'Nagaur'),
(2750, 'Rajasthan', 'Nainwa'),
(2751, 'Rajasthan', 'Napasar'),
(2752, 'Rajasthan', 'Naraina'),
(2753, 'Rajasthan', 'Nasirabad'),
(2754, 'Rajasthan', 'Nathdwara'),
(2755, 'Rajasthan', 'Nawa'),
(2756, 'Rajasthan', 'Nawalgarh'),
(2757, 'Rajasthan', 'Neem ka Thana'),
(2758, 'Rajasthan', 'Nimaj'),
(2759, 'Rajasthan', 'Nimbahera'),
(2760, 'Rajasthan', 'Niwai'),
(2761, 'Rajasthan', 'Nohar'),
(2762, 'Rajasthan', 'Nokha'),
(2763, 'Rajasthan', 'Padampur'),
(2764, 'Rajasthan', 'Pali'),
(2765, 'Rajasthan', 'Partapur'),
(2766, 'Rajasthan', 'Parvatsar'),
(2767, 'Rajasthan', 'Phalodi'),
(2768, 'Rajasthan', 'Phulera'),
(2769, 'Rajasthan', 'Pilani'),
(2770, 'Rajasthan', 'Pilibangan'),
(2771, 'Rajasthan', 'Pindwara'),
(2772, 'Rajasthan', 'Pipar'),
(2773, 'Rajasthan', 'Pirawa'),
(2774, 'Rajasthan', 'Pokaran'),
(2775, 'Rajasthan', 'Pratapgarh'),
(2776, 'Rajasthan', 'Pushkar'),
(2777, 'Rajasthan', 'Raipur'),
(2778, 'Rajasthan', 'Raisinghnagar'),
(2779, 'Rajasthan', 'Rajakhera'),
(2780, 'Rajasthan', 'Rajaldesar'),
(2781, 'Rajasthan', 'Rajgarh'),
(2782, 'Rajasthan', 'Rajsamand'),
(2783, 'Rajasthan', 'Ramganj Mandi'),
(2784, 'Rajasthan', 'Ramgarh'),
(2785, 'Rajasthan', 'Rani'),
(2786, 'Rajasthan', 'Ratangarh'),
(2787, 'Rajasthan', 'Rawatbhata'),
(2788, 'Rajasthan', 'Rawatsar'),
(2789, 'Rajasthan', 'Ringas'),
(2790, 'Rajasthan', 'Sadri'),
(2791, 'Rajasthan', 'Salumbar'),
(2792, 'Rajasthan', 'Sambhar'),
(2793, 'Rajasthan', 'Samdari'),
(2794, 'Rajasthan', 'Sanchor'),
(2795, 'Rajasthan', 'Sangaria'),
(2796, 'Rajasthan', 'Sangod'),
(2797, 'Rajasthan', 'Sardarshahr'),
(2798, 'Rajasthan', 'Sarwar'),
(2799, 'Rajasthan', 'Sawai Madhopur'),
(2800, 'Rajasthan', 'Shahpura'),
(2801, 'Rajasthan', 'Sheoganj'),
(2802, 'Rajasthan', 'Sikar'),
(2803, 'Rajasthan', 'Sirohi'),
(2804, 'Rajasthan', 'Siwana'),
(2805, 'Rajasthan', 'Sojat'),
(2806, 'Rajasthan', 'Sri Dungargarh'),
(2807, 'Rajasthan', 'Sri Madhopur'),
(2808, 'Rajasthan', 'Sujangarh'),
(2809, 'Rajasthan', 'Suket'),
(2810, 'Rajasthan', 'Sunel'),
(2811, 'Rajasthan', 'Surajgarh'),
(2812, 'Rajasthan', 'Suratgarh'),
(2813, 'Rajasthan', 'Takhatgarh'),
(2814, 'Rajasthan', 'Taranagar'),
(2815, 'Rajasthan', 'Tijara'),
(2816, 'Rajasthan', 'Todabhim'),
(2817, 'Rajasthan', 'Todaraisingh'),
(2818, 'Rajasthan', 'Tonk'),
(2819, 'Rajasthan', 'Udaipur'),
(2820, 'Rajasthan', 'Udpura'),
(2821, 'Rajasthan', 'Uniara'),
(2822, 'Rajasthan', 'Wer'),
(2823, 'Sikkim', 'East District'),
(2824, 'Sikkim', 'Gangtok'),
(2825, 'Sikkim', 'Gyalshing'),
(2826, 'Sikkim', 'Jorethang'),
(2827, 'Sikkim', 'Mangan'),
(2828, 'Sikkim', 'Namchi'),
(2829, 'Sikkim', 'Naya Bazar'),
(2830, 'Sikkim', 'North District'),
(2831, 'Sikkim', 'Rangpo'),
(2832, 'Sikkim', 'Singtam'),
(2833, 'Sikkim', 'South District'),
(2834, 'Sikkim', 'West District'),
(2835, 'Tamil Nadu', 'Abiramam'),
(2836, 'Tamil Nadu', 'Adirampattinam'),
(2837, 'Tamil Nadu', 'Aduthurai'),
(2838, 'Tamil Nadu', 'Alagapuram'),
(2839, 'Tamil Nadu', 'Alandur'),
(2840, 'Tamil Nadu', 'Alanganallur'),
(2841, 'Tamil Nadu', 'Alangayam'),
(2842, 'Tamil Nadu', 'Alangudi'),
(2843, 'Tamil Nadu', 'Alangulam'),
(2844, 'Tamil Nadu', 'Alappakkam'),
(2845, 'Tamil Nadu', 'Alwa Tirunagari'),
(2846, 'Tamil Nadu', 'Ambasamudram'),
(2847, 'Tamil Nadu', 'Ambattur'),
(2848, 'Tamil Nadu', 'Ambur'),
(2849, 'Tamil Nadu', 'Ammapettai'),
(2850, 'Tamil Nadu', 'Anamalais'),
(2851, 'Tamil Nadu', 'Andippatti'),
(2852, 'Tamil Nadu', 'Annamalainagar'),
(2853, 'Tamil Nadu', 'Annavasal'),
(2854, 'Tamil Nadu', 'Annur'),
(2855, 'Tamil Nadu', 'Anthiyur'),
(2856, 'Tamil Nadu', 'Arakkonam'),
(2857, 'Tamil Nadu', 'Arantangi'),
(2858, 'Tamil Nadu', 'Arcot'),
(2859, 'Tamil Nadu', 'Arimalam'),
(2860, 'Tamil Nadu', 'Ariyalur'),
(2861, 'Tamil Nadu', 'Arni'),
(2862, 'Tamil Nadu', 'Arumbavur'),
(2863, 'Tamil Nadu', 'Arumuganeri'),
(2864, 'Tamil Nadu', 'Aruppukkottai'),
(2865, 'Tamil Nadu', 'Aruvankad'),
(2866, 'Tamil Nadu', 'Attayyampatti'),
(2867, 'Tamil Nadu', 'Attur'),
(2868, 'Tamil Nadu', 'Auroville'),
(2869, 'Tamil Nadu', 'Avadi'),
(2870, 'Tamil Nadu', 'Avinashi'),
(2871, 'Tamil Nadu', 'Ayakudi'),
(2872, 'Tamil Nadu', 'Ayyampettai'),
(2873, 'Tamil Nadu', 'Belur'),
(2874, 'Tamil Nadu', 'Bhavani'),
(2875, 'Tamil Nadu', 'Bodinayakkanur'),
(2876, 'Tamil Nadu', 'Chengam'),
(2877, 'Tamil Nadu', 'Chennai'),
(2878, 'Tamil Nadu', 'Chennimalai'),
(2879, 'Tamil Nadu', 'Chetput'),
(2880, 'Tamil Nadu', 'Chettipalaiyam'),
(2881, 'Tamil Nadu', 'Cheyyar'),
(2882, 'Tamil Nadu', 'Cheyyur'),
(2883, 'Tamil Nadu', 'Chidambaram'),
(2884, 'Tamil Nadu', 'Chingleput'),
(2885, 'Tamil Nadu', 'Chinna Salem'),
(2886, 'Tamil Nadu', 'Chinnamanur'),
(2887, 'Tamil Nadu', 'Chinnasekkadu'),
(2888, 'Tamil Nadu', 'Cholapuram'),
(2889, 'Tamil Nadu', 'Coimbatore'),
(2890, 'Tamil Nadu', 'Colachel'),
(2891, 'Tamil Nadu', 'Cuddalore'),
(2892, 'Tamil Nadu', 'Cumbum'),
(2893, 'Tamil Nadu', 'Denkanikota'),
(2894, 'Tamil Nadu', 'Desur'),
(2895, 'Tamil Nadu', 'Devadanappatti'),
(2896, 'Tamil Nadu', 'Devakottai'),
(2897, 'Tamil Nadu', 'Dhali'),
(2898, 'Tamil Nadu', 'Dharapuram'),
(2899, 'Tamil Nadu', 'Dharmapuri'),
(2900, 'Tamil Nadu', 'Dindigul'),
(2901, 'Tamil Nadu', 'Dusi'),
(2902, 'Tamil Nadu', 'Elayirampannai'),
(2903, 'Tamil Nadu', 'Elumalai'),
(2904, 'Tamil Nadu', 'Eral'),
(2905, 'Tamil Nadu', 'Eraniel'),
(2906, 'Tamil Nadu', 'Erode'),
(2907, 'Tamil Nadu', 'Erumaippatti'),
(2908, 'Tamil Nadu', 'Ettaiyapuram'),
(2909, 'Tamil Nadu', 'Gandhi Nagar'),
(2910, 'Tamil Nadu', 'Gangaikondan'),
(2911, 'Tamil Nadu', 'Gangavalli'),
(2912, 'Tamil Nadu', 'Gingee'),
(2913, 'Tamil Nadu', 'Gobichettipalayam'),
(2914, 'Tamil Nadu', 'Gudalur'),
(2915, 'Tamil Nadu', 'Gudiyatham'),
(2916, 'Tamil Nadu', 'Guduvancheri'),
(2917, 'Tamil Nadu', 'Gummidipundi'),
(2918, 'Tamil Nadu', 'Harur'),
(2919, 'Tamil Nadu', 'Hosur'),
(2920, 'Tamil Nadu', 'Idappadi'),
(2921, 'Tamil Nadu', 'Ilampillai'),
(2922, 'Tamil Nadu', 'Iluppur'),
(2923, 'Tamil Nadu', 'Injambakkam'),
(2924, 'Tamil Nadu', 'Irugur'),
(2925, 'Tamil Nadu', 'Jalakandapuram'),
(2926, 'Tamil Nadu', 'Jalarpet'),
(2927, 'Tamil Nadu', 'Jayamkondacholapuram'),
(2928, 'Tamil Nadu', 'Kadambur'),
(2929, 'Tamil Nadu', 'Kadayanallur'),
(2930, 'Tamil Nadu', 'Kalakkadu'),
(2931, 'Tamil Nadu', 'Kalavai'),
(2932, 'Tamil Nadu', 'Kallakkurichchi'),
(2933, 'Tamil Nadu', 'Kallidaikurichi'),
(2934, 'Tamil Nadu', 'Kallupatti'),
(2935, 'Tamil Nadu', 'Kalugumalai'),
(2936, 'Tamil Nadu', 'Kamuthi'),
(2937, 'Tamil Nadu', 'Kanadukattan'),
(2938, 'Tamil Nadu', 'Kancheepuram'),
(2939, 'Tamil Nadu', 'Kanchipuram'),
(2940, 'Tamil Nadu', 'Kangayam'),
(2941, 'Tamil Nadu', 'Kanniyakumari'),
(2942, 'Tamil Nadu', 'Karaikkudi'),
(2943, 'Tamil Nadu', 'Karamadai'),
(2944, 'Tamil Nadu', 'Karambakkudi'),
(2945, 'Tamil Nadu', 'Kariapatti'),
(2946, 'Tamil Nadu', 'Karumbakkam'),
(2947, 'Tamil Nadu', 'Karur'),
(2948, 'Tamil Nadu', 'Katpadi'),
(2949, 'Tamil Nadu', 'Kattivakkam'),
(2950, 'Tamil Nadu', 'Kattupputtur'),
(2951, 'Tamil Nadu', 'Kaveripatnam'),
(2952, 'Tamil Nadu', 'Kayalpattinam'),
(2953, 'Tamil Nadu', 'Kayattar'),
(2954, 'Tamil Nadu', 'Keelakarai'),
(2955, 'Tamil Nadu', 'Kelamangalam'),
(2956, 'Tamil Nadu', 'Kil Bhuvanagiri'),
(2957, 'Tamil Nadu', 'Kilvelur'),
(2958, 'Tamil Nadu', 'Kiranur'),
(2959, 'Tamil Nadu', 'Kodaikanal'),
(2960, 'Tamil Nadu', 'Kodumudi'),
(2961, 'Tamil Nadu', 'Kombai'),
(2962, 'Tamil Nadu', 'Konganapuram'),
(2963, 'Tamil Nadu', 'Koothanallur'),
(2964, 'Tamil Nadu', 'Koradachcheri'),
(2965, 'Tamil Nadu', 'Korampallam'),
(2966, 'Tamil Nadu', 'Kotagiri'),
(2967, 'Tamil Nadu', 'Kottaiyur'),
(2968, 'Tamil Nadu', 'Kovilpatti'),
(2969, 'Tamil Nadu', 'Krishnagiri'),
(2970, 'Tamil Nadu', 'Kulattur'),
(2971, 'Tamil Nadu', 'Kulittalai'),
(2972, 'Tamil Nadu', 'Kumaralingam'),
(2973, 'Tamil Nadu', 'Kumbakonam'),
(2974, 'Tamil Nadu', 'Kunnattur'),
(2975, 'Tamil Nadu', 'Kurinjippadi'),
(2976, 'Tamil Nadu', 'Kuttalam'),
(2977, 'Tamil Nadu', 'Kuzhithurai'),
(2978, 'Tamil Nadu', 'Lalgudi'),
(2979, 'Tamil Nadu', 'Madambakkam'),
(2980, 'Tamil Nadu', 'Madipakkam'),
(2981, 'Tamil Nadu', 'Madukkarai'),
(2982, 'Tamil Nadu', 'Madukkur'),
(2983, 'Tamil Nadu', 'Madurai'),
(2984, 'Tamil Nadu', 'Madurantakam'),
(2985, 'Tamil Nadu', 'Mallapuram'),
(2986, 'Tamil Nadu', 'Mallasamudram'),
(2987, 'Tamil Nadu', 'Mallur'),
(2988, 'Tamil Nadu', 'Manali'),
(2989, 'Tamil Nadu', 'Manalurpettai'),
(2990, 'Tamil Nadu', 'Manamadurai'),
(2991, 'Tamil Nadu', 'Manappakkam'),
(2992, 'Tamil Nadu', 'Manapparai'),
(2993, 'Tamil Nadu', 'Manavalakurichi'),
(2994, 'Tamil Nadu', 'Mandapam'),
(2995, 'Tamil Nadu', 'Mangalam'),
(2996, 'Tamil Nadu', 'Mannargudi'),
(2997, 'Tamil Nadu', 'Marakkanam'),
(2998, 'Tamil Nadu', 'Marandahalli'),
(2999, 'Tamil Nadu', 'Masinigudi'),
(3000, 'Tamil Nadu', 'Mattur'),
(3001, 'Tamil Nadu', 'Mayiladuthurai'),
(3002, 'Tamil Nadu', 'Melur'),
(3003, 'Tamil Nadu', 'Mettuppalaiyam'),
(3004, 'Tamil Nadu', 'Mettur'),
(3005, 'Tamil Nadu', 'Minjur'),
(3006, 'Tamil Nadu', 'Mohanur'),
(3007, 'Tamil Nadu', 'Mudukulattur'),
(3008, 'Tamil Nadu', 'Mulanur'),
(3009, 'Tamil Nadu', 'Musiri'),
(3010, 'Tamil Nadu', 'Muttupet'),
(3011, 'Tamil Nadu', 'Naduvattam'),
(3012, 'Tamil Nadu', 'Nagapattinam'),
(3013, 'Tamil Nadu', 'Nagercoil'),
(3014, 'Tamil Nadu', 'Namagiripettai'),
(3015, 'Tamil Nadu', 'Namakkal'),
(3016, 'Tamil Nadu', 'Nambiyur'),
(3017, 'Tamil Nadu', 'Nambutalai'),
(3018, 'Tamil Nadu', 'Nandambakkam'),
(3019, 'Tamil Nadu', 'Nangavalli'),
(3020, 'Tamil Nadu', 'Nangilickondan'),
(3021, 'Tamil Nadu', 'Nanguneri'),
(3022, 'Tamil Nadu', 'Nannilam'),
(3023, 'Tamil Nadu', 'Naravarikuppam'),
(3024, 'Tamil Nadu', 'Nattam'),
(3025, 'Tamil Nadu', 'Nattarasankottai'),
(3026, 'Tamil Nadu', 'Needamangalam'),
(3027, 'Tamil Nadu', 'Neelankarai'),
(3028, 'Tamil Nadu', 'Negapatam'),
(3029, 'Tamil Nadu', 'Nellikkuppam'),
(3030, 'Tamil Nadu', 'Nilakottai'),
(3031, 'Tamil Nadu', 'Nilgiris'),
(3032, 'Tamil Nadu', 'Odugattur'),
(3033, 'Tamil Nadu', 'Omalur'),
(3034, 'Tamil Nadu', 'Ooty'),
(3035, 'Tamil Nadu', 'Padmanabhapuram'),
(3036, 'Tamil Nadu', 'Palakkodu'),
(3037, 'Tamil Nadu', 'Palamedu'),
(3038, 'Tamil Nadu', 'Palani'),
(3039, 'Tamil Nadu', 'Palavakkam'),
(3040, 'Tamil Nadu', 'Palladam'),
(3041, 'Tamil Nadu', 'Pallappatti'),
(3042, 'Tamil Nadu', 'Pallattur'),
(3043, 'Tamil Nadu', 'Pallavaram'),
(3044, 'Tamil Nadu', 'Pallikondai'),
(3045, 'Tamil Nadu', 'Pallipattu'),
(3046, 'Tamil Nadu', 'Pallippatti'),
(3047, 'Tamil Nadu', 'Panruti'),
(3048, 'Tamil Nadu', 'Papanasam'),
(3049, 'Tamil Nadu', 'Papireddippatti'),
(3050, 'Tamil Nadu', 'Papparappatti'),
(3051, 'Tamil Nadu', 'Paramagudi'),
(3052, 'Tamil Nadu', 'Pattukkottai'),
(3053, 'Tamil Nadu', 'Pennadam'),
(3054, 'Tamil Nadu', 'Pennagaram'),
(3055, 'Tamil Nadu', 'Pennathur'),
(3056, 'Tamil Nadu', 'Peraiyur'),
(3057, 'Tamil Nadu', 'Perambalur'),
(3058, 'Tamil Nadu', 'Peranamallur'),
(3059, 'Tamil Nadu', 'Peranampattu'),
(3060, 'Tamil Nadu', 'Peravurani'),
(3061, 'Tamil Nadu', 'Periyakulam'),
(3062, 'Tamil Nadu', 'Periyanayakkanpalaiyam'),
(3063, 'Tamil Nadu', 'Periyanegamam'),
(3064, 'Tamil Nadu', 'Periyapatti'),
(3065, 'Tamil Nadu', 'Periyapattinam'),
(3066, 'Tamil Nadu', 'Perundurai'),
(3067, 'Tamil Nadu', 'Perungudi'),
(3068, 'Tamil Nadu', 'Perur'),
(3069, 'Tamil Nadu', 'Pollachi'),
(3070, 'Tamil Nadu', 'Polur'),
(3071, 'Tamil Nadu', 'Ponnamaravati'),
(3072, 'Tamil Nadu', 'Ponneri'),
(3073, 'Tamil Nadu', 'Poonamalle'),
(3074, 'Tamil Nadu', 'Porur'),
(3075, 'Tamil Nadu', 'Pudukkottai'),
(3076, 'Tamil Nadu', 'Puduppatti'),
(3077, 'Tamil Nadu', 'Pudur'),
(3078, 'Tamil Nadu', 'Puduvayal'),
(3079, 'Tamil Nadu', 'Puliyangudi'),
(3080, 'Tamil Nadu', 'Puliyur'),
(3081, 'Tamil Nadu', 'Pullambadi'),
(3082, 'Tamil Nadu', 'Punjai Puliyampatti'),
(3083, 'Tamil Nadu', 'Rajapalaiyam'),
(3084, 'Tamil Nadu', 'Ramanathapuram'),
(3085, 'Tamil Nadu', 'Rameswaram'),
(3086, 'Tamil Nadu', 'Ranipet'),
(3087, 'Tamil Nadu', 'Rasipuram'),
(3088, 'Tamil Nadu', 'Saint Thomas Mount'),
(3089, 'Tamil Nadu', 'Salem'),
(3090, 'Tamil Nadu', 'Sathankulam'),
(3091, 'Tamil Nadu', 'Sathyamangalam'),
(3092, 'Tamil Nadu', 'Sattur'),
(3093, 'Tamil Nadu', 'Sayalkudi'),
(3094, 'Tamil Nadu', 'Seven Pagodas'),
(3095, 'Tamil Nadu', 'Sholinghur'),
(3096, 'Tamil Nadu', 'Singanallur'),
(3097, 'Tamil Nadu', 'Singapperumalkovil'),
(3098, 'Tamil Nadu', 'Sirkazhi'),
(3099, 'Tamil Nadu', 'Sirumugai'),
(3100, 'Tamil Nadu', 'Sivaganga'),
(3101, 'Tamil Nadu', 'Sivagiri'),
(3102, 'Tamil Nadu', 'Sivakasi'),
(3103, 'Tamil Nadu', 'Srimushnam'),
(3104, 'Tamil Nadu', 'Sriperumbudur'),
(3105, 'Tamil Nadu', 'Srivaikuntam'),
(3106, 'Tamil Nadu', 'Srivilliputhur'),
(3107, 'Tamil Nadu', 'Suchindram'),
(3108, 'Tamil Nadu', 'Sulur'),
(3109, 'Tamil Nadu', 'Surandai'),
(3110, 'Tamil Nadu', 'Swamimalai'),
(3111, 'Tamil Nadu', 'Tambaram'),
(3112, 'Tamil Nadu', 'Tanjore'),
(3113, 'Tamil Nadu', 'Taramangalam'),
(3114, 'Tamil Nadu', 'Tattayyangarpettai'),
(3115, 'Tamil Nadu', 'Thanjavur'),
(3116, 'Tamil Nadu', 'Tharangambadi'),
(3117, 'Tamil Nadu', 'Theni'),
(3118, 'Tamil Nadu', 'Thenkasi'),
(3119, 'Tamil Nadu', 'Thirukattupalli'),
(3120, 'Tamil Nadu', 'Thiruthani'),
(3121, 'Tamil Nadu', 'Thiruvaiyaru'),
(3122, 'Tamil Nadu', 'Thiruvallur'),
(3123, 'Tamil Nadu', 'Thiruvarur'),
(3124, 'Tamil Nadu', 'Thiruvidaimaruthur'),
(3125, 'Tamil Nadu', 'Thoothukudi'),
(3126, 'Tamil Nadu', 'Tindivanam'),
(3127, 'Tamil Nadu', 'Tinnanur'),
(3128, 'Tamil Nadu', 'Tiruchchendur'),
(3129, 'Tamil Nadu', 'Tiruchengode'),
(3130, 'Tamil Nadu', 'Tiruchirappalli'),
(3131, 'Tamil Nadu', 'Tirukkoyilur'),
(3132, 'Tamil Nadu', 'Tirumullaivasal'),
(3133, 'Tamil Nadu', 'Tirunelveli'),
(3134, 'Tamil Nadu', 'Tirunelveli Kattabo'),
(3135, 'Tamil Nadu', 'Tiruppalaikudi'),
(3136, 'Tamil Nadu', 'Tirupparangunram'),
(3137, 'Tamil Nadu', 'Tiruppur'),
(3138, 'Tamil Nadu', 'Tiruppuvanam'),
(3139, 'Tamil Nadu', 'Tiruttangal'),
(3140, 'Tamil Nadu', 'Tiruvannamalai'),
(3141, 'Tamil Nadu', 'Tiruvottiyur'),
(3142, 'Tamil Nadu', 'Tisaiyanvilai'),
(3143, 'Tamil Nadu', 'Tondi'),
(3144, 'Tamil Nadu', 'Turaiyur'),
(3145, 'Tamil Nadu', 'Udangudi'),
(3146, 'Tamil Nadu', 'Udumalaippettai'),
(3147, 'Tamil Nadu', 'Uppiliyapuram'),
(3148, 'Tamil Nadu', 'Usilampatti'),
(3149, 'Tamil Nadu', 'Uttamapalaiyam'),
(3150, 'Tamil Nadu', 'Uttiramerur'),
(3151, 'Tamil Nadu', 'Uttukkuli'),
(3152, 'Tamil Nadu', 'V.S.K.Valasai (Dindigul-Dist.)'),
(3153, 'Tamil Nadu', 'Vadakku Valliyur'),
(3154, 'Tamil Nadu', 'Vadakku Viravanallur'),
(3155, 'Tamil Nadu', 'Vadamadurai'),
(3156, 'Tamil Nadu', 'Vadippatti'),
(3157, 'Tamil Nadu', 'Valangaiman'),
(3158, 'Tamil Nadu', 'Valavanur'),
(3159, 'Tamil Nadu', 'Vallam'),
(3160, 'Tamil Nadu', 'Valparai'),
(3161, 'Tamil Nadu', 'Vandalur'),
(3162, 'Tamil Nadu', 'Vandavasi'),
(3163, 'Tamil Nadu', 'Vaniyambadi'),
(3164, 'Tamil Nadu', 'Vasudevanallur'),
(3165, 'Tamil Nadu', 'Vattalkundu'),
(3166, 'Tamil Nadu', 'Vedaraniyam'),
(3167, 'Tamil Nadu', 'Vedasandur'),
(3168, 'Tamil Nadu', 'Velankanni'),
(3169, 'Tamil Nadu', 'Vellanur'),
(3170, 'Tamil Nadu', 'Vellore'),
(3171, 'Tamil Nadu', 'Velur'),
(3172, 'Tamil Nadu', 'Vengavasal'),
(3173, 'Tamil Nadu', 'Vettaikkaranpudur'),
(3174, 'Tamil Nadu', 'Vettavalam'),
(3175, 'Tamil Nadu', 'Vijayapuri'),
(3176, 'Tamil Nadu', 'Vikravandi');
INSERT INTO `cities` (`id`, `State`, `Location`) VALUES
(3177, 'Tamil Nadu', 'Vilattikulam'),
(3178, 'Tamil Nadu', 'Villupuram'),
(3179, 'Tamil Nadu', 'Viraganur'),
(3180, 'Tamil Nadu', 'Virudhunagar'),
(3181, 'Tamil Nadu', 'Vriddhachalam'),
(3182, 'Tamil Nadu', 'Walajapet'),
(3183, 'Tamil Nadu', 'Wallajahbad'),
(3184, 'Tamil Nadu', 'Wellington'),
(3185, 'Telangana', 'Adilabad'),
(3186, 'Telangana', 'Alampur'),
(3187, 'Telangana', 'Andol'),
(3188, 'Telangana', 'Asifabad'),
(3189, 'Telangana', 'Balapur'),
(3190, 'Telangana', 'Banswada'),
(3191, 'Telangana', 'Bellampalli'),
(3192, 'Telangana', 'Bhadrachalam'),
(3193, 'Telangana', 'Bhadradri Kothagudem'),
(3194, 'Telangana', 'Bhaisa'),
(3195, 'Telangana', 'Bhongir'),
(3196, 'Telangana', 'Bodhan'),
(3197, 'Telangana', 'Chandur'),
(3198, 'Telangana', 'Chatakonda'),
(3199, 'Telangana', 'Dasnapur'),
(3200, 'Telangana', 'Devarkonda'),
(3201, 'Telangana', 'Dornakal'),
(3202, 'Telangana', 'Farrukhnagar'),
(3203, 'Telangana', 'Gaddi Annaram'),
(3204, 'Telangana', 'Gadwal'),
(3205, 'Telangana', 'Ghatkesar'),
(3206, 'Telangana', 'Gopalur'),
(3207, 'Telangana', 'Gudur'),
(3208, 'Telangana', 'Hyderabad'),
(3209, 'Telangana', 'Jagtial'),
(3210, 'Telangana', 'Jangaon'),
(3211, 'Telangana', 'Jangoan'),
(3212, 'Telangana', 'Jayashankar Bhupalapally'),
(3213, 'Telangana', 'Jogulamba Gadwal'),
(3214, 'Telangana', 'Kagaznagar'),
(3215, 'Telangana', 'Kamareddi'),
(3216, 'Telangana', 'Kamareddy'),
(3217, 'Telangana', 'Karimnagar'),
(3218, 'Telangana', 'Khammam'),
(3219, 'Telangana', 'Kodar'),
(3220, 'Telangana', 'Koratla'),
(3221, 'Telangana', 'Kothapet'),
(3222, 'Telangana', 'Kottagudem'),
(3223, 'Telangana', 'Kottapalli'),
(3224, 'Telangana', 'Kukatpalli'),
(3225, 'Telangana', 'Kyathampalle'),
(3226, 'Telangana', 'Lakshettipet'),
(3227, 'Telangana', 'Lal Bahadur Nagar'),
(3228, 'Telangana', 'Mahabubabad'),
(3229, 'Telangana', 'Mahbubnagar'),
(3230, 'Telangana', 'Malkajgiri'),
(3231, 'Telangana', 'Mancheral'),
(3232, 'Telangana', 'Mandamarri'),
(3233, 'Telangana', 'Manthani'),
(3234, 'Telangana', 'Manuguru'),
(3235, 'Telangana', 'Medak'),
(3236, 'Telangana', 'Medchal'),
(3237, 'Telangana', 'Medchal Malkajgiri'),
(3238, 'Telangana', 'Mirialguda'),
(3239, 'Telangana', 'Nagar Karnul'),
(3240, 'Telangana', 'Nalgonda'),
(3241, 'Telangana', 'Narayanpet'),
(3242, 'Telangana', 'Narsingi'),
(3243, 'Telangana', 'Naspur'),
(3244, 'Telangana', 'Nirmal'),
(3245, 'Telangana', 'Nizamabad'),
(3246, 'Telangana', 'Paloncha'),
(3247, 'Telangana', 'Palwancha'),
(3248, 'Telangana', 'Patancheru'),
(3249, 'Telangana', 'Peddapalli'),
(3250, 'Telangana', 'Quthbullapur'),
(3251, 'Telangana', 'Rajanna Sircilla'),
(3252, 'Telangana', 'Ramagundam'),
(3253, 'Telangana', 'Ramgundam'),
(3254, 'Telangana', 'Rangareddi'),
(3255, 'Telangana', 'Sadaseopet'),
(3256, 'Telangana', 'Sangareddi'),
(3257, 'Telangana', 'Sathupalli'),
(3258, 'Telangana', 'Secunderabad'),
(3259, 'Telangana', 'Serilingampalle'),
(3260, 'Telangana', 'Siddipet'),
(3261, 'Telangana', 'Singapur'),
(3262, 'Telangana', 'Sirpur'),
(3263, 'Telangana', 'Sirsilla'),
(3264, 'Telangana', 'Sriramnagar'),
(3265, 'Telangana', 'Suriapet'),
(3266, 'Telangana', 'Tandur'),
(3267, 'Telangana', 'Uppal Kalan'),
(3268, 'Telangana', 'Vemalwada'),
(3269, 'Telangana', 'Vikarabad'),
(3270, 'Telangana', 'Wanparti'),
(3271, 'Telangana', 'Warangal'),
(3272, 'Telangana', 'Yellandu'),
(3273, 'Telangana', 'Zahirabad'),
(3274, 'Tripura', 'Agartala'),
(3275, 'Tripura', 'Amarpur'),
(3276, 'Tripura', 'Ambasa'),
(3277, 'Tripura', 'Barjala'),
(3278, 'Tripura', 'Belonia'),
(3279, 'Tripura', 'Dhalai'),
(3280, 'Tripura', 'Dharmanagar'),
(3281, 'Tripura', 'Gomati'),
(3282, 'Tripura', 'Kailashahar'),
(3283, 'Tripura', 'Kamalpur'),
(3284, 'Tripura', 'Khowai'),
(3285, 'Tripura', 'North Tripura'),
(3286, 'Tripura', 'Ranir Bazar'),
(3287, 'Tripura', 'Sabrum'),
(3288, 'Tripura', 'Sonamura'),
(3289, 'Tripura', 'South Tripura'),
(3290, 'Tripura', 'Udaipur'),
(3291, 'Tripura', 'Unakoti'),
(3292, 'Tripura', 'West Tripura'),
(3293, 'Uttar Pradesh', 'Achhnera'),
(3294, 'Uttar Pradesh', 'Afzalgarh'),
(3295, 'Uttar Pradesh', 'Agra'),
(3296, 'Uttar Pradesh', 'Ahraura'),
(3297, 'Uttar Pradesh', 'Aidalpur'),
(3298, 'Uttar Pradesh', 'Airwa'),
(3299, 'Uttar Pradesh', 'Akbarpur'),
(3300, 'Uttar Pradesh', 'Akola'),
(3301, 'Uttar Pradesh', 'Aliganj'),
(3302, 'Uttar Pradesh', 'Aligarh'),
(3303, 'Uttar Pradesh', 'Allahabad'),
(3304, 'Uttar Pradesh', 'Allahganj'),
(3305, 'Uttar Pradesh', 'Amanpur'),
(3306, 'Uttar Pradesh', 'Amauli'),
(3307, 'Uttar Pradesh', 'Ambahta'),
(3308, 'Uttar Pradesh', 'Ambedkar Nagar'),
(3309, 'Uttar Pradesh', 'Amethi'),
(3310, 'Uttar Pradesh', 'Amroha'),
(3311, 'Uttar Pradesh', 'Anandnagar'),
(3312, 'Uttar Pradesh', 'Antu'),
(3313, 'Uttar Pradesh', 'Anupshahr'),
(3314, 'Uttar Pradesh', 'Aonla'),
(3315, 'Uttar Pradesh', 'Araul'),
(3316, 'Uttar Pradesh', 'Asalatganj'),
(3317, 'Uttar Pradesh', 'Atarra'),
(3318, 'Uttar Pradesh', 'Atrauli'),
(3319, 'Uttar Pradesh', 'Atraulia'),
(3320, 'Uttar Pradesh', 'Auraiya'),
(3321, 'Uttar Pradesh', 'Auras'),
(3322, 'Uttar Pradesh', 'Ayodhya'),
(3323, 'Uttar Pradesh', 'Azamgarh'),
(3324, 'Uttar Pradesh', 'Azizpur'),
(3325, 'Uttar Pradesh', 'Baberu'),
(3326, 'Uttar Pradesh', 'Babina'),
(3327, 'Uttar Pradesh', 'Babrala'),
(3328, 'Uttar Pradesh', 'Babugarh'),
(3329, 'Uttar Pradesh', 'Bachhraon'),
(3330, 'Uttar Pradesh', 'Bachhrawan'),
(3331, 'Uttar Pradesh', 'Baghpat'),
(3332, 'Uttar Pradesh', 'Baghra'),
(3333, 'Uttar Pradesh', 'Bah'),
(3334, 'Uttar Pradesh', 'Baheri'),
(3335, 'Uttar Pradesh', 'Bahjoi'),
(3336, 'Uttar Pradesh', 'Bahraich'),
(3337, 'Uttar Pradesh', 'Bahraigh'),
(3338, 'Uttar Pradesh', 'Bahsuma'),
(3339, 'Uttar Pradesh', 'Bahua'),
(3340, 'Uttar Pradesh', 'Bajna'),
(3341, 'Uttar Pradesh', 'Bakewar'),
(3342, 'Uttar Pradesh', 'Baksar'),
(3343, 'Uttar Pradesh', 'Balamau'),
(3344, 'Uttar Pradesh', 'Baldeo'),
(3345, 'Uttar Pradesh', 'Baldev'),
(3346, 'Uttar Pradesh', 'Ballia'),
(3347, 'Uttar Pradesh', 'Balrampur'),
(3348, 'Uttar Pradesh', 'Banat'),
(3349, 'Uttar Pradesh', 'Banbasa'),
(3350, 'Uttar Pradesh', 'Banda'),
(3351, 'Uttar Pradesh', 'Bangarmau'),
(3352, 'Uttar Pradesh', 'Bansdih'),
(3353, 'Uttar Pradesh', 'Bansgaon'),
(3354, 'Uttar Pradesh', 'Bansi'),
(3355, 'Uttar Pradesh', 'Banthra'),
(3356, 'Uttar Pradesh', 'Bara Banki'),
(3357, 'Uttar Pradesh', 'Baragaon'),
(3358, 'Uttar Pradesh', 'Baraut'),
(3359, 'Uttar Pradesh', 'Bareilly'),
(3360, 'Uttar Pradesh', 'Barhalganj'),
(3361, 'Uttar Pradesh', 'Barkhera'),
(3362, 'Uttar Pradesh', 'Barkhera Kalan'),
(3363, 'Uttar Pradesh', 'Barokhar'),
(3364, 'Uttar Pradesh', 'Barsana'),
(3365, 'Uttar Pradesh', 'Barwar (Lakhimpur Kheri)'),
(3366, 'Uttar Pradesh', 'Basti'),
(3367, 'Uttar Pradesh', 'Behat'),
(3368, 'Uttar Pradesh', 'Bela'),
(3369, 'Uttar Pradesh', 'Belthara'),
(3370, 'Uttar Pradesh', 'Beniganj'),
(3371, 'Uttar Pradesh', 'Beswan'),
(3372, 'Uttar Pradesh', 'Bewar'),
(3373, 'Uttar Pradesh', 'Bhadarsa'),
(3374, 'Uttar Pradesh', 'Bhadohi'),
(3375, 'Uttar Pradesh', 'Bhagwantnagar'),
(3376, 'Uttar Pradesh', 'Bharatpura'),
(3377, 'Uttar Pradesh', 'Bhargain'),
(3378, 'Uttar Pradesh', 'Bharthana'),
(3379, 'Uttar Pradesh', 'Bharwari'),
(3380, 'Uttar Pradesh', 'Bhaupur'),
(3381, 'Uttar Pradesh', 'Bhimtal'),
(3382, 'Uttar Pradesh', 'Bhinga'),
(3383, 'Uttar Pradesh', 'Bhognipur'),
(3384, 'Uttar Pradesh', 'Bhongaon'),
(3385, 'Uttar Pradesh', 'Bidhnu'),
(3386, 'Uttar Pradesh', 'Bidhuna'),
(3387, 'Uttar Pradesh', 'Bighapur'),
(3388, 'Uttar Pradesh', 'Bighapur Khurd'),
(3389, 'Uttar Pradesh', 'Bijnor'),
(3390, 'Uttar Pradesh', 'Bikapur'),
(3391, 'Uttar Pradesh', 'Bilari'),
(3392, 'Uttar Pradesh', 'Bilariaganj'),
(3393, 'Uttar Pradesh', 'Bilaspur'),
(3394, 'Uttar Pradesh', 'Bilgram'),
(3395, 'Uttar Pradesh', 'Bilhaur'),
(3396, 'Uttar Pradesh', 'Bilsanda'),
(3397, 'Uttar Pradesh', 'Bilsi'),
(3398, 'Uttar Pradesh', 'Bilthra'),
(3399, 'Uttar Pradesh', 'Binauli'),
(3400, 'Uttar Pradesh', 'Binaur'),
(3401, 'Uttar Pradesh', 'Bindki'),
(3402, 'Uttar Pradesh', 'Birdpur'),
(3403, 'Uttar Pradesh', 'Birpur'),
(3404, 'Uttar Pradesh', 'Bisalpur'),
(3405, 'Uttar Pradesh', 'Bisanda Buzurg'),
(3406, 'Uttar Pradesh', 'Bisauli'),
(3407, 'Uttar Pradesh', 'Bisenda Buzurg'),
(3408, 'Uttar Pradesh', 'Bishunpur Urf Maharajganj'),
(3409, 'Uttar Pradesh', 'Biswan'),
(3410, 'Uttar Pradesh', 'Bithur'),
(3411, 'Uttar Pradesh', 'Budaun'),
(3412, 'Uttar Pradesh', 'Budhana'),
(3413, 'Uttar Pradesh', 'Bulandshahr'),
(3414, 'Uttar Pradesh', 'Captainganj'),
(3415, 'Uttar Pradesh', 'Chail'),
(3416, 'Uttar Pradesh', 'Chakia'),
(3417, 'Uttar Pradesh', 'Chandauli'),
(3418, 'Uttar Pradesh', 'Chandauli District'),
(3419, 'Uttar Pradesh', 'Chandausi'),
(3420, 'Uttar Pradesh', 'Chandpur'),
(3421, 'Uttar Pradesh', 'Chanduasi'),
(3422, 'Uttar Pradesh', 'Charkhari'),
(3423, 'Uttar Pradesh', 'Charthawal'),
(3424, 'Uttar Pradesh', 'Chhaprauli'),
(3425, 'Uttar Pradesh', 'Chharra'),
(3426, 'Uttar Pradesh', 'Chhata'),
(3427, 'Uttar Pradesh', 'Chhibramau'),
(3428, 'Uttar Pradesh', 'Chhitauni'),
(3429, 'Uttar Pradesh', 'Chhutmalpur'),
(3430, 'Uttar Pradesh', 'Chillupar'),
(3431, 'Uttar Pradesh', 'Chirgaon'),
(3432, 'Uttar Pradesh', 'Chitrakoot'),
(3433, 'Uttar Pradesh', 'Chitrakoot Dham'),
(3434, 'Uttar Pradesh', 'Chopan'),
(3435, 'Uttar Pradesh', 'Chunar'),
(3436, 'Uttar Pradesh', 'Churk'),
(3437, 'Uttar Pradesh', 'Colonelganj'),
(3438, 'Uttar Pradesh', 'Dadri'),
(3439, 'Uttar Pradesh', 'Dalmau'),
(3440, 'Uttar Pradesh', 'Dankaur'),
(3441, 'Uttar Pradesh', 'Daraganj'),
(3442, 'Uttar Pradesh', 'Daranagar'),
(3443, 'Uttar Pradesh', 'Dasna'),
(3444, 'Uttar Pradesh', 'Dataganj'),
(3445, 'Uttar Pradesh', 'Daurala'),
(3446, 'Uttar Pradesh', 'Dayal Bagh'),
(3447, 'Uttar Pradesh', 'Deoband'),
(3448, 'Uttar Pradesh', 'Deogarh'),
(3449, 'Uttar Pradesh', 'Deoranian'),
(3450, 'Uttar Pradesh', 'Deoria'),
(3451, 'Uttar Pradesh', 'Derapur'),
(3452, 'Uttar Pradesh', 'Dewa'),
(3453, 'Uttar Pradesh', 'Dhampur'),
(3454, 'Uttar Pradesh', 'Dhanaura'),
(3455, 'Uttar Pradesh', 'Dhanghata'),
(3456, 'Uttar Pradesh', 'Dharau'),
(3457, 'Uttar Pradesh', 'Dhaurahra'),
(3458, 'Uttar Pradesh', 'Dibai'),
(3459, 'Uttar Pradesh', 'Divrasai'),
(3460, 'Uttar Pradesh', 'Dohrighat'),
(3461, 'Uttar Pradesh', 'Domariaganj'),
(3462, 'Uttar Pradesh', 'Dostpur'),
(3463, 'Uttar Pradesh', 'Dudhi'),
(3464, 'Uttar Pradesh', 'Etah'),
(3465, 'Uttar Pradesh', 'Etawah'),
(3466, 'Uttar Pradesh', 'Etmadpur'),
(3467, 'Uttar Pradesh', 'Faizabad'),
(3468, 'Uttar Pradesh', 'Farah'),
(3469, 'Uttar Pradesh', 'Faridnagar'),
(3470, 'Uttar Pradesh', 'Faridpur'),
(3471, 'Uttar Pradesh', 'Farrukhabad'),
(3472, 'Uttar Pradesh', 'Fatehabad'),
(3473, 'Uttar Pradesh', 'Fatehganj West'),
(3474, 'Uttar Pradesh', 'Fatehgarh'),
(3475, 'Uttar Pradesh', 'Fatehpur'),
(3476, 'Uttar Pradesh', 'Fatehpur (Barabanki)'),
(3477, 'Uttar Pradesh', 'Fatehpur Chaurasi'),
(3478, 'Uttar Pradesh', 'Fatehpur Sikri'),
(3479, 'Uttar Pradesh', 'Firozabad'),
(3480, 'Uttar Pradesh', 'Fyzabad'),
(3481, 'Uttar Pradesh', 'Gahlon'),
(3482, 'Uttar Pradesh', 'Gahmar'),
(3483, 'Uttar Pradesh', 'Gaini'),
(3484, 'Uttar Pradesh', 'Gajraula'),
(3485, 'Uttar Pradesh', 'Gangoh'),
(3486, 'Uttar Pradesh', 'Ganj Dundawara'),
(3487, 'Uttar Pradesh', 'Ganj Dundwara'),
(3488, 'Uttar Pradesh', 'Ganj Muradabad'),
(3489, 'Uttar Pradesh', 'Garautha'),
(3490, 'Uttar Pradesh', 'Garhi Pukhta'),
(3491, 'Uttar Pradesh', 'Garhmuktesar'),
(3492, 'Uttar Pradesh', 'Garhwa'),
(3493, 'Uttar Pradesh', 'Gauriganj'),
(3494, 'Uttar Pradesh', 'Gautam Buddha Nagar'),
(3495, 'Uttar Pradesh', 'Gawan'),
(3496, 'Uttar Pradesh', 'Ghatampur'),
(3497, 'Uttar Pradesh', 'Ghaziabad'),
(3498, 'Uttar Pradesh', 'Ghazipur'),
(3499, 'Uttar Pradesh', 'Ghiror'),
(3500, 'Uttar Pradesh', 'Ghorawal'),
(3501, 'Uttar Pradesh', 'Ghosi'),
(3502, 'Uttar Pradesh', 'Gohand'),
(3503, 'Uttar Pradesh', 'Gokul'),
(3504, 'Uttar Pradesh', 'Gola Bazar'),
(3505, 'Uttar Pradesh', 'Gola Gokarannath'),
(3506, 'Uttar Pradesh', 'Gonda'),
(3507, 'Uttar Pradesh', 'Gonda (Aligarh)'),
(3508, 'Uttar Pradesh', 'Gonda City'),
(3509, 'Uttar Pradesh', 'Gopamau'),
(3510, 'Uttar Pradesh', 'Gorakhpur'),
(3511, 'Uttar Pradesh', 'Gosainganj'),
(3512, 'Uttar Pradesh', 'Goshainganj'),
(3513, 'Uttar Pradesh', 'Govardhan'),
(3514, 'Uttar Pradesh', 'Greater Noida'),
(3515, 'Uttar Pradesh', 'Gulaothi'),
(3516, 'Uttar Pradesh', 'Gunnaur'),
(3517, 'Uttar Pradesh', 'Gursahaiganj'),
(3518, 'Uttar Pradesh', 'Gursarai'),
(3519, 'Uttar Pradesh', 'Gyanpur'),
(3520, 'Uttar Pradesh', 'Haldaur'),
(3521, 'Uttar Pradesh', 'Hamirpur'),
(3522, 'Uttar Pradesh', 'Handia'),
(3523, 'Uttar Pradesh', 'Hapur'),
(3524, 'Uttar Pradesh', 'Haraipur'),
(3525, 'Uttar Pradesh', 'Haraiya'),
(3526, 'Uttar Pradesh', 'Harchandpur'),
(3527, 'Uttar Pradesh', 'Hardoi'),
(3528, 'Uttar Pradesh', 'Harduaganj'),
(3529, 'Uttar Pradesh', 'Hasanpur'),
(3530, 'Uttar Pradesh', 'Hastinapur'),
(3531, 'Uttar Pradesh', 'Hata'),
(3532, 'Uttar Pradesh', 'Hata (India)'),
(3533, 'Uttar Pradesh', 'Hathras'),
(3534, 'Uttar Pradesh', 'Hulas'),
(3535, 'Uttar Pradesh', 'Ibrahimpur'),
(3536, 'Uttar Pradesh', 'Iglas'),
(3537, 'Uttar Pradesh', 'Ikauna'),
(3538, 'Uttar Pradesh', 'Indergarh'),
(3539, 'Uttar Pradesh', 'Indragarh'),
(3540, 'Uttar Pradesh', 'Islamnagar'),
(3541, 'Uttar Pradesh', 'Islamnagar (Badaun)'),
(3542, 'Uttar Pradesh', 'Itaunja'),
(3543, 'Uttar Pradesh', 'Itimadpur'),
(3544, 'Uttar Pradesh', 'Jagdishpur'),
(3545, 'Uttar Pradesh', 'Jagnair'),
(3546, 'Uttar Pradesh', 'Jahanabad'),
(3547, 'Uttar Pradesh', 'Jahanabad (Pilibhit)'),
(3548, 'Uttar Pradesh', 'Jahangirabad'),
(3549, 'Uttar Pradesh', 'Jahangirpur'),
(3550, 'Uttar Pradesh', 'Jainpur'),
(3551, 'Uttar Pradesh', 'Jais'),
(3552, 'Uttar Pradesh', 'Jalalabad'),
(3553, 'Uttar Pradesh', 'Jalali'),
(3554, 'Uttar Pradesh', 'Jalalpur'),
(3555, 'Uttar Pradesh', 'Jalaun'),
(3556, 'Uttar Pradesh', 'Jalesar'),
(3557, 'Uttar Pradesh', 'Janghai'),
(3558, 'Uttar Pradesh', 'Jansath'),
(3559, 'Uttar Pradesh', 'Jarwa'),
(3560, 'Uttar Pradesh', 'Jarwal'),
(3561, 'Uttar Pradesh', 'Jasrana'),
(3562, 'Uttar Pradesh', 'Jaswantnagar'),
(3563, 'Uttar Pradesh', 'Jaunpur'),
(3564, 'Uttar Pradesh', 'Jewar'),
(3565, 'Uttar Pradesh', 'Jhajhar'),
(3566, 'Uttar Pradesh', 'Jhalu'),
(3567, 'Uttar Pradesh', 'Jhansi'),
(3568, 'Uttar Pradesh', 'Jhinjhak'),
(3569, 'Uttar Pradesh', 'Jhinjhana'),
(3570, 'Uttar Pradesh', 'Jhusi'),
(3571, 'Uttar Pradesh', 'Jiyanpur'),
(3572, 'Uttar Pradesh', 'Jyotiba Phule Nagar'),
(3573, 'Uttar Pradesh', 'Kabrai'),
(3574, 'Uttar Pradesh', 'Kachhwa'),
(3575, 'Uttar Pradesh', 'Kadaura'),
(3576, 'Uttar Pradesh', 'Kadipur'),
(3577, 'Uttar Pradesh', 'Kagarol'),
(3578, 'Uttar Pradesh', 'Kaimganj'),
(3579, 'Uttar Pradesh', 'Kairana'),
(3580, 'Uttar Pradesh', 'Kakori'),
(3581, 'Uttar Pradesh', 'Kakrala'),
(3582, 'Uttar Pradesh', 'Kalinagar'),
(3583, 'Uttar Pradesh', 'Kalpi'),
(3584, 'Uttar Pradesh', 'Kalyanpur'),
(3585, 'Uttar Pradesh', 'Kamalganj'),
(3586, 'Uttar Pradesh', 'Kampil'),
(3587, 'Uttar Pradesh', 'Kandhla'),
(3588, 'Uttar Pradesh', 'Kannauj'),
(3589, 'Uttar Pradesh', 'Kanpur'),
(3590, 'Uttar Pradesh', 'Kanpur Dehat'),
(3591, 'Uttar Pradesh', 'Kant'),
(3592, 'Uttar Pradesh', 'Kanth'),
(3593, 'Uttar Pradesh', 'Kaptanganj'),
(3594, 'Uttar Pradesh', 'Kara'),
(3595, 'Uttar Pradesh', 'Karari'),
(3596, 'Uttar Pradesh', 'Karbigwan'),
(3597, 'Uttar Pradesh', 'Karchana'),
(3598, 'Uttar Pradesh', 'Karhal'),
(3599, 'Uttar Pradesh', 'Kasganj'),
(3600, 'Uttar Pradesh', 'Katra'),
(3601, 'Uttar Pradesh', 'Kausani'),
(3602, 'Uttar Pradesh', 'Kaushambi District'),
(3603, 'Uttar Pradesh', 'Kemri'),
(3604, 'Uttar Pradesh', 'Khada'),
(3605, 'Uttar Pradesh', 'Khaga'),
(3606, 'Uttar Pradesh', 'Khailar'),
(3607, 'Uttar Pradesh', 'Khair'),
(3608, 'Uttar Pradesh', 'Khairabad'),
(3609, 'Uttar Pradesh', 'Khalilabad'),
(3610, 'Uttar Pradesh', 'Khanpur'),
(3611, 'Uttar Pradesh', 'Kharela'),
(3612, 'Uttar Pradesh', 'Khargupur'),
(3613, 'Uttar Pradesh', 'Kharkhauda'),
(3614, 'Uttar Pradesh', 'Khatauli'),
(3615, 'Uttar Pradesh', 'Khekra'),
(3616, 'Uttar Pradesh', 'Kheri'),
(3617, 'Uttar Pradesh', 'Khudaganj'),
(3618, 'Uttar Pradesh', 'Khurja'),
(3619, 'Uttar Pradesh', 'Khutar'),
(3620, 'Uttar Pradesh', 'Kirakat'),
(3621, 'Uttar Pradesh', 'Kiraoli'),
(3622, 'Uttar Pradesh', 'Kiratpur'),
(3623, 'Uttar Pradesh', 'Kishanpur'),
(3624, 'Uttar Pradesh', 'Kishanpur baral'),
(3625, 'Uttar Pradesh', 'Kishni'),
(3626, 'Uttar Pradesh', 'Kithor'),
(3627, 'Uttar Pradesh', 'Konch'),
(3628, 'Uttar Pradesh', 'Kopaganj'),
(3629, 'Uttar Pradesh', 'Kosi'),
(3630, 'Uttar Pradesh', 'Kota'),
(3631, 'Uttar Pradesh', 'Kotra'),
(3632, 'Uttar Pradesh', 'Kuchesar'),
(3633, 'Uttar Pradesh', 'Kudarkot'),
(3634, 'Uttar Pradesh', 'Kulpahar'),
(3635, 'Uttar Pradesh', 'Kunda'),
(3636, 'Uttar Pradesh', 'Kundarkhi'),
(3637, 'Uttar Pradesh', 'Kundarki'),
(3638, 'Uttar Pradesh', 'Kurara'),
(3639, 'Uttar Pradesh', 'Kurebhar,saidkhanpur'),
(3640, 'Uttar Pradesh', 'Kushinagar'),
(3641, 'Uttar Pradesh', 'Kusmara'),
(3642, 'Uttar Pradesh', 'Kuthaund'),
(3643, 'Uttar Pradesh', 'Laharpur'),
(3644, 'Uttar Pradesh', 'Lakhimpur'),
(3645, 'Uttar Pradesh', 'Lakhna'),
(3646, 'Uttar Pradesh', 'Lalganj'),
(3647, 'Uttar Pradesh', 'Lalitpur'),
(3648, 'Uttar Pradesh', 'Lambhua'),
(3649, 'Uttar Pradesh', 'Lar'),
(3650, 'Uttar Pradesh', 'Lawar'),
(3651, 'Uttar Pradesh', 'Lawar Khas'),
(3652, 'Uttar Pradesh', 'Loni'),
(3653, 'Uttar Pradesh', 'Lucknow'),
(3654, 'Uttar Pradesh', 'Lucknow District'),
(3655, 'Uttar Pradesh', 'Machhali Shahar'),
(3656, 'Uttar Pradesh', 'Machhlishahr'),
(3657, 'Uttar Pradesh', 'Madhoganj'),
(3658, 'Uttar Pradesh', 'Madhogarh'),
(3659, 'Uttar Pradesh', 'Maghar'),
(3660, 'Uttar Pradesh', 'Mahaban'),
(3661, 'Uttar Pradesh', 'Maharajganj'),
(3662, 'Uttar Pradesh', 'Mahmudabad'),
(3663, 'Uttar Pradesh', 'Mahoba'),
(3664, 'Uttar Pradesh', 'Maholi'),
(3665, 'Uttar Pradesh', 'Mahrajganj'),
(3666, 'Uttar Pradesh', 'Mahrajganj (Raebareli)'),
(3667, 'Uttar Pradesh', 'Mahroni'),
(3668, 'Uttar Pradesh', 'Mahul'),
(3669, 'Uttar Pradesh', 'Mailani'),
(3670, 'Uttar Pradesh', 'Mainpuri'),
(3671, 'Uttar Pradesh', 'Majhupur'),
(3672, 'Uttar Pradesh', 'Makanpur'),
(3673, 'Uttar Pradesh', 'Malasa'),
(3674, 'Uttar Pradesh', 'Malihabad'),
(3675, 'Uttar Pradesh', 'Mandawar'),
(3676, 'Uttar Pradesh', 'Maniar'),
(3677, 'Uttar Pradesh', 'Manikpur'),
(3678, 'Uttar Pradesh', 'Manjhanpur'),
(3679, 'Uttar Pradesh', 'Mankapur'),
(3680, 'Uttar Pradesh', 'Marahra'),
(3681, 'Uttar Pradesh', 'Mariahu'),
(3682, 'Uttar Pradesh', 'Mataundh'),
(3683, 'Uttar Pradesh', 'Mathura'),
(3684, 'Uttar Pradesh', 'Mau'),
(3685, 'Uttar Pradesh', 'Mau Aima'),
(3686, 'Uttar Pradesh', 'Mau Aimma'),
(3687, 'Uttar Pradesh', 'Maudaha'),
(3688, 'Uttar Pradesh', 'Mauranwan'),
(3689, 'Uttar Pradesh', 'Maurawan'),
(3690, 'Uttar Pradesh', 'Mawana'),
(3691, 'Uttar Pradesh', 'Mawar'),
(3692, 'Uttar Pradesh', 'Meerut'),
(3693, 'Uttar Pradesh', 'Mehdawal'),
(3694, 'Uttar Pradesh', 'Mehnagar'),
(3695, 'Uttar Pradesh', 'Mehndawal'),
(3696, 'Uttar Pradesh', 'Milak'),
(3697, 'Uttar Pradesh', 'Milkipur'),
(3698, 'Uttar Pradesh', 'Miranpur'),
(3699, 'Uttar Pradesh', 'Miranpur Katra'),
(3700, 'Uttar Pradesh', 'Mirganj'),
(3701, 'Uttar Pradesh', 'Mirzapur'),
(3702, 'Uttar Pradesh', 'Misrikh'),
(3703, 'Uttar Pradesh', 'Mohan'),
(3704, 'Uttar Pradesh', 'Mohanpur'),
(3705, 'Uttar Pradesh', 'Moradabad'),
(3706, 'Uttar Pradesh', 'Moth'),
(3707, 'Uttar Pradesh', 'Mubarakpur'),
(3708, 'Uttar Pradesh', 'Mughal Sarai'),
(3709, 'Uttar Pradesh', 'Muhammadabad'),
(3710, 'Uttar Pradesh', 'Mukteshwar'),
(3711, 'Uttar Pradesh', 'Mungra Badshahpur'),
(3712, 'Uttar Pradesh', 'Munsyari'),
(3713, 'Uttar Pradesh', 'Muradabad'),
(3714, 'Uttar Pradesh', 'Muradnagar'),
(3715, 'Uttar Pradesh', 'Mursan'),
(3716, 'Uttar Pradesh', 'Musafir-Khana'),
(3717, 'Uttar Pradesh', 'Musafirkhana'),
(3718, 'Uttar Pradesh', 'Muzaffarnagar'),
(3719, 'Uttar Pradesh', 'Nadigaon'),
(3720, 'Uttar Pradesh', 'Nagina'),
(3721, 'Uttar Pradesh', 'Nagla'),
(3722, 'Uttar Pradesh', 'Nagram'),
(3723, 'Uttar Pradesh', 'Najibabad'),
(3724, 'Uttar Pradesh', 'Nakur'),
(3725, 'Uttar Pradesh', 'Nanauta'),
(3726, 'Uttar Pradesh', 'Nandgaon'),
(3727, 'Uttar Pradesh', 'Nanpara'),
(3728, 'Uttar Pradesh', 'Narauli'),
(3729, 'Uttar Pradesh', 'Naraura'),
(3730, 'Uttar Pradesh', 'Narora'),
(3731, 'Uttar Pradesh', 'Naugama'),
(3732, 'Uttar Pradesh', 'Naurangpur'),
(3733, 'Uttar Pradesh', 'Nautanwa'),
(3734, 'Uttar Pradesh', 'Nawabganj'),
(3735, 'Uttar Pradesh', 'Nawabganj (Barabanki)'),
(3736, 'Uttar Pradesh', 'Nawabganj (Bareilly)'),
(3737, 'Uttar Pradesh', 'Newara'),
(3738, 'Uttar Pradesh', 'Nichlaul'),
(3739, 'Uttar Pradesh', 'Nigoh'),
(3740, 'Uttar Pradesh', 'Nihtaur'),
(3741, 'Uttar Pradesh', 'Niwari'),
(3742, 'Uttar Pradesh', 'Nizamabad'),
(3743, 'Uttar Pradesh', 'Noida'),
(3744, 'Uttar Pradesh', 'Nurpur'),
(3745, 'Uttar Pradesh', 'Obra'),
(3746, 'Uttar Pradesh', 'Orai'),
(3747, 'Uttar Pradesh', 'Oran'),
(3748, 'Uttar Pradesh', 'Pachperwa'),
(3749, 'Uttar Pradesh', 'Padrauna'),
(3750, 'Uttar Pradesh', 'Pahasu'),
(3751, 'Uttar Pradesh', 'Paigaon'),
(3752, 'Uttar Pradesh', 'Pali'),
(3753, 'Uttar Pradesh', 'Palia Kalan'),
(3754, 'Uttar Pradesh', 'Paras Rampur'),
(3755, 'Uttar Pradesh', 'Parichha'),
(3756, 'Uttar Pradesh', 'Parichhatgarh'),
(3757, 'Uttar Pradesh', 'Parshadepur'),
(3758, 'Uttar Pradesh', 'Pathakpura'),
(3759, 'Uttar Pradesh', 'Patiali'),
(3760, 'Uttar Pradesh', 'Patti'),
(3761, 'Uttar Pradesh', 'Pawayan'),
(3762, 'Uttar Pradesh', 'Payagpur'),
(3763, 'Uttar Pradesh', 'Phalauda'),
(3764, 'Uttar Pradesh', 'Phaphamau'),
(3765, 'Uttar Pradesh', 'Phaphund'),
(3766, 'Uttar Pradesh', 'Phariha'),
(3767, 'Uttar Pradesh', 'Pheona'),
(3768, 'Uttar Pradesh', 'Phulpur'),
(3769, 'Uttar Pradesh', 'Pichhaura'),
(3770, 'Uttar Pradesh', 'Pihani'),
(3771, 'Uttar Pradesh', 'Pilibhit'),
(3772, 'Uttar Pradesh', 'Pilkhua'),
(3773, 'Uttar Pradesh', 'Pilkhuwa'),
(3774, 'Uttar Pradesh', 'Pinahat'),
(3775, 'Uttar Pradesh', 'Pipraich'),
(3776, 'Uttar Pradesh', 'Pipri'),
(3777, 'Uttar Pradesh', 'Pratapgarh'),
(3778, 'Uttar Pradesh', 'Prayagraj (Allahabad)'),
(3779, 'Uttar Pradesh', 'Pukhrayan'),
(3780, 'Uttar Pradesh', 'Puranpur'),
(3781, 'Uttar Pradesh', 'Purmafi'),
(3782, 'Uttar Pradesh', 'Purwa'),
(3783, 'Uttar Pradesh', 'Qadirganj'),
(3784, 'Uttar Pradesh', 'Rabupura'),
(3785, 'Uttar Pradesh', 'Radha Kund'),
(3786, 'Uttar Pradesh', 'Radhakund'),
(3787, 'Uttar Pradesh', 'Raebareli'),
(3788, 'Uttar Pradesh', 'Rajapur'),
(3789, 'Uttar Pradesh', 'Ramkola'),
(3790, 'Uttar Pradesh', 'Ramnagar'),
(3791, 'Uttar Pradesh', 'Rampur'),
(3792, 'Uttar Pradesh', 'Rampura'),
(3793, 'Uttar Pradesh', 'Ranipur'),
(3794, 'Uttar Pradesh', 'Ranipur Barsi'),
(3795, 'Uttar Pradesh', 'Rasra'),
(3796, 'Uttar Pradesh', 'Rasulabad'),
(3797, 'Uttar Pradesh', 'Rath'),
(3798, 'Uttar Pradesh', 'Raya'),
(3799, 'Uttar Pradesh', 'Rehar'),
(3800, 'Uttar Pradesh', 'Renukoot'),
(3801, 'Uttar Pradesh', 'Renukut'),
(3802, 'Uttar Pradesh', 'Reoti'),
(3803, 'Uttar Pradesh', 'Reotipur'),
(3804, 'Uttar Pradesh', 'Richha'),
(3805, 'Uttar Pradesh', 'Robertsganj'),
(3806, 'Uttar Pradesh', 'Rudarpur'),
(3807, 'Uttar Pradesh', 'Rudauli'),
(3808, 'Uttar Pradesh', 'Rura'),
(3809, 'Uttar Pradesh', 'Sabalpur'),
(3810, 'Uttar Pradesh', 'Sachendi'),
(3811, 'Uttar Pradesh', 'Sadabad'),
(3812, 'Uttar Pradesh', 'Sadat'),
(3813, 'Uttar Pradesh', 'Safipur'),
(3814, 'Uttar Pradesh', 'Saharanpur'),
(3815, 'Uttar Pradesh', 'Sahaspur'),
(3816, 'Uttar Pradesh', 'Sahaswan'),
(3817, 'Uttar Pradesh', 'Sahawar'),
(3818, 'Uttar Pradesh', 'Sahibabad'),
(3819, 'Uttar Pradesh', 'Sahpau'),
(3820, 'Uttar Pradesh', 'Saidpur'),
(3821, 'Uttar Pradesh', 'Sakhanu'),
(3822, 'Uttar Pradesh', 'Sakit'),
(3823, 'Uttar Pradesh', 'Salempur'),
(3824, 'Uttar Pradesh', 'Salon'),
(3825, 'Uttar Pradesh', 'Sambhal'),
(3826, 'Uttar Pradesh', 'Samthar'),
(3827, 'Uttar Pradesh', 'Sandi'),
(3828, 'Uttar Pradesh', 'Sandila'),
(3829, 'Uttar Pradesh', 'Sant Kabir Nagar'),
(3830, 'Uttar Pradesh', 'Sant Ravi Das Nagar'),
(3831, 'Uttar Pradesh', 'Sarai Akil'),
(3832, 'Uttar Pradesh', 'Sarai Ekdil'),
(3833, 'Uttar Pradesh', 'Sarai Mir'),
(3834, 'Uttar Pradesh', 'Sarauli'),
(3835, 'Uttar Pradesh', 'Sardhana'),
(3836, 'Uttar Pradesh', 'Sarila'),
(3837, 'Uttar Pradesh', 'Sarurpur'),
(3838, 'Uttar Pradesh', 'Sasni'),
(3839, 'Uttar Pradesh', 'Satrikh'),
(3840, 'Uttar Pradesh', 'Saurikh'),
(3841, 'Uttar Pradesh', 'Sector'),
(3842, 'Uttar Pradesh', 'Seohara'),
(3843, 'Uttar Pradesh', 'Shahabad'),
(3844, 'Uttar Pradesh', 'Shahganj'),
(3845, 'Uttar Pradesh', 'Shahi'),
(3846, 'Uttar Pradesh', 'Shahjahanpur'),
(3847, 'Uttar Pradesh', 'Shahpur'),
(3848, 'Uttar Pradesh', 'Shamli'),
(3849, 'Uttar Pradesh', 'Shamsabad'),
(3850, 'Uttar Pradesh', 'Shankargarh'),
(3851, 'Uttar Pradesh', 'Shergarh'),
(3852, 'Uttar Pradesh', 'Sherkot'),
(3853, 'Uttar Pradesh', 'Shibnagar'),
(3854, 'Uttar Pradesh', 'Shikarpur'),
(3855, 'Uttar Pradesh', 'Shikarpur (Bulandshahr)'),
(3856, 'Uttar Pradesh', 'Shikohabad'),
(3857, 'Uttar Pradesh', 'Shishgarh'),
(3858, 'Uttar Pradesh', 'Shivrajpur'),
(3859, 'Uttar Pradesh', 'Shrawasti'),
(3860, 'Uttar Pradesh', 'Siddharthnagar'),
(3861, 'Uttar Pradesh', 'Siddhaur'),
(3862, 'Uttar Pradesh', 'Sidhauli'),
(3863, 'Uttar Pradesh', 'Sidhpura'),
(3864, 'Uttar Pradesh', 'Sikandarabad'),
(3865, 'Uttar Pradesh', 'Sikandarpur'),
(3866, 'Uttar Pradesh', 'Sikandra'),
(3867, 'Uttar Pradesh', 'Sikandra Rao'),
(3868, 'Uttar Pradesh', 'Sikandrabad'),
(3869, 'Uttar Pradesh', 'Sirathu'),
(3870, 'Uttar Pradesh', 'Sirsa'),
(3871, 'Uttar Pradesh', 'Sirsaganj'),
(3872, 'Uttar Pradesh', 'Sirsi'),
(3873, 'Uttar Pradesh', 'Sisauli'),
(3874, 'Uttar Pradesh', 'Siswa Bazar'),
(3875, 'Uttar Pradesh', 'Sitapur'),
(3876, 'Uttar Pradesh', 'Sonbhadra'),
(3877, 'Uttar Pradesh', 'Soron'),
(3878, 'Uttar Pradesh', 'Suar'),
(3879, 'Uttar Pradesh', 'Sultanpur'),
(3880, 'Uttar Pradesh', 'Surianwan'),
(3881, 'Uttar Pradesh', 'Tajpur'),
(3882, 'Uttar Pradesh', 'Talbahat'),
(3883, 'Uttar Pradesh', 'Talgram'),
(3884, 'Uttar Pradesh', 'Tanda'),
(3885, 'Uttar Pradesh', 'Terha'),
(3886, 'Uttar Pradesh', 'Thakurdwara'),
(3887, 'Uttar Pradesh', 'Thana Bhawan'),
(3888, 'Uttar Pradesh', 'Tigri'),
(3889, 'Uttar Pradesh', 'Tikaitnagar'),
(3890, 'Uttar Pradesh', 'Tikri'),
(3891, 'Uttar Pradesh', 'Tilhar'),
(3892, 'Uttar Pradesh', 'Tilsahri'),
(3893, 'Uttar Pradesh', 'Tindwari'),
(3894, 'Uttar Pradesh', 'Titron'),
(3895, 'Uttar Pradesh', 'Tori Fatehpur'),
(3896, 'Uttar Pradesh', 'Tori-Fatehpur'),
(3897, 'Uttar Pradesh', 'Tulsipur'),
(3898, 'Uttar Pradesh', 'Tundla'),
(3899, 'Uttar Pradesh', 'Ugu'),
(3900, 'Uttar Pradesh', 'Ujhani'),
(3901, 'Uttar Pradesh', 'Umri'),
(3902, 'Uttar Pradesh', 'Un'),
(3903, 'Uttar Pradesh', 'Unnao'),
(3904, 'Uttar Pradesh', 'Usawan'),
(3905, 'Uttar Pradesh', 'Usehat'),
(3906, 'Uttar Pradesh', 'Uska'),
(3907, 'Uttar Pradesh', 'Utraula'),
(3908, 'Uttar Pradesh', 'Varanasi'),
(3909, 'Uttar Pradesh', 'Vindhyachal'),
(3910, 'Uttar Pradesh', 'Vrindavan'),
(3911, 'Uttar Pradesh', 'Walterganj'),
(3912, 'Uttar Pradesh', 'Wazirganj'),
(3913, 'Uttar Pradesh', 'Yusufpur'),
(3914, 'Uttar Pradesh', 'Zafarabad'),
(3915, 'Uttar Pradesh', 'Zaidpur'),
(3916, 'Uttar Pradesh', 'Zamania'),
(3917, 'Uttarakhand', 'Almora'),
(3918, 'Uttarakhand', 'Bageshwar'),
(3919, 'Uttarakhand', 'Barkot'),
(3920, 'Uttarakhand', 'Bazpur'),
(3921, 'Uttarakhand', 'Bhim Tal'),
(3922, 'Uttarakhand', 'Bhowali'),
(3923, 'Uttarakhand', 'Birbhaddar'),
(3924, 'Uttarakhand', 'Chakrata'),
(3925, 'Uttarakhand', 'Chamoli'),
(3926, 'Uttarakhand', 'Champawat'),
(3927, 'Uttarakhand', 'Clement Town'),
(3928, 'Uttarakhand', 'Dehradun'),
(3929, 'Uttarakhand', 'Devaprayag'),
(3930, 'Uttarakhand', 'Dharchula'),
(3931, 'Uttarakhand', 'Doiwala'),
(3932, 'Uttarakhand', 'Dugadda'),
(3933, 'Uttarakhand', 'Dwarahat'),
(3934, 'Uttarakhand', 'Garhwal'),
(3935, 'Uttarakhand', 'Haldwani'),
(3936, 'Uttarakhand', 'Harbatpur'),
(3937, 'Uttarakhand', 'Haridwar'),
(3938, 'Uttarakhand', 'Jaspur'),
(3939, 'Uttarakhand', 'Joshimath'),
(3940, 'Uttarakhand', 'Kaladhungi'),
(3941, 'Uttarakhand', 'Kalagarh Project Colony'),
(3942, 'Uttarakhand', 'Kashipur'),
(3943, 'Uttarakhand', 'Khatima'),
(3944, 'Uttarakhand', 'Kichha'),
(3945, 'Uttarakhand', 'Kotdwara'),
(3946, 'Uttarakhand', 'Laksar'),
(3947, 'Uttarakhand', 'Lansdowne'),
(3948, 'Uttarakhand', 'Lohaghat'),
(3949, 'Uttarakhand', 'Manglaur'),
(3950, 'Uttarakhand', 'Mussoorie'),
(3951, 'Uttarakhand', 'Naini Tal'),
(3952, 'Uttarakhand', 'Narendranagar'),
(3953, 'Uttarakhand', 'Pauri'),
(3954, 'Uttarakhand', 'Pipalkoti'),
(3955, 'Uttarakhand', 'Pithoragarh'),
(3956, 'Uttarakhand', 'Raipur'),
(3957, 'Uttarakhand', 'Raiwala Bara'),
(3958, 'Uttarakhand', 'Ramnagar'),
(3959, 'Uttarakhand', 'Ranikhet'),
(3960, 'Uttarakhand', 'Rishikesh'),
(3961, 'Uttarakhand', 'Roorkee'),
(3962, 'Uttarakhand', 'Rudraprayag'),
(3963, 'Uttarakhand', 'Sitarganj'),
(3964, 'Uttarakhand', 'Srinagar'),
(3965, 'Uttarakhand', 'Sultanpur'),
(3966, 'Uttarakhand', 'Tanakpur'),
(3967, 'Uttarakhand', 'Tehri'),
(3968, 'Uttarakhand', 'Tehri-Garhwal'),
(3969, 'Uttarakhand', 'Udham Singh Nagar'),
(3970, 'Uttarakhand', 'Uttarkashi'),
(3971, 'Uttarakhand', 'Vikasnagar'),
(3972, 'West Bengal', 'Ahmedpur'),
(3973, 'West Bengal', 'Aistala'),
(3974, 'West Bengal', 'Aknapur'),
(3975, 'West Bengal', 'Alipurduar'),
(3976, 'West Bengal', 'Amlagora'),
(3977, 'West Bengal', 'Amta'),
(3978, 'West Bengal', 'Amtala'),
(3979, 'West Bengal', 'Andal'),
(3980, 'West Bengal', 'Arambagh community development block'),
(3981, 'West Bengal', 'Asansol'),
(3982, 'West Bengal', 'Ashoknagar Kalyangarh'),
(3983, 'West Bengal', 'Badkulla'),
(3984, 'West Bengal', 'Baduria'),
(3985, 'West Bengal', 'Bagdogra'),
(3986, 'West Bengal', 'Bagnan'),
(3987, 'West Bengal', 'Bagula'),
(3988, 'West Bengal', 'Bahula'),
(3989, 'West Bengal', 'Baidyabati'),
(3990, 'West Bengal', 'Bakreswar'),
(3991, 'West Bengal', 'Balarampur'),
(3992, 'West Bengal', 'Bali Chak'),
(3993, 'West Bengal', 'Bally'),
(3994, 'West Bengal', 'Balurghat'),
(3995, 'West Bengal', 'Bamangola community development block'),
(3996, 'West Bengal', 'Baneswar'),
(3997, 'West Bengal', 'Bangaon'),
(3998, 'West Bengal', 'Bankra'),
(3999, 'West Bengal', 'Bankura'),
(4000, 'West Bengal', 'Bansberia'),
(4001, 'West Bengal', 'Bansihari community development block'),
(4002, 'West Bengal', 'Barabazar'),
(4003, 'West Bengal', 'Baranagar'),
(4004, 'West Bengal', 'Barasat'),
(4005, 'West Bengal', 'Bardhaman'),
(4006, 'West Bengal', 'Barjora'),
(4007, 'West Bengal', 'Barrackpore'),
(4008, 'West Bengal', 'Baruipur'),
(4009, 'West Bengal', 'Basanti'),
(4010, 'West Bengal', 'Basirhat'),
(4011, 'West Bengal', 'Bawali'),
(4012, 'West Bengal', 'Begampur'),
(4013, 'West Bengal', 'Belda'),
(4014, 'West Bengal', 'Beldanga'),
(4015, 'West Bengal', 'Beliatore'),
(4016, 'West Bengal', 'Berhampore'),
(4017, 'West Bengal', 'Bhadreswar'),
(4018, 'West Bengal', 'Bhandardaha'),
(4019, 'West Bengal', 'Bhatpara'),
(4020, 'West Bengal', 'Birbhum district'),
(4021, 'West Bengal', 'Birpara'),
(4022, 'West Bengal', 'Bishnupur'),
(4023, 'West Bengal', 'Bolpur'),
(4024, 'West Bengal', 'Budge Budge'),
(4025, 'West Bengal', 'Canning'),
(4026, 'West Bengal', 'Chakapara'),
(4027, 'West Bengal', 'Chakdaha'),
(4028, 'West Bengal', 'Champadanga'),
(4029, 'West Bengal', 'Champahati'),
(4030, 'West Bengal', 'Champdani'),
(4031, 'West Bengal', 'Chandannagar'),
(4032, 'West Bengal', 'Chandrakona'),
(4033, 'West Bengal', 'Chittaranjan'),
(4034, 'West Bengal', 'Churulia'),
(4035, 'West Bengal', 'Contai'),
(4036, 'West Bengal', 'Cooch Behar'),
(4037, 'West Bengal', 'Cossimbazar'),
(4038, 'West Bengal', 'Dakshin Dinajpur district'),
(4039, 'West Bengal', 'Dalkola'),
(4040, 'West Bengal', 'Dam Dam'),
(4041, 'West Bengal', 'Darjeeling'),
(4042, 'West Bengal', 'Daulatpur'),
(4043, 'West Bengal', 'Debagram'),
(4044, 'West Bengal', 'Debipur'),
(4045, 'West Bengal', 'Dhaniakhali community development block'),
(4046, 'West Bengal', 'Dhulagari'),
(4047, 'West Bengal', 'Dhulian'),
(4048, 'West Bengal', 'Dhupguri'),
(4049, 'West Bengal', 'Diamond Harbour'),
(4050, 'West Bengal', 'Digha'),
(4051, 'West Bengal', 'Dinhata'),
(4052, 'West Bengal', 'Domjur'),
(4053, 'West Bengal', 'Dubrajpur'),
(4054, 'West Bengal', 'Durgapur'),
(4055, 'West Bengal', 'Egra'),
(4056, 'West Bengal', 'Falakata'),
(4057, 'West Bengal', 'Farakka'),
(4058, 'West Bengal', 'Fort Gloster'),
(4059, 'West Bengal', 'Gaighata community development block'),
(4060, 'West Bengal', 'Gairkata'),
(4061, 'West Bengal', 'Gangadharpur'),
(4062, 'West Bengal', 'Gangarampur'),
(4063, 'West Bengal', 'Garui'),
(4064, 'West Bengal', 'Garulia'),
(4065, 'West Bengal', 'Ghatal'),
(4066, 'West Bengal', 'Giria'),
(4067, 'West Bengal', 'Gobardanga'),
(4068, 'West Bengal', 'Gobindapur'),
(4069, 'West Bengal', 'Gopalpur'),
(4070, 'West Bengal', 'Gopinathpur'),
(4071, 'West Bengal', 'Gorubathan'),
(4072, 'West Bengal', 'Gosaba'),
(4073, 'West Bengal', 'Gosanimari'),
(4074, 'West Bengal', 'Gurdaha'),
(4075, 'West Bengal', 'Guskhara'),
(4076, 'West Bengal', 'Habra'),
(4077, 'West Bengal', 'Haldia'),
(4078, 'West Bengal', 'Haldibari'),
(4079, 'West Bengal', 'Halisahar'),
(4080, 'West Bengal', 'Harindanga'),
(4081, 'West Bengal', 'Haringhata'),
(4082, 'West Bengal', 'Haripur'),
(4083, 'West Bengal', 'Hasimara'),
(4084, 'West Bengal', 'Hindusthan Cables Town'),
(4085, 'West Bengal', 'Hooghly district'),
(4086, 'West Bengal', 'Howrah'),
(4087, 'West Bengal', 'Ichapur'),
(4088, 'West Bengal', 'Indpur community development block'),
(4089, 'West Bengal', 'Ingraj Bazar'),
(4090, 'West Bengal', 'Islampur'),
(4091, 'West Bengal', 'Jafarpur'),
(4092, 'West Bengal', 'Jaigaon'),
(4093, 'West Bengal', 'Jalpaiguri'),
(4094, 'West Bengal', 'Jamuria'),
(4095, 'West Bengal', 'Jangipur'),
(4096, 'West Bengal', 'Jaynagar Majilpur'),
(4097, 'West Bengal', 'Jejur'),
(4098, 'West Bengal', 'Jhalida'),
(4099, 'West Bengal', 'Jhargram'),
(4100, 'West Bengal', 'Jhilimili'),
(4101, 'West Bengal', 'Kakdwip'),
(4102, 'West Bengal', 'Kalaikunda'),
(4103, 'West Bengal', 'Kaliaganj'),
(4104, 'West Bengal', 'Kalimpong'),
(4105, 'West Bengal', 'Kalna'),
(4106, 'West Bengal', 'Kalyani'),
(4107, 'West Bengal', 'Kamarhati'),
(4108, 'West Bengal', 'Kamarpukur'),
(4109, 'West Bengal', 'Kanchrapara'),
(4110, 'West Bengal', 'Kandi'),
(4111, 'West Bengal', 'Karimpur'),
(4112, 'West Bengal', 'Katwa'),
(4113, 'West Bengal', 'Kenda'),
(4114, 'West Bengal', 'Keshabpur'),
(4115, 'West Bengal', 'Kharagpur'),
(4116, 'West Bengal', 'Kharar'),
(4117, 'West Bengal', 'Kharba'),
(4118, 'West Bengal', 'Khardaha'),
(4119, 'West Bengal', 'Khatra'),
(4120, 'West Bengal', 'Kirnahar'),
(4121, 'West Bengal', 'Kolkata'),
(4122, 'West Bengal', 'Konnagar'),
(4123, 'West Bengal', 'Krishnanagar'),
(4124, 'West Bengal', 'Krishnapur'),
(4125, 'West Bengal', 'Kshirpai'),
(4126, 'West Bengal', 'Kulpi'),
(4127, 'West Bengal', 'Kultali'),
(4128, 'West Bengal', 'Kulti'),
(4129, 'West Bengal', 'Kurseong'),
(4130, 'West Bengal', 'Lalgarh'),
(4131, 'West Bengal', 'Lalgola'),
(4132, 'West Bengal', 'Loyabad'),
(4133, 'West Bengal', 'Madanpur'),
(4134, 'West Bengal', 'Madhyamgram'),
(4135, 'West Bengal', 'Mahiari'),
(4136, 'West Bengal', 'Mahishadal community development block'),
(4137, 'West Bengal', 'Mainaguri'),
(4138, 'West Bengal', 'Manikpara'),
(4139, 'West Bengal', 'Masila'),
(4140, 'West Bengal', 'Mathabhanga'),
(4141, 'West Bengal', 'Matiali community development block'),
(4142, 'West Bengal', 'Matigara community development block'),
(4143, 'West Bengal', 'Medinipur'),
(4144, 'West Bengal', 'Mejia community development block'),
(4145, 'West Bengal', 'Memari'),
(4146, 'West Bengal', 'Mirik'),
(4147, 'West Bengal', 'Mohanpur community development block'),
(4148, 'West Bengal', 'Monoharpur'),
(4149, 'West Bengal', 'Muragacha'),
(4150, 'West Bengal', 'Muri'),
(4151, 'West Bengal', 'Murshidabad'),
(4152, 'West Bengal', 'Nabadwip'),
(4153, 'West Bengal', 'Nabagram'),
(4154, 'West Bengal', 'Nadia district'),
(4155, 'West Bengal', 'Nagarukhra'),
(4156, 'West Bengal', 'Nagrakata'),
(4157, 'West Bengal', 'Naihati'),
(4158, 'West Bengal', 'Naksalbari'),
(4159, 'West Bengal', 'Nalhati'),
(4160, 'West Bengal', 'Nalpur'),
(4161, 'West Bengal', 'Namkhana community development block'),
(4162, 'West Bengal', 'Nandigram'),
(4163, 'West Bengal', 'Nangi'),
(4164, 'West Bengal', 'Nayagram community development block'),
(4165, 'West Bengal', 'North 24 Parganas district'),
(4166, 'West Bengal', 'Odlabari'),
(4167, 'West Bengal', 'Paikpara'),
(4168, 'West Bengal', 'Panagarh'),
(4169, 'West Bengal', 'Panchla'),
(4170, 'West Bengal', 'Panchmura'),
(4171, 'West Bengal', 'Pandua'),
(4172, 'West Bengal', 'Panihati'),
(4173, 'West Bengal', 'Panskura'),
(4174, 'West Bengal', 'Parbatipur'),
(4175, 'West Bengal', 'Paschim Medinipur district'),
(4176, 'West Bengal', 'Patiram'),
(4177, 'West Bengal', 'Patrasaer'),
(4178, 'West Bengal', 'Patuli'),
(4179, 'West Bengal', 'Pujali'),
(4180, 'West Bengal', 'Puncha community development block'),
(4181, 'West Bengal', 'Purba Medinipur district'),
(4182, 'West Bengal', 'Purulia'),
(4183, 'West Bengal', 'Raghudebbati'),
(4184, 'West Bengal', 'Raghunathpur'),
(4185, 'West Bengal', 'Raiganj'),
(4186, 'West Bengal', 'Rajmahal'),
(4187, 'West Bengal', 'Rajnagar community development block'),
(4188, 'West Bengal', 'Ramchandrapur'),
(4189, 'West Bengal', 'Ramjibanpur'),
(4190, 'West Bengal', 'Ramnagar'),
(4191, 'West Bengal', 'Rampur Hat'),
(4192, 'West Bengal', 'Ranaghat'),
(4193, 'West Bengal', 'Raniganj'),
(4194, 'West Bengal', 'Raypur'),
(4195, 'West Bengal', 'Rishra'),
(4196, 'West Bengal', 'Sahapur'),
(4197, 'West Bengal', 'Sainthia'),
(4198, 'West Bengal', 'Salanpur community development block'),
(4199, 'West Bengal', 'Sankarpur'),
(4200, 'West Bengal', 'Sankrail'),
(4201, 'West Bengal', 'Santipur'),
(4202, 'West Bengal', 'Santoshpur'),
(4203, 'West Bengal', 'Santuri community development block'),
(4204, 'West Bengal', 'Sarenga'),
(4205, 'West Bengal', 'Serampore'),
(4206, 'West Bengal', 'Serpur'),
(4207, 'West Bengal', 'Shyamnagar, West Bengal'),
(4208, 'West Bengal', 'Siliguri'),
(4209, 'West Bengal', 'Singur'),
(4210, 'West Bengal', 'Sodpur'),
(4211, 'West Bengal', 'Solap'),
(4212, 'West Bengal', 'Sonada'),
(4213, 'West Bengal', 'Sonamukhi'),
(4214, 'West Bengal', 'Sonarpur community development block'),
(4215, 'West Bengal', 'South 24 Parganas district'),
(4216, 'West Bengal', 'Srikhanda'),
(4217, 'West Bengal', 'Srirampur'),
(4218, 'West Bengal', 'Suri'),
(4219, 'West Bengal', 'Swarupnagar community development block'),
(4220, 'West Bengal', 'Takdah'),
(4221, 'West Bengal', 'Taki'),
(4222, 'West Bengal', 'Tamluk'),
(4223, 'West Bengal', 'Tarakeswar'),
(4224, 'West Bengal', 'Titagarh'),
(4225, 'West Bengal', 'Tufanganj'),
(4226, 'West Bengal', 'Tulin'),
(4227, 'West Bengal', 'Uchalan'),
(4228, 'West Bengal', 'Ula'),
(4229, 'West Bengal', 'Uluberia'),
(4230, 'West Bengal', 'Uttar Dinajpur district'),
(4231, 'West Bengal', 'Uttarpara Kotrung');

-- --------------------------------------------------------

--
-- Table structure for table `config`
--

CREATE TABLE `config` (
  `id` int(11) NOT NULL,
  `name` varchar(50) DEFAULT NULL,
  `value` text NOT NULL
) ENGINE=InnoDB DEFAULT CHARSET=utf8mb4 COLLATE=utf8mb4_unicode_ci;

--
-- Dumping data for table `config`
--

INSERT INTO `config` (`id`, `name`, `value`) VALUES
(1, 'Elevenlabs_API_KEY', 'sk_45d233899d2433740a5d4bcc028bd027a19dc457c3b48973'),
(2, 'QR_CODE_VOICE_SCRIPT_PROMPT', 'Items: ${item_names} User: ${user_name} Write in English language message informing ${user_name} their items (use short names only, without any quantity or size like \"2L\", \"250ml\", etc.) are being prepared, and please wait. Strict Rules: *Use only short names of items. *Extract and use only the first name from ${user_name}. *If the extracted name appears real human, use a respectful tone; otherwise, skip honorifics. *Tone must be friendly and professional, like a restaurant assistant. *If any items are clearly premade (e.g., Soda, Ice Cream, Coke, Water, Sprite), or anything that is premade, combine them in a grouped phrase like: • \"Your Sprite and Ice Cream will be right with you...\" *If there are more than 5 items, do not name them — just say the order is being prepared. *Translate each item name into its accurate Hindi equivalent using Devanagari script (e.g., \"Paneer Butter Masala\" → \"पनीर बटर मसाला\"). Ensure the translation reflects commonly used Hindi food names, not phonetic transliterations. * Use proper grammar: use \'is\' for a single item and \'are\' for multiple items. Check for correct grammar usage throughout. *Return only the message in English, using Hindi (Devanagari) characters to phonetically spell the item name as it is pronounced in English without including their English counterparts. Do not translate the item name into Hindi. No explanations or additional text. *End the message with Please wait.');

-- --------------------------------------------------------

--
-- Table structure for table `coupon_codes`
--

CREATE TABLE `coupon_codes` (
  `id` int(11) NOT NULL,
  `code` varchar(10) DEFAULT NULL,
  `discount` int(11) DEFAULT NULL,
  `discount_type` enum('fixed','percentage') DEFAULT NULL,
  `max_discount` int(11) DEFAULT NULL,
  `min_order_value` int(11) DEFAULT NULL,
  `usage_limit` int(11) DEFAULT NULL,
  `times_used` int(11) DEFAULT NULL,
  `valid_from` datetime DEFAULT NULL,
  `valid_until` datetime DEFAULT NULL,
  `status` enum('active','full','expired') DEFAULT NULL,
  `created_at` datetime DEFAULT current_timestamp()
) ENGINE=InnoDB DEFAULT CHARSET=utf8mb4 COLLATE=utf8mb4_unicode_ci;

-- --------------------------------------------------------

--
-- Table structure for table `favourite_list`
--

CREATE TABLE `favourite_list` (
  `id` int(11) NOT NULL,
  `uid` varchar(50) DEFAULT NULL,
  `list` longtext CHARACTER SET utf8mb4 COLLATE utf8mb4_bin DEFAULT NULL CHECK (json_valid(`list`)),
  `created_at` datetime DEFAULT current_timestamp(),
  `updated_at` datetime DEFAULT current_timestamp()
) ENGINE=InnoDB DEFAULT CHARSET=utf8mb4 COLLATE=utf8mb4_unicode_ci;

-- --------------------------------------------------------

--
-- Table structure for table `inventories`
--

CREATE TABLE `inventories` (
  `id` int(11) NOT NULL,
  `rid` int(11) DEFAULT NULL,
  `category_id` int(11) DEFAULT NULL,
  `name` varchar(50) NOT NULL,
  `description` varchar(250) DEFAULT NULL,
  `images` longtext CHARACTER SET utf8mb4 COLLATE utf8mb4_bin DEFAULT '\'[]\'',
  `is_veg` tinyint(1) DEFAULT NULL,
  `cost` int(5) DEFAULT NULL,
  `price` int(5) NOT NULL DEFAULT 0,
  `status` enum('available','out_of_stock','low_stock','unavailable') DEFAULT NULL,
  `stock` int(11) NOT NULL DEFAULT 10,
  `recommend` int(11) NOT NULL DEFAULT 0,
  `ai` int(11) NOT NULL DEFAULT 0,
  `created_at` datetime DEFAULT current_timestamp(),
  `updated_at` datetime DEFAULT current_timestamp()
) ENGINE=InnoDB DEFAULT CHARSET=utf8mb4 COLLATE=utf8mb4_unicode_ci;

--
-- Dumping data for table `inventories`
--

INSERT INTO `inventories` (`id`, `rid`, `category_id`, `name`, `description`, `images`, `is_veg`, `cost`, `price`, `status`, `stock`, `recommend`, `ai`, `created_at`, `updated_at`) VALUES
(80, 7, 1, 'Chicken Biryanih', 'Mild in spice but rich in dry fruits, saffron, and yogurt. Sometimes infused with apple or apricot flavors', '[\'https://ik.imagekit.io/phy7j8tcu/inventory/inventory_1767676524502_4rws7iznp_f4Qrr48kv.jpg#695c9a6d5c7cd75eb893045d\',\'https://ik.imagekit.io/phy7j8tcu/inventory/inventory_1767676524505_beammoh2l_ZGkExGV-6.jpg#695c9a6d5c7cd75eb8930541\',\'https://ik.imagekit.io/phy7j8tcu/inventory/inventory_1767676524506_ko34ti2mh_V_bKpFAil4.jpg#695c9a6d5c7cd75eb89305ca\']', 0, 180, 245, 'available', 11, 1, 0, '2025-07-13 07:20:14', '2026-02-20 10:15:02'),
(83, 7, 1, 'Kashmiri Biryani', 'Mild in spice but rich in dry fruits, saffron, and yogurt. Sometimes infused with apple or apricot flavors', '[\'https://ik.imagekit.io/phy7j8tcu/inventory/inventory_1767676559692_70895te82_Voi9NZwCF.jpg#695c9a905c7cd75eb8940aff\']', 0, 123, 235, 'available', 10, 1, 0, '2025-07-15 07:45:08', '2026-02-17 05:49:42'),
(87, 7, 1, 'Hyderabadi Biryani', 'A rich, spicy biryani made with basmati rice, saffron, fried onions, and marinated meat (usually chicken or mutton). It’s cooked in a “dum” style where steam cooks the biryani in a sealed pot.', '[\'https://ik.imagekit.io/phy7j8tcu/inventory/inventory_1767676545908_hfvb7oebp_zGnXmmG2I.jpg#695c9a835c7cd75eb893c0e9\',\'https://ik.imagekit.io/phy7j8tcu/inventory/inventory_1767676545912_zkujzs01y_gK6BeqILZ.jpg#695c9a835c7cd75eb893c06f\']', 0, 90, 230, 'available', 49, 1, 0, '2025-07-18 15:20:52', '2026-02-17 09:47:46'),
(90, 7, 4, 'Aloo Paratha', 'A popular Indian flatbread stuffed with a spiced mashed potato mixture. It is often served with curd, pickle, and butter.', '[\'https://ik.imagekit.io/phy7j8tcu/inventory/inventory_1767422039133_cjxKYwYUM1.jpg#6958b8585c7cd75eb863cc20\',\'https://ik.imagekit.io/phy7j8tcu/inventory/inventory_1767422039137_6euh7uftgb.jpg#6958b8585c7cd75eb863c9a6\']', 1, 35, 75, 'available', 16, 1, 0, '2025-08-17 17:52:15', '2026-02-18 04:38:27'),
(91, 7, 4, 'Shahi Paneer', 'A rich and creamy dish featuring paneer (Indian cottage cheese) in a gravy of tomato, cashew nuts, and spices. Often garnished with coriander leaves.', '[\'https://ik.imagekit.io/phy7j8tcu/inventory/inventory_1767422081942_NEittahA9.jpg#6958b8845c7cd75eb864bce0\',\'https://ik.imagekit.io/phy7j8tcu/inventory/inventory_1767422081952_NXgNhe44w.jpg#6958b8835c7cd75eb864b463\']', 1, 120, 200, 'available', 40, 1, 0, '2025-08-17 17:56:00', '2026-01-03 06:34:45'),
(107, 7, 2, 'Veg Manchow Soup', 'A thick, spicy, and flavorful dark brown soup made with mixed vegetables, soy sauce, garlic, and ginger, garnished with crispy fried noodles.', '[\'https://ik.imagekit.io/phy7j8tcu/inventory/inventory_1767676491344_wrncz5e0m_K3FsBs67r.jpg#695c9a4c5c7cd75eb89254b4\',\'https://ik.imagekit.io/phy7j8tcu/inventory/inventory_1767676491345_e62kxi6pf_6BQLWsBv1.jpg#695c9a4d5c7cd75eb8925528\']', 1, 120, 250, 'available', 64, 1, 0, '2025-09-03 10:33:22', '2026-01-08 17:19:58'),
(110, 7, 2, 'Chili Paneer', 'A popular Indo-Chinese dish where cubes of soft paneer (cottage cheese) are batter-fried and tossed in a spicy and tangy sauce made with green chilies, bell peppers, and onions.', '[\'https://ik.imagekit.io/phy7j8tcu/inventory/inventory_1767676424776_166w24spu_MhBmMA7zg.jpg#695c9a0c5c7cd75eb890f428\',\'https://ik.imagekit.io/phy7j8tcu/inventory/inventory_1767676424781_desud1vod_d2AYnosYi.jpg#695c9a0b5c7cd75eb890f0a1\']', 1, 120, 155, 'available', 57, 0, 0, '2025-09-03 10:35:09', '2026-02-20 08:34:16'),
(111, 7, 2, 'Spring Rolls', 'A popular appetizer with a crispy, fried outer layer and a savory filling of mixed vegetables, chicken, or noodles.', '[\'https://ik.imagekit.io/phy7j8tcu/inventory/inventory_1767676475741_l6m5jblfo_H4SXVFFx9R.jpg#695c9a3c5c7cd75eb8920343\',\'https://ik.imagekit.io/phy7j8tcu/inventory/inventory_1767676475742_x2n2bps9m_BfsKKehn8.jpg#695c9a3c5c7cd75eb8920309\',\'https://ik.imagekit.io/phy7j8tcu/inventory/inventory_1767676475744_c2lt0yb5f_RTckeOY0w.jpg#695c9a3c5c7cd75eb8920335\']', 1, 180, 350, 'available', 66, 0, 0, '2025-09-03 10:37:12', '2026-02-20 08:31:19'),
(112, 7, 2, 'Fried Momos', 'Originating from Tibet and Nepal, these steamed or fried dumplings are a staple of Chinese-Indian street food. They are filled with minced vegetables or chicken and served with a spicy dipping sauce', '[\'https://ik.imagekit.io/phy7j8tcu/inventory/inventory_1767676455922_i3qrfggvn_fuRiXTefN.jpg#695c9a295c7cd75eb891a070\',\'https://ik.imagekit.io/phy7j8tcu/inventory/inventory_1767676455924_1wxiina0u_-zTt02S3f.jpg#695c9a295c7cd75eb8919edd\',\'https://ik.imagekit.io/phy7j8tcu/inventory/inventory_1767676455925_sasrmkm8s_z2j2HO5Hf.jpg#695c9a295c7cd75eb8919e93\']', 1, 125, 250, 'available', 60, 0, 0, '2025-09-03 10:38:47', '2026-02-20 08:32:02'),
(113, 7, 3, 'Margherita Pizza', 'The classic and simplest pizza, featuring a tangy single cheese topping on a herb-infused signature pan sauce.', '[\'https://ik.imagekit.io/phy7j8tcu/inventory/inventory_1767421820568__E0934LrV.jpg#6958b7815c7cd75eb85ea44b\',\'https://ik.imagekit.io/phy7j8tcu/inventory/inventory_1767421820571_Cee0k4ik-.jpg#6958b7815c7cd75eb85ea332\']', 1, 80, 230, 'available', 66, 0, 1, '2025-09-03 10:40:34', '2026-01-06 06:41:07'),
(114, 7, 3, 'Peppy Paneer Pizza', 'A flavor-packed vegetarian option with chunky paneer, crisp capsicum, and spicy red pepper.', '[\'https://ik.imagekit.io/phy7j8tcu/inventory/inventory_1767421862694_XZ0sZ-ewu.jpg#6958b7a85c7cd75eb85f86c1\',\'https://ik.imagekit.io/phy7j8tcu/inventory/inventory_1767421862706_QrHSaczZfS.jpg#6958b7a85c7cd75eb85f85c6\']', 1, 80, 190, 'available', 82, 0, 1, '2025-09-03 10:42:08', '2026-01-03 06:31:05'),
(115, 11, 6, 'Steamed momos', 'The classic, original momo. These are soft, fluffy dumplings filled with a savory mixture of minced meat (chicken, pork, or mutton) or finely chopped vegetables. They are cooked to perfection in a traditional steamer and are typically served with a s', '[\'https://files.expressme.in/uploads/1757257512947image-hsf96267q.png\',\'https://files.expressme.in/uploads/1757257512905image-66rykgn5z.png\']', 1, 45, 150, 'available', 90, 0, 0, '2025-09-07 15:05:16', '2025-09-07 15:05:16'),
(116, 11, 6, 'Fried momos', 'For those who prefer a crispy texture, these are steamed momos that are deep-fried until their outer skin is golden brown and crunchy. They offer a delightful contrast to the soft filling inside and are often served with a spicy chili sauce', '[\'https://files.expressme.in/uploads/1757257607930image-a7wq74w0s.png\']', 0, 40, 100, 'available', 96, 0, 0, '2025-09-07 15:06:48', '2025-09-07 15:08:40'),
(117, 11, 6, 'Tandoori momos', 'A popular fusion dish where steamed momos are marinated in a spicy, yogurt-based tandoori masala, then grilled in a tandoor (clay oven). The grilling gives them a smoky flavor and a slightly charred exterior.', '[\'https://files.expressme.in/uploads/1757257699336image-bx9hs59fw.png\',\'https://files.expressme.in/uploads/1757257699442image-niycqws61.png\']', 0, 45, 195, 'available', 98, 0, 0, '2025-09-07 15:08:19', '2025-09-07 15:08:19'),
(118, 11, 5, 'Black forest Cake', 'Originating in Germany, this popular cake features layers of chocolate sponge cake, rich whipped cream, and cherries. It is commonly garnished with chocolate shavings or flakes', '[\'https://ik.imagekit.io/phy7j8tcu/inventory/inventory_1770533429295_jhsspq4w6_i6TyDwOtV.jpg#698832365c7cd75eb88c2a5b\',\'https://ik.imagekit.io/phy7j8tcu/inventory/inventory_1770533429296_ghop62dot_aaCcqXGLO.jpg#698832365c7cd75eb88c2a56\']', 1, 250, 449, 'available', 86, 0, 0, '2025-09-07 15:10:41', '2026-02-08 10:03:51'),
(119, 11, 5, 'Chocolate truffle cake', 'This decadent and rich cake is made with layers of a moist chocolate sponge and a thick, creamy chocolate ganache. It has a melt-in-your-mouth texture and is a chocolate lover\'s dream', '[\'https://ik.imagekit.io/phy7j8tcu/inventory/inventory_1770533448385_o1ula2tix_hmXn_wwP0.jpg#698832495c7cd75eb88c8680\',\'https://ik.imagekit.io/phy7j8tcu/inventory/inventory_1770533448386_et3ahehx5_xgSjNc8wP.jpg#698832495c7cd75eb88c86a5\']', 1, 430, 800, 'available', 77, 0, 0, '2025-09-07 15:12:18', '2026-02-08 06:50:49'),
(120, 11, 7, 'Classic cheeseburger', 'A timeless American favorite featuring a beef patty with a slice of melted cheese on top, typically served on a toasted bun with lettuce, tomato, onion, and pickles. Standard condiments often include ketchup, mustard, and mayonnaise', '[\'https://ik.imagekit.io/phy7j8tcu/inventory/inventory_1768661789413_peebgj241__7YNihROs.jpg#696ba3235c7cd75eb8bede25\',\'https://ik.imagekit.io/phy7j8tcu/inventory/inventory_1768661789421_clwit4m7x_9OTKEX-Hp.jpg#696ba3235c7cd75eb8bedce1\']', 1, 67, 120, 'available', 75, 0, 0, '2025-09-07 15:15:52', '2026-01-17 14:56:36'),
(121, 11, 7, 'Bacon burger', 'This burger includes strips of crispy, savory bacon on top of a beef or chicken patty. The smoky, salty flavor of the bacon complements the juiciness of the patty, and it is often paired with cheese and BBQ sauce for a richer taste', '[\'https://ik.imagekit.io/phy7j8tcu/inventory/inventory_1770530133772_j0igiu5bf_W3djbthx4.jpg#698825575c7cd75eb83569b6\',\'https://ik.imagekit.io/phy7j8tcu/inventory/inventory_1770530133779_9sa9xg1a2_-RdMG90qU.jpg#698825565c7cd75eb835634d\']', 0, 129, 250, 'available', 58, 0, 0, '2025-09-07 15:16:33', '2026-02-08 05:55:36'),
(122, 11, 7, 'BBQ burger', 'A smoky and savory burger featuring a grilled patty coated in a tangy barbecue sauce. It often includes cheese, onion rings, or caramelized onions to enhance the sweet and tangy flavor of the sauce.', '[\'https://ik.imagekit.io/phy7j8tcu/inventory/inventory_1770530317603_bjhvdy5mp_ERQJBwv94.jpg#6988260e5c7cd75eb83a1f61\']', 1, 120, 350, 'available', 78, 0, 0, '2025-09-07 15:17:14', '2026-02-08 05:58:39'),
(123, 11, 7, 'Smash burger', 'Defined by its cooking technique, a smash burger is made by pressing a ball of ground beef onto a hot griddle. This creates a thin patty with a crispy, caramelized crust and a juicy interior', '[\'https://ik.imagekit.io/phy7j8tcu/inventory/inventory_1770530333365_xvh58etpi_5DQ4WT5-t.jpg#6988261e5c7cd75eb83a95a7\',\'https://ik.imagekit.io/phy7j8tcu/inventory/inventory_1770530333366_1cief4rtj_8zFGU2hOv.jpg#6988261e5c7cd75eb83a9836\',\'https://ik.imagekit.io/phy7j8tcu/inventory/inventory_1770530333371_k9naz2fbj_EN2wI-7YZ.jpg#6988261e5c7cd75eb83a9577\']', 1, 123, 340, 'available', 95, 0, 0, '2025-09-07 15:17:52', '2026-02-08 05:58:55'),
(124, 11, 8, 'Plain dosa', 'This is the most basic and common type of dosa. It is a thin, crispy, golden-brown crepe made from a simple fermented batter of rice and black lentils (urad dal).', '[\'https://ik.imagekit.io/phy7j8tcu/inventory/inventory_1770533464120_udlf5gh94_4HzW9jQQv.jpg#698832585c7cd75eb88cd495\',\'https://ik.imagekit.io/phy7j8tcu/inventory/inventory_1770533464122_m7k8p2k07_IYxcv-emg.jpg#698832585c7cd75eb88cd457\']', 1, 25, 70, 'available', 89, 0, 0, '2025-09-07 15:26:02', '2026-02-09 03:13:13'),
(125, 11, 8, 'Masala dosa', 'A classic and widely loved variant, the masala dosa is a plain dosa that is filled with a savory and spicy potato filling (masala), folded, and served hot.', '[\'https://ik.imagekit.io/phy7j8tcu/inventory/inventory_1770533478274_cicc22oe6_eo0sicn9A.jpg#698832675c7cd75eb88d24a0\',\'https://ik.imagekit.io/phy7j8tcu/inventory/inventory_1770533478276_989urnsfe_GDP6Wp482.jpg#698832675c7cd75eb88d24b1\',\'https://ik.imagekit.io/phy7j8tcu/inventory/inventory_1770533478278_idrrgwkef_Qr70bwvzP.jpg#698832675c7cd75eb88d24eb\']', 1, 40, 130, 'available', 91, 0, 0, '2025-09-07 15:27:27', '2026-02-08 06:51:19'),
(126, 11, 9, 'Aloo paratha (potato)', 'The most iconic stuffed paratha, filled with a hearty and savory mixture of mashed potatoes, onions, and spices like cumin, garam masala, and coriander. It is traditionally cooked with ghee and served with yogurt, butter, and pickles.', '[\'https://files.expressme.in/uploads/1757259111598image-9qcsrf02k.png\']', 1, 10, 24, 'available', 93, 0, 0, '2025-09-07 15:31:53', '2025-09-07 15:31:53'),
(127, 11, 9, 'Paneer paratha (cottage cheese)', 'A popular vegetarian option filled with crumbled paneer (Indian cottage cheese) seasoned with onions, chilies, and coriander. It\'s a rich, flavorful, and protein-packed meal.', '[\'https://files.expressme.in/uploads/1757259148250image-ynkmt3u51.png\',\'https://files.expressme.in/uploads/1757259148417image-8rv1dbu0f.png\']', 1, 35, 57, 'available', 98, 0, 0, '2025-09-07 15:32:28', '2025-09-07 15:32:28'),
(128, 11, 9, 'Cheese paratha', 'A modern, indulgent creation stuffed with a generous filling of gooey melted cheese. It\'s a popular choice, particularly among children, and can be paired with various sauces.', '[\'https://files.expressme.in/uploads/1757259194816image-qznmr2iy8.png\']', 1, 45, 160, 'available', 100, 0, 0, '2025-09-07 15:33:15', '2025-09-07 15:33:15'),
(133, 7, 3, 'Chicago Pizza', 'is a deep-dish pizza known for its thick, buttery crust, layered cheese, chunky tomato sauce, and generous toppings, baked in a pan for a hearty and rich flavor.', '[\'https://ik.imagekit.io/phy7j8tcu/inventory/inventory_1767422010610_0HHejWg5j.jpg#6958b83c5c7cd75eb8630b86\',\'https://ik.imagekit.io/phy7j8tcu/inventory/inventory_1767422010611_TGC463Qig.jpg#6958b83c5c7cd75eb8630bc4\']', 0, 200, 450, 'available', 14, 0, 0, '2025-09-11 16:59:38', '2026-02-19 08:02:13');

-- --------------------------------------------------------

--
-- Table structure for table `inventory_addons`
--

CREATE TABLE `inventory_addons` (
  `id` int(11) NOT NULL,
  `inventory_id` int(11) NOT NULL,
  `addon_id` int(11) NOT NULL,
  `is_default` tinyint(1) DEFAULT 0,
  `max_quantity` int(2) DEFAULT 5,
  `created_at` datetime DEFAULT current_timestamp()
) ENGINE=InnoDB DEFAULT CHARSET=utf8mb4 COLLATE=utf8mb4_unicode_ci;

--
-- Dumping data for table `inventory_addons`
--

INSERT INTO `inventory_addons` (`id`, `inventory_id`, `addon_id`, `is_default`, `max_quantity`, `created_at`) VALUES
(2, 90, 1, 0, 5, '2026-01-07 18:11:40'),
(3, 83, 1, 0, 10, '2026-01-08 13:29:17'),
(4, 80, 2, 0, 10, '2026-01-08 13:33:12'),
(7, 90, 7, 0, 10, '2026-01-08 13:33:28'),
(8, 91, 7, 0, 10, '2026-01-08 13:33:28'),
(17, 80, 7, 0, 10, '2026-01-10 07:05:05'),
(21, 115, 16, 0, 10, '2026-02-08 04:55:31'),
(22, 116, 16, 0, 10, '2026-02-08 04:55:31'),
(23, 80, 5, 0, 10, '2026-02-11 03:31:20'),
(24, 83, 5, 0, 10, '2026-02-11 03:31:20');

-- --------------------------------------------------------

--
-- Table structure for table `inventory_stats`
--

CREATE TABLE `inventory_stats` (
  `item_id` int(11) NOT NULL,
  `order_count` int(11) DEFAULT 0,
  `units_sold` int(11) DEFAULT 0,
  `total_revenue` decimal(10,2) DEFAULT 0.00,
  `popularity_score` int(11) DEFAULT 0,
  `last_ordered_at` timestamp NULL DEFAULT NULL,
  `days_since_last_order` int(11) DEFAULT 0,
  `updated_at` timestamp NULL DEFAULT current_timestamp() ON UPDATE current_timestamp()
) ENGINE=InnoDB DEFAULT CHARSET=utf8mb4 COLLATE=utf8mb4_unicode_ci;

--
-- Dumping data for table `inventory_stats`
--

INSERT INTO `inventory_stats` (`item_id`, `order_count`, `units_sold`, `total_revenue`, `popularity_score`, `last_ordered_at`, `days_since_last_order`, `updated_at`) VALUES
(80, 59, 65, 13537.00, 236, '2026-02-20 18:28:30', 1, '2026-02-21 09:58:55'),
(83, 53, 56, 13839.00, 212, '2026-02-20 17:42:56', 1, '2026-02-21 09:58:55'),
(87, 54, 63, 14303.00, 216, '2026-02-20 18:05:39', 1, '2026-02-21 09:58:55'),
(90, 40, 46, 3880.00, 120, '2026-02-15 12:46:47', 6, '2026-02-21 09:58:55'),
(91, 37, 38, 7815.00, 111, '2026-02-15 04:45:09', 6, '2026-02-21 09:58:55'),
(107, 17, 20, 4881.00, 51, '2026-02-05 12:03:05', 16, '2026-02-21 09:58:55'),
(110, 28, 29, 7710.00, 84, '2026-02-13 13:04:33', 8, '2026-02-21 09:58:55'),
(111, 21, 29, 11471.00, 84, '2026-02-20 17:13:20', 1, '2026-02-21 09:58:55'),
(112, 31, 34, 8295.00, 93, '2026-02-20 17:52:16', 1, '2026-02-21 09:58:55'),
(113, 20, 21, 4642.00, 60, '2026-02-17 10:58:55', 4, '2026-02-21 09:58:55'),
(114, 14, 14, 2497.00, 42, '2026-02-15 04:20:23', 6, '2026-02-21 09:58:55'),
(116, 1, 1, 100.00, 2, '2025-09-15 03:46:40', 159, '2026-02-21 09:58:55'),
(117, 2, 2, 390.00, 4, '2025-09-15 03:48:07', 159, '2026-02-21 09:58:55'),
(118, 5, 7, 2245.00, 15, '2026-02-08 13:56:32', 13, '2026-02-21 09:58:55'),
(119, 8, 8, 6400.00, 24, '2026-02-09 03:15:40', 12, '2026-02-21 09:58:55'),
(120, 10, 10, 886.00, 20, '2026-02-09 03:15:40', 12, '2026-02-21 09:58:55'),
(121, 14, 20, 4934.00, 42, '2026-02-10 18:38:41', 11, '2026-02-21 09:58:55'),
(122, 9, 9, 2650.00, 27, '2026-02-08 15:51:12', 13, '2026-02-21 09:58:55'),
(123, 3, 3, 1020.00, 9, '2026-02-19 07:43:31', 2, '2026-02-21 09:58:55'),
(124, 5, 5, 350.00, 10, '2026-02-08 07:40:09', 13, '2026-02-21 09:58:55'),
(125, 3, 3, 390.00, 6, '2026-02-09 03:18:01', 12, '2026-02-21 09:58:55'),
(126, 1, 3, 24.00, 1, '2026-02-08 06:27:10', 13, '2026-02-21 09:58:55'),
(133, 29, 33, 14674.00, 116, '2026-02-21 05:42:36', 0, '2026-02-21 09:58:55'),
(208, 5, 5, 811.00, 10, '2026-01-26 10:18:01', 26, '2026-02-21 09:58:55'),
(210, 1, 1, 123.00, 2, '2026-01-06 17:13:05', 46, '2026-02-21 09:58:55');

-- --------------------------------------------------------

--
-- Table structure for table `login_tokens`
--

CREATE TABLE `login_tokens` (
  `id` int(11) NOT NULL,
  `phone_number` varchar(20) NOT NULL COMMENT 'E.164 format',
  `user_id` int(11) DEFAULT NULL,
  `token_hash` varchar(64) NOT NULL COMMENT 'SHA256 hash',
  `expires_at` datetime NOT NULL,
  `used_at` datetime DEFAULT NULL,
  `ip_address` varchar(45) DEFAULT NULL,
  `user_agent` text DEFAULT NULL,
  `attempt_count` int(11) DEFAULT 0,
  `created_at` datetime DEFAULT current_timestamp()
) ENGINE=InnoDB DEFAULT CHARSET=utf8mb4 COLLATE=utf8mb4_unicode_ci;

--
-- Dumping data for table `login_tokens`
--

INSERT INTO `login_tokens` (`id`, `phone_number`, `user_id`, `token_hash`, `expires_at`, `used_at`, `ip_address`, `user_agent`, `attempt_count`, `created_at`) VALUES
(23, '919199999999', 1714113, '21b99735a9248dc2f5390a9e85574374d3beba63e2b6c0cbdf976a77988c3caa', '2026-02-11 16:04:28', '2026-02-11 10:29:43', '::1', 'axios/1.13.3', 0, '2026-02-11 10:29:28'),
(24, '919199999999', 1714113, 'ab4abd7755bc03ab745bfacbfc12bed22b6323aa2ee89f75d0d84f5df60fe6d3', '2026-02-11 16:20:30', '2026-02-11 10:45:47', '::1', 'axios/1.13.3', 0, '2026-02-11 10:45:30'),
(25, '919199999999', 1714113, '4e06390bb0d8a9d7f0946e482a0bf480901a10c80e110417fc8a15f760539f1c', '2026-02-11 16:35:30', '2026-02-11 11:00:50', '::1', 'axios/1.13.3', 0, '2026-02-11 11:00:30'),
(26, '919199999999', 1714113, 'b4e0692ac767fedfa0e8b2d4db19943e52ffeaa28517b1d701b3a0671cc425a3', '2026-02-11 16:39:28', '2026-02-11 11:04:44', '::1', 'axios/1.13.3', 0, '2026-02-11 11:04:28'),
(27, '919199999999', 1714113, '5dca281e74a25e5f959f81ba4ac39d710c7da035d4d914ad6a09e73abb261fa5', '2026-02-11 16:52:54', '2026-02-11 11:18:10', '::1', 'axios/1.13.3', 0, '2026-02-11 11:17:54'),
(28, '919083928843', 1714037, '1e8d6104b6185da1254e690cc179c9f4e428be2f471ed58375c6d551ccb7acef', '2026-02-11 17:03:48', NULL, '::1', 'axios/1.13.3', 0, '2026-02-11 11:28:48'),
(29, '919083928843', 1714037, '1252cddf1abe7f78e26170c3de828f4ad8cc76a1aa436a579e6e5dbb2a4ee800', '2026-02-11 17:06:15', '2026-02-11 11:34:48', '::1', 'axios/1.13.3', 0, '2026-02-11 11:31:15'),
(30, '919083928843', 1714037, '3e8ccd689ea3059c157e7da7f452b174d365e100e2691cc231ab9ca1dda65c96', '2026-02-14 04:25:48', NULL, '172.69.95.190', 'axios/1.13.3', 0, '2026-02-14 04:20:48'),
(31, '919083928843', 1714037, '095f21071d85b10aab758dcdcf1393a7674bb49adf2ef1b0786f74d1d459a60b', '2026-02-18 14:26:33', NULL, '172.71.202.142', 'axios/1.13.3', 0, '2026-02-18 14:21:33'),
(32, '918768683848', 1714040, '7df5afe24c30821da5ee129cd7c387fef305cdaab9273ed0f67a75594e678119', '2026-02-19 05:05:42', NULL, '162.158.227.192', 'axios/1.13.3', 0, '2026-02-19 05:00:42');

-- --------------------------------------------------------

--
-- Table structure for table `memories`
--

CREATE TABLE `memories` (
  `id` int(11) NOT NULL,
  `uid` varchar(50) DEFAULT NULL,
  `img` text DEFAULT NULL,
  `msg` varchar(250) DEFAULT NULL,
  `rating` tinyint(4) DEFAULT NULL CHECK (`rating` between 0 and 5),
  `created_at` datetime DEFAULT current_timestamp(),
  `updated_at` datetime DEFAULT current_timestamp()
) ENGINE=InnoDB DEFAULT CHARSET=utf8mb4 COLLATE=utf8mb4_unicode_ci;

-- --------------------------------------------------------

--
-- Table structure for table `notifications`
--

CREATE TABLE `notifications` (
  `id` int(11) NOT NULL,
  `restaurant_id` int(11) NOT NULL,
  `user_id` int(11) DEFAULT NULL,
  `type` enum('low_stock','out_of_stock','plan_expiring','plan_expired','new_order','order_cancelled','payment_failed','payment_received','system_update','staff_action','inventory_alert','subscription_renewal') NOT NULL,
  `title` varchar(255) NOT NULL,
  `message` text NOT NULL,
  `data` longtext CHARACTER SET utf8mb4 COLLATE utf8mb4_bin DEFAULT NULL COMMENT 'Extra metadata like item_id, order_id, stock_level, etc.' CHECK (json_valid(`data`)),
  `priority` enum('low','medium','high','critical') NOT NULL DEFAULT 'medium',
  `is_read` tinyint(1) DEFAULT 0,
  `read_at` timestamp NULL DEFAULT NULL,
  `action_url` varchar(500) DEFAULT NULL COMMENT 'Deep link to relevant page (e.g., /inventory/123)',
  `action_label` varchar(100) DEFAULT NULL COMMENT 'Button text like "View Order", "Restock Now"',
  `sent_via_app` tinyint(1) DEFAULT 1,
  `sent_via_email` tinyint(1) DEFAULT 0,
  `sent_via_sms` tinyint(1) DEFAULT 0,
  `expires_at` timestamp NULL DEFAULT NULL COMMENT 'Auto-dismiss notification after this time',
  `created_at` timestamp NULL DEFAULT current_timestamp(),
  `updated_at` timestamp NULL DEFAULT current_timestamp() ON UPDATE current_timestamp()
) ENGINE=InnoDB DEFAULT CHARSET=utf8mb4 COLLATE=utf8mb4_unicode_ci;

--
-- Dumping data for table `notifications`
--

INSERT INTO `notifications` (`id`, `restaurant_id`, `user_id`, `type`, `title`, `message`, `data`, `priority`, `is_read`, `read_at`, `action_url`, `action_label`, `sent_via_app`, `sent_via_email`, `sent_via_sms`, `expires_at`, `created_at`, `updated_at`) VALUES
(4, 7, NULL, 'low_stock', 'Low Stock Alert', 'Only 8 units of \"Chicken Biryani\" remaining.', '{\"item_id\":80,\"item_name\":\"Chicken Biryani\",\"current_stock\":8,\"threshold\":10}', 'high', 1, '2026-02-08 03:39:07', '/reports/inventory?filter=low', 'Restock', 1, 0, 0, NULL, '2026-02-07 18:27:13', '2026-02-08 03:39:07'),
(5, 7, NULL, 'low_stock', 'Low Stock Alert', 'Only 10 units of \"Kashmiri Biryani\" remaining.', '{\"item_id\":\"83\",\"item_name\":\"Kashmiri Biryani\",\"current_stock\":10,\"threshold\":10}', 'high', 1, '2026-02-08 03:39:07', '/reports/inventory?filter=low', 'Restock', 1, 0, 0, NULL, '2026-02-07 18:27:47', '2026-02-08 03:39:07'),
(10, 7, NULL, 'low_stock', 'Low Stock Alert', 'Only 6 units of \"Kashmiri Biryani\" remaining.', '{\"item_id\":\"83\",\"item_name\":\"Kashmiri Biryani\",\"current_stock\":6,\"threshold\":10}', 'high', 1, '2026-02-12 13:57:31', '/reports/inventory?filter=low', 'Restock', 1, 0, 0, NULL, '2026-02-10 18:16:55', '2026-02-12 13:57:31'),
(11, 7, NULL, 'low_stock', 'Low Stock Alert', 'Only 9 units of \"Hyderabadi Biryani\" remaining.', '{\"item_id\":87,\"item_name\":\"Hyderabadi Biryani\",\"current_stock\":9,\"threshold\":10}', 'high', 1, '2026-02-12 13:57:31', '/reports/inventory?filter=low', 'Restock', 1, 0, 0, NULL, '2026-02-11 10:30:41', '2026-02-12 13:57:31'),
(12, 7, NULL, 'low_stock', 'Low Stock Alert', 'Only 4 units of \"Kashmiri Biryani\" remaining.', '{\"item_id\":83,\"item_name\":\"Kashmiri Biryani\",\"current_stock\":4,\"threshold\":10}', 'high', 1, '2026-02-12 13:57:33', '/reports/inventory?filter=low', 'Restock', 1, 0, 0, NULL, '2026-02-12 10:41:39', '2026-02-12 13:57:33'),
(13, 7, NULL, 'low_stock', 'Low Stock Alert', 'Only 9 units of \"Hyderabadi Biryani\" remaining.', '{\"item_id\":87,\"item_name\":\"Hyderabadi Biryani\",\"current_stock\":9,\"threshold\":10}', 'high', 1, '2026-02-13 03:31:09', '/reports/inventory?filter=low', 'Restock', 1, 0, 0, NULL, '2026-02-12 17:28:02', '2026-02-13 03:31:09'),
(14, 7, NULL, 'low_stock', 'Low Stock Alert', 'Only 9 units of \"Chicken Biryani\" remaining.', '{\"item_id\":\"80\",\"item_name\":\"Chicken Biryani\",\"current_stock\":9,\"threshold\":10}', 'high', 1, '2026-02-15 13:11:04', '/reports/inventory?filter=low', 'Restock', 1, 0, 0, NULL, '2026-02-14 06:48:40', '2026-02-15 13:11:04'),
(15, 7, NULL, 'low_stock', 'Low Stock Alert', 'Only 2 units of \"Hyderabadi Biryani\" remaining.', '{\"item_id\":87,\"item_name\":\"Hyderabadi Biryani\",\"current_stock\":2,\"threshold\":10}', 'high', 1, '2026-02-15 13:11:04', '/reports/inventory?filter=low', 'Restock', 1, 0, 0, NULL, '2026-02-15 04:10:35', '2026-02-15 13:11:04'),
(16, 7, NULL, 'low_stock', 'Low Stock Alert', 'Only 10 units of \"Aloo Paratha\" remaining.', '{\"item_id\":90,\"item_name\":\"Aloo Paratha\",\"current_stock\":10,\"threshold\":10}', 'high', 1, '2026-02-15 13:11:04', '/reports/inventory?filter=low', 'Restock', 1, 0, 0, NULL, '2026-02-15 04:45:09', '2026-02-15 13:11:04'),
(17, 7, NULL, 'low_stock', 'Low Stock Alert', 'Only 7 units of \"Chicken Biryani\" remaining.', '{\"item_id\":\"80\",\"item_name\":\"Chicken Biryani\",\"current_stock\":7,\"threshold\":10}', 'high', 1, '2026-02-15 13:11:04', '/reports/inventory?filter=low', 'Restock', 1, 0, 0, NULL, '2026-02-15 08:19:08', '2026-02-15 13:11:04'),
(18, 7, NULL, 'low_stock', 'Low Stock Alert', 'Only 2 units of \"Hyderabadi Biryani\" remaining.', '{\"item_id\":\"87\",\"item_name\":\"Hyderabadi Biryani\",\"current_stock\":2,\"threshold\":10}', 'high', 1, '2026-02-17 09:57:27', '/reports/inventory?filter=low', 'Restock', 1, 0, 0, NULL, '2026-02-17 05:22:17', '2026-02-17 09:57:27'),
(19, 7, NULL, 'low_stock', 'Low Stock Alert', 'Only 7 units of \"Chicken Biryani\" remaining.', '{\"item_id\":\"80\",\"item_name\":\"Chicken Biryani\",\"current_stock\":7,\"threshold\":10}', 'high', 1, '2026-02-17 09:57:27', '/reports/inventory?filter=low', 'Restock', 1, 0, 0, NULL, '2026-02-17 05:22:17', '2026-02-17 09:57:27'),
(20, 7, NULL, 'out_of_stock', 'OUT OF STOCK', '\"Hyderabadi Biryani\" is now out of stock!', '{\"item_id\":87,\"item_name\":\"Hyderabadi Biryani\",\"last_stock\":0}', 'critical', 1, '2026-02-17 09:57:27', '/reports/inventory?filter=critical', 'Restock Now', 1, 0, 0, NULL, '2026-02-17 09:47:24', '2026-02-17 09:57:27'),
(21, 7, NULL, 'low_stock', 'Low Stock Alert', 'Only 10 units of \"Chicago Pizza\" remaining.', '{\"item_id\":\"133\",\"item_name\":\"Chicago Pizza\",\"current_stock\":10,\"threshold\":10}', 'high', 1, '2026-02-18 03:48:26', '/reports/inventory?filter=low', 'Restock', 1, 0, 0, NULL, '2026-02-18 03:29:33', '2026-02-18 03:48:26'),
(22, 7, NULL, 'low_stock', 'Low Stock Alert', 'Only 8 units of \"Chicago Pizza\" remaining.', '{\"item_id\":\"133\",\"item_name\":\"Chicago Pizza\",\"current_stock\":8,\"threshold\":10}', 'high', 1, '2026-02-19 09:39:09', '/reports/inventory?filter=low', 'Restock', 1, 0, 0, NULL, '2026-02-19 07:00:25', '2026-02-19 09:39:09'),
(23, 7, NULL, 'low_stock', 'Low Stock Alert', 'Only 10 units of \"Kashmiri Biryani\" remaining.', '{\"item_id\":83,\"item_name\":\"Kashmiri Biryani\",\"current_stock\":10,\"threshold\":10}', 'high', 1, '2026-02-21 04:49:42', '/reports/inventory?filter=low', 'Restock', 1, 0, 0, NULL, '2026-02-20 17:42:56', '2026-02-21 04:49:42'),
(24, 7, NULL, 'low_stock', 'Low Stock Alert', 'Only 10 units of \"Chicken Biryanih\" remaining.', '{\"item_id\":80,\"item_name\":\"Chicken Biryanih\",\"current_stock\":10,\"threshold\":10}', 'high', 1, '2026-02-21 04:49:42', '/reports/inventory?filter=low', 'Restock', 1, 0, 0, NULL, '2026-02-20 18:28:30', '2026-02-21 04:49:42');

-- --------------------------------------------------------

--
-- Table structure for table `orders`
--

CREATE TABLE `orders` (
  `id` int(11) NOT NULL,
  `rid` int(11) NOT NULL,
  `cart_id` varchar(50) NOT NULL,
  `customer_id` int(11) DEFAULT NULL,
  `placed_by_staff_id` int(11) DEFAULT NULL,
  `placed_by_role_id` int(11) DEFAULT NULL,
  `item_id` int(11) DEFAULT NULL,
  `variant_id` int(11) DEFAULT NULL,
  `display_name` varchar(255) DEFAULT NULL,
  `quantity` int(11) DEFAULT NULL,
  `order_status` enum('pending','ready','processing','completed','settled','cancelled') DEFAULT 'pending',
  `payment_status` enum('pending','completed') DEFAULT 'completed',
  `payment_method` enum('upi','cash','card','others') NOT NULL DEFAULT 'cash',
  `special_instructions` varchar(250) DEFAULT NULL,
  `delivery_type` enum('dine-in','takeaway','delivery') NOT NULL DEFAULT 'dine-in',
  `discount_amount` int(11) NOT NULL DEFAULT 0,
  `total_amount` int(11) DEFAULT 0,
  `preparation_time` int(11) NOT NULL DEFAULT 20,
  `table_id` int(11) DEFAULT NULL COMMENT 'Foreign key to tables.id',
  `table_no` varchar(50) DEFAULT NULL,
  `party_size` tinyint(3) UNSIGNED DEFAULT NULL COMMENT '\r\n',
  `created_at` datetime DEFAULT current_timestamp(),
  `updated_at` datetime DEFAULT current_timestamp()
) ENGINE=InnoDB DEFAULT CHARSET=utf8mb4 COLLATE=utf8mb4_unicode_ci;

--
-- Dumping data for table `orders`
--

INSERT INTO `orders` (`id`, `rid`, `cart_id`, `customer_id`, `placed_by_staff_id`, `placed_by_role_id`, `item_id`, `variant_id`, `display_name`, `quantity`, `order_status`, `payment_status`, `payment_method`, `special_instructions`, `delivery_type`, `discount_amount`, `total_amount`, `preparation_time`, `table_id`, `table_no`, `party_size`, `created_at`, `updated_at`) VALUES
(661, 7, 'wecpcvrrHM', 1714045, NULL, NULL, 80, 0, 'Chicken Biryani', 1, 'completed', 'completed', 'cash', '', 'dine-in', 0, 262, 30, 71, '1', NULL, '2025-09-09 12:59:06', '2025-09-11 13:05:02'),
(662, 7, 'wecpcvrrHM', 1714045, NULL, NULL, 83, 0, 'Kashmiri Biryani', 1, 'completed', 'completed', 'cash', '', 'dine-in', 0, 235, 30, 71, '1', NULL, '2025-09-09 12:59:06', '2025-09-11 13:05:02'),
(663, 7, 'wecpcvrrHM', 1714045, NULL, NULL, 87, 0, 'Hyderabadi Biryani', 1, 'completed', 'completed', 'cash', '', 'dine-in', 0, 230, 30, 71, '1', NULL, '2025-09-10 12:59:06', '2025-09-11 13:05:02'),
(664, 7, 'XcUwuvoCjO', 1714046, NULL, NULL, 90, 0, 'Aloo Paratha', 1, 'completed', 'completed', 'cash', '', 'dine-in', 0, 75, 30, 71, '2', NULL, '2025-09-10 13:03:27', '2025-09-11 13:05:00'),
(665, 7, 'XcUwuvoCjO', 1714046, NULL, NULL, 91, 0, 'Shahi Paneer', 1, 'completed', 'completed', 'cash', '', 'dine-in', 0, 200, 30, 71, '2', NULL, '2025-09-11 13:03:27', '2025-09-11 13:05:00'),
(666, 7, 'fsVAQfXgSF', 1714047, NULL, NULL, 107, 0, 'Veg Manchow Soup', 1, 'completed', 'completed', 'cash', '', 'dine-in', 0, 250, 30, 71, '3', NULL, '2025-09-11 13:03:52', '2025-09-11 13:05:01'),
(667, 7, 'fsVAQfXgSF', 1714047, NULL, NULL, 110, 0, 'Chili Paneer', 1, 'completed', 'completed', 'cash', '', 'dine-in', 0, 320, 30, 71, '3', NULL, '2025-09-10 13:03:52', '2025-09-11 13:05:01'),
(668, 7, 'fsVAQfXgSF', 1714047, NULL, NULL, 111, 0, 'Spring Rolls', 1, 'completed', 'completed', 'cash', '', 'dine-in', 0, 350, 30, 71, '3', NULL, '2025-09-10 13:03:52', '2025-09-11 13:05:01'),
(669, 7, 'fsVAQfXgSF', 1714047, NULL, NULL, 112, 0, 'Fried Momos', 1, 'completed', 'completed', 'cash', '', 'dine-in', 0, 250, 30, 71, '3', NULL, '2025-09-11 13:03:52', '2025-09-11 13:05:01'),
(670, 7, 'TVtAxAFOqM', 1714048, NULL, NULL, 107, 38, 'Veg Manchow Soup (Half)', 3, 'completed', 'completed', 'cash', '', 'dine-in', 0, 570, 30, 71, '10', NULL, '2025-09-11 13:04:37', '2025-09-11 13:04:59'),
(671, 7, 'qwFFXnswkw', 1714049, NULL, NULL, 80, 0, 'Chicken Biryani', 1, 'completed', 'completed', 'cash', '', 'dine-in', 0, 262, 30, 71, '4', NULL, '2025-09-10 13:09:41', '2025-09-11 13:11:30'),
(672, 7, 'qwFFXnswkw', 1714049, NULL, NULL, 83, 0, 'Kashmiri Biryani', 1, 'completed', 'completed', 'cash', '', 'dine-in', 0, 235, 30, 71, '4', NULL, '2025-09-11 13:09:41', '2025-09-11 13:11:30'),
(673, 7, 'qwFFXnswkw', 1714049, NULL, NULL, 87, 0, 'Hyderabadi Biryani', 1, 'completed', 'completed', 'cash', '', 'dine-in', 0, 230, 30, 71, '4', NULL, '2025-09-11 13:09:41', '2025-09-11 13:11:30'),
(674, 7, 'qwFFXnswkw', 1714049, NULL, NULL, 107, 0, 'Veg Manchow Soup', 1, 'completed', 'completed', 'cash', '', 'dine-in', 0, 250, 30, 71, '4', NULL, '2025-09-11 13:09:41', '2025-09-11 13:11:30'),
(675, 7, 'qwFFXnswkw', 1714049, NULL, NULL, 110, 0, 'Chili Paneer', 1, 'completed', 'completed', 'cash', '', 'dine-in', 0, 320, 30, 71, '4', NULL, '2025-09-11 13:09:41', '2025-09-11 13:11:30'),
(676, 7, 'qwFFXnswkw', 1714049, NULL, NULL, 111, 0, 'Spring Rolls', 1, 'completed', 'completed', 'cash', '', 'dine-in', 0, 350, 30, 71, '4', NULL, '2025-09-11 13:09:41', '2025-09-11 13:11:30'),
(677, 7, 'qwFFXnswkw', 1714049, NULL, NULL, 112, 0, 'Fried Momos', 1, 'completed', 'completed', 'cash', '', 'dine-in', 0, 250, 30, 71, '4', NULL, '2025-09-11 13:09:41', '2025-09-11 13:11:30'),
(678, 7, 'tPimhNbfJA', 1714050, NULL, NULL, 107, 0, 'Veg Manchow Soup', 1, 'completed', 'completed', 'cash', '', 'dine-in', 0, 250, 30, 71, '2', NULL, '2025-09-11 13:10:29', '2025-09-11 13:11:29'),
(679, 7, 'tPimhNbfJA', 1714050, NULL, NULL, 110, 0, 'Chili Paneer', 1, 'completed', 'completed', 'cash', '', 'dine-in', 0, 320, 30, 71, '2', NULL, '2025-09-11 13:10:29', '2025-09-11 13:11:29'),
(680, 7, 'tPimhNbfJA', 1714050, NULL, NULL, 111, 0, 'Spring Rolls', 1, 'completed', 'completed', 'cash', '', 'dine-in', 0, 350, 30, 71, '2', NULL, '2025-09-11 13:10:29', '2025-09-11 13:11:29'),
(681, 7, 'tPimhNbfJA', 1714050, NULL, NULL, 112, 0, 'Fried Momos', 1, 'completed', 'completed', 'cash', '', 'dine-in', 0, 250, 30, 71, '2', NULL, '2025-09-11 13:10:29', '2025-09-11 13:11:29'),
(682, 7, 'kliATMGjpH', 1714051, NULL, NULL, 80, 0, 'Chicken Biryani', 1, 'completed', 'completed', 'cash', '', 'dine-in', 0, 262, 30, 71, '4', NULL, '2025-09-11 13:24:14', '2025-09-11 13:24:22'),
(683, 7, 'kliATMGjpH', 1714051, NULL, NULL, 83, 0, 'Kashmiri Biryani', 1, 'completed', 'completed', 'cash', '', 'dine-in', 0, 235, 30, 71, '4', NULL, '2025-09-11 13:24:14', '2025-09-11 13:24:22'),
(684, 7, 'kliATMGjpH', 1714051, NULL, NULL, 87, 0, 'Hyderabadi Biryani', 1, 'completed', 'completed', 'cash', '', 'dine-in', 0, 230, 30, 71, '4', NULL, '2025-09-11 13:24:14', '2025-09-11 13:24:22'),
(685, 7, 'eEIfMVdWci', 1714037, NULL, NULL, 107, 0, 'Veg Manchow Soup', 1, 'completed', 'completed', 'cash', '', 'dine-in', 0, 250, 30, 71, '2', NULL, '2025-09-11 13:32:19', '2025-09-11 14:39:09'),
(686, 7, 'gWQsKjhBPb', 1714037, NULL, NULL, 87, NULL, 'Hyderabadi Biryani', 1, 'completed', 'completed', 'cash', '', 'dine-in', 0, 230, 30, 71, '2', NULL, '2025-09-11 14:03:55', '2025-09-11 14:39:08'),
(687, 7, 'HWXKPgSgWE', 1714040, NULL, NULL, 90, 0, 'Aloo Paratha', 2, 'completed', 'completed', 'cash', '', 'dine-in', 0, 75, 30, 71, '2', NULL, '2025-09-11 14:07:56', '2025-09-11 14:39:07'),
(688, 7, 'HWXKPgSgWE', 1714040, NULL, NULL, 87, 0, 'Hyderabadi Biryani', 1, 'completed', 'completed', 'cash', '', 'dine-in', 0, 230, 30, 71, '2', NULL, '2025-09-11 14:07:56', '2025-09-11 14:39:07'),
(689, 7, 'HWXKPgSgWE', 1714040, NULL, NULL, 107, 0, 'Veg Manchow Soup', 1, 'completed', 'completed', 'cash', '', 'dine-in', 0, 250, 30, 71, '2', NULL, '2025-09-11 14:07:56', '2025-09-11 14:39:07'),
(690, 7, 'IqGRbhWCvk', 1714043, NULL, NULL, 87, 0, 'Hyderabadi Biryani', 1, 'completed', 'completed', 'cash', '', 'dine-in', 0, 230, 30, 71, '2', NULL, '2025-09-11 15:46:36', '2025-09-11 15:49:52'),
(691, 7, 'xExVngBpqy', 1714037, NULL, NULL, 87, 0, 'Hyderabadi Biryani', 1, 'completed', 'completed', 'cash', '', 'dine-in', 0, 230, 30, 71, '2', NULL, '2025-09-12 05:09:51', '2025-09-12 05:10:22'),
(692, 7, 'JOloYKBrKr', 1714037, NULL, NULL, 91, 0, 'Shahi Paneer', 1, 'completed', 'completed', 'cash', '', 'dine-in', 0, 200, 30, 71, '2', NULL, '2025-09-12 05:14:31', '2025-09-12 08:35:28'),
(693, 7, 'INUHfAoOcV', 1714052, NULL, NULL, 87, 0, 'Hyderabadi Biryani', 1, 'completed', 'completed', 'cash', '', 'dine-in', 0, 230, 30, 71, '2', NULL, '2025-09-12 08:33:32', '2025-09-12 08:35:23'),
(694, 7, 'KHGJmszGpC', 1714037, NULL, NULL, 107, 0, 'Veg Manchow Soup', 1, 'completed', 'completed', 'cash', '', 'dine-in', 0, 250, 30, 71, '2', NULL, '2025-09-12 09:16:43', '2025-09-12 09:17:25'),
(695, 7, 'kfzZnBgYBq', 1714040, NULL, NULL, 87, 0, 'Hyderabadi Biryani', 1, 'completed', 'completed', 'cash', '', 'dine-in', 0, 230, 30, 71, '2', NULL, '2025-09-12 09:29:25', '2025-09-12 09:29:56'),
(696, 7, 'wxQyJahuvv', 1714037, NULL, NULL, 107, 0, 'Veg Manchow Soup', 1, 'pending', 'completed', 'cash', '', 'dine-in', 0, 250, 20, 71, '2', NULL, '2025-09-14 05:23:31', '2025-09-14 05:23:31'),
(697, 7, 'wxQyJahuvv', 1714037, NULL, NULL, 110, 0, 'Chili Paneer', 1, 'pending', 'completed', 'cash', '', 'dine-in', 0, 320, 20, 71, '2', NULL, '2025-09-14 05:23:31', '2025-09-14 05:23:31'),
(698, 7, 'ErpmxxVlQG', 1714037, NULL, NULL, 90, NULL, 'Aloo Paratha', 1, 'pending', 'completed', 'cash', '', 'dine-in', 0, 75, 20, 71, '2', NULL, '2025-09-14 05:24:17', '2025-09-14 05:24:17'),
(699, 11, 'jwaxAZaHYp', 1714037, NULL, NULL, 119, 0, 'Chocolate truffle cake', 1, 'pending', 'completed', 'cash', '', 'dine-in', 0, 800, 20, 71, '2', NULL, '2025-09-15 02:43:09', '2025-09-15 02:43:09'),
(700, 11, 'ZZTgJWZQTb', 1714037, NULL, NULL, 119, 0, 'Chocolate truffle cake', 1, 'pending', 'completed', 'cash', '', 'dine-in', 0, 800, 20, 71, '2', NULL, '2025-09-15 02:43:31', '2025-09-15 02:43:31'),
(701, 11, 'ESMEMeDWYK', 1714037, NULL, NULL, 119, 0, 'Chocolate truffle cake', 1, 'pending', 'completed', 'cash', '', 'dine-in', 0, 800, 20, 71, '2', NULL, '2025-09-15 02:56:09', '2025-09-15 02:56:09'),
(702, 11, 'CfTuKtNClN', 1714037, NULL, NULL, 118, 0, 'Black forest cake', 2, 'pending', 'completed', 'cash', '', 'dine-in', 0, 449, 20, 71, '2', NULL, '2025-09-15 03:30:35', '2025-09-15 03:30:35'),
(703, 11, 'BASQONlYBK', 1714037, NULL, NULL, 116, 0, 'Fried momos', 1, 'pending', 'completed', 'cash', '', 'dine-in', 0, 100, 20, 71, '2', NULL, '2025-09-15 03:46:40', '2025-09-15 03:46:40'),
(704, 11, 'AeufVdspom', 1714037, NULL, NULL, 117, 0, 'Tandoori momos', 1, 'pending', 'completed', 'cash', '', 'dine-in', 0, 195, 20, 71, '2', NULL, '2025-09-15 03:47:27', '2025-09-15 03:47:27'),
(705, 11, 'EtVSYZnJZg', 1714037, NULL, NULL, 117, 0, 'Tandoori momos', 1, 'pending', 'completed', 'cash', '', 'dine-in', 0, 195, 20, 71, '2', NULL, '2025-09-15 03:48:07', '2025-09-15 03:48:07'),
(706, 7, 'UTNxQJoMCz', 1714037, NULL, NULL, 87, 0, 'Hyderabadi Biryani', 1, 'ready', 'completed', 'cash', '', 'dine-in', 0, 230, 30, 71, '2', NULL, '2025-11-01 14:14:15', '2025-11-01 14:15:10'),
(707, 7, 'xmStCFMblW', 1714037, NULL, NULL, 110, 0, 'Chili Paneer', 1, 'completed', 'completed', 'cash', '', 'dine-in', 0, 320, 30, 71, '2', NULL, '2025-11-01 14:14:59', '2025-11-01 14:15:12'),
(708, 11, 'NrxxuycBgD', 1714037, NULL, NULL, 119, 0, 'Chocolate truffle cake', 1, 'completed', 'completed', 'cash', '', 'dine-in', 0, 800, 30, 71, '2', NULL, '2025-11-04 09:19:59', '2025-11-04 09:20:31'),
(709, 7, 'wYEHntivis', 1714053, NULL, NULL, 87, 0, 'Hyderabadi Biryani', 1, 'completed', 'completed', 'cash', '', 'dine-in', 0, 230, 30, 71, '2', NULL, '2025-11-06 08:32:03', '2025-11-06 08:32:45'),
(710, 7, 'wYEHntivis', 1714053, NULL, NULL, 110, 0, 'Chili Paneer', 1, 'completed', 'completed', 'cash', '', 'dine-in', 0, 320, 30, 71, '2', NULL, '2025-11-06 08:32:03', '2025-11-06 08:32:46'),
(711, 7, 'cfMuVtWXLD', 1714037, NULL, NULL, 87, 0, 'Hyderabadi Biryani', 1, 'processing', 'completed', 'cash', '', 'dine-in', 0, 230, 30, 71, '2', NULL, '2025-11-06 10:07:06', '2025-11-06 10:07:53'),
(712, 7, 'tyDShFpHlh', 1714037, NULL, NULL, 110, 0, 'Chili Paneer', 1, 'processing', 'completed', 'cash', '', 'dine-in', 0, 320, 30, 71, '2', NULL, '2025-11-06 10:26:03', '2025-11-06 10:26:15'),
(713, 7, 'lbqlnmWuXR', 1714037, NULL, NULL, 110, 0, 'Chili Paneer', 1, 'ready', 'completed', 'cash', '', 'dine-in', 0, 320, 20, 71, '2', NULL, '2025-11-06 10:33:54', '2025-11-07 07:10:26'),
(714, 11, 'cBZBogTlZb', 1714037, NULL, NULL, 126, 0, 'Aloo paratha (potato)', 3, 'settled', 'completed', 'cash', '', 'dine-in', 0, 24, 40, 71, '2', NULL, '2026-02-08 06:27:10', '2026-02-08 07:40:39'),
(715, 11, 'cBZBogTlZb', 1714037, NULL, NULL, 118, 0, 'Black forest cake', 2, 'settled', 'completed', 'cash', '', 'dine-in', 0, 449, 40, 71, '2', NULL, '2026-02-08 06:27:10', '2026-02-08 07:40:39'),
(716, 7, 'XwQprShFIz', 1714037, NULL, NULL, 210, 0, 'test5', 1, 'completed', 'completed', 'cash', 'Don\'t add onions', 'dine-in', 0, 123, 45, 71, '1', NULL, '2026-01-06 17:13:05', '2026-01-06 17:17:27'),
(717, 7, 'JLmpfYySQD', 1714056, NULL, NULL, 83, 0, 'Kashmiri Biryani', 1, 'completed', 'completed', 'cash', '', 'dine-in', 0, 235, 60, 71, '2', NULL, '2026-01-06 17:20:58', '2026-01-06 17:36:51'),
(718, 7, 'EIKfQKvIdE', 1714057, NULL, NULL, 114, 0, 'Peppy Paneer Pizza', 1, 'completed', 'completed', 'cash', '', 'dine-in', 0, 190, 60, 71, '3', NULL, '2026-01-06 17:28:36', '2026-01-06 17:49:52'),
(719, 7, 'yKdpWFQcgY', 1714058, NULL, NULL, 114, 0, 'Peppy Paneer Pizza', 1, 'completed', 'completed', 'cash', '', 'dine-in', 0, 190, 30, 71, '9', NULL, '2026-01-06 17:48:38', '2026-01-06 17:49:54'),
(720, 7, 'caaaQyiSwS', 1714037, NULL, NULL, 83, 0, 'Kashmiri Biryani', 1, 'completed', 'completed', 'cash', '', 'dine-in', 0, 235, 30, 71, '6', NULL, '2026-01-06 18:46:19', '2026-01-06 18:46:35'),
(721, 7, 'cbiiFHnnuR', 1714061, NULL, NULL, 80, 37, 'Chicken Biryani (Small)', 1, 'completed', 'completed', 'cash', '', 'dine-in', 0, 86, 30, 71, '1', NULL, '2026-01-09 06:07:11', '2026-01-09 07:27:21'),
(722, 7, 'qAhHKcdPjl', 1714062, NULL, NULL, 90, 0, 'Aloo Paratha', 1, 'cancelled', 'completed', 'cash', '', 'takeaway', 0, 75, 20, 71, '0', NULL, '2026-01-09 06:56:22', '2026-01-09 06:56:35'),
(723, 7, 'cztVzOfgjU', 1714037, NULL, NULL, 87, 0, 'Hyderabadi Biryani', 1, 'cancelled', 'completed', 'cash', '', 'takeaway', 0, 700, 20, 71, '0', NULL, '2026-01-09 07:10:54', '2026-01-09 07:11:22'),
(724, 7, 'cztVzOfgjU', 1714037, NULL, NULL, 83, 0, 'Kashmiri Biryani', 2, 'cancelled', 'completed', 'cash', '', 'takeaway', 0, 700, 20, 71, '0', NULL, '2026-01-09 07:10:54', '2026-01-09 07:11:22'),
(725, 7, 'EAsMISOhHo', 1714037, NULL, NULL, 80, 0, 'Chicken Biryani', 1, 'cancelled', 'completed', 'cash', '', 'dine-in', 0, 262, 20, 71, '2', NULL, '2026-01-09 07:16:42', '2026-01-09 07:16:47'),
(726, 7, 'WcCLIDwuwA', 1714037, NULL, NULL, 80, 0, 'Chicken Biryani', 2, 'completed', 'completed', 'cash', '', 'dine-in', 0, 524, 30, 71, '2', NULL, '2026-01-09 07:16:59', '2026-01-09 07:27:15'),
(727, 7, 'WcCLIDwuwA', 1714037, NULL, NULL, 83, 0, 'Kashmiri Biryani', 1, 'completed', 'completed', 'cash', '', 'dine-in', 0, 235, 30, 71, '2', NULL, '2026-01-09 07:16:59', '2026-01-09 07:27:15'),
(728, 7, 'YaObDzaBef', 1714037, NULL, NULL, 83, 0, 'Kashmiri Biryani', 2, 'cancelled', 'completed', 'cash', '', 'takeaway', 0, 820, 20, 71, '0', NULL, '2026-01-09 07:17:24', '2026-01-09 07:20:34'),
(729, 7, 'YaObDzaBef', 1714037, NULL, NULL, 111, 0, 'Spring Rolls', 1, 'cancelled', 'completed', 'cash', '', 'takeaway', 0, 820, 20, 71, '0', NULL, '2026-01-09 07:17:24', '2026-01-09 07:20:34'),
(730, 7, 'zfeOxwRtVX', 1714037, NULL, NULL, 83, 0, 'Kashmiri Biryani', 1, 'cancelled', 'completed', 'cash', '', 'dine-in', 0, 235, 20, 71, '4', NULL, '2026-01-09 07:20:49', '2026-01-09 07:26:32'),
(731, 7, 'zfeOxwRtVX', 1714037, NULL, NULL, 87, 0, 'Hyderabadi Biryani', 2, 'cancelled', 'completed', 'cash', '', 'dine-in', 0, 460, 20, 71, '4', NULL, '2026-01-09 07:20:49', '2026-01-09 07:26:32'),
(732, 7, 'fqpTfkhYdP', 1714055, NULL, NULL, 90, 0, 'Aloo Paratha', 1, 'processing', 'completed', 'cash', '', 'takeaway', 0, 535, 30, 71, '0', NULL, '2026-01-09 07:29:12', '2026-01-09 07:29:26'),
(733, 7, 'fqpTfkhYdP', 1714055, NULL, NULL, 87, 0, 'Hyderabadi Biryani', 2, 'processing', 'completed', 'cash', '', 'takeaway', 0, 535, 30, 71, '0', NULL, '2026-01-09 07:29:12', '2026-01-09 07:29:26'),
(734, 7, 'IIkEBVhwpi', 1714037, NULL, NULL, 90, 0, 'Aloo Paratha', 1, 'cancelled', 'completed', 'cash', '', 'takeaway', 0, 75, 20, 71, '0', NULL, '2026-01-09 07:37:10', '2026-01-09 07:42:12'),
(735, 7, 'gOHIXVZTCu', 1714037, NULL, NULL, 87, 0, 'Hyderabadi Biryani', 2, 'cancelled', 'completed', 'cash', '', 'dine-in', 0, 460, 20, 71, '7', NULL, '2026-01-09 07:37:58', '2026-01-09 07:42:58'),
(736, 7, 'gOHIXVZTCu', 1714037, NULL, NULL, 208, 0, 'Mutton Biryani', 1, 'cancelled', 'completed', 'cash', '', 'dine-in', 0, 210, 20, 71, '7', NULL, '2026-01-09 07:37:58', '2026-01-09 07:42:59'),
(737, 7, 'CbosgIdyXL', 1714057, NULL, NULL, 91, 0, 'Shahi Paneer', 2, 'cancelled', 'completed', 'cash', '', 'takeaway', 0, 650, 20, 71, '0', NULL, '2026-01-09 07:41:48', '2026-01-09 07:47:37'),
(738, 7, 'CbosgIdyXL', 1714057, NULL, NULL, 107, 0, 'Veg Manchow Soup', 1, 'cancelled', 'completed', 'cash', '', 'takeaway', 0, 650, 20, 71, '0', NULL, '2026-01-09 07:41:48', '2026-01-09 07:47:37'),
(740, 7, 'xYXnbOsOHw', 1714044, NULL, NULL, 90, 0, 'Aloo Paratha', 1, 'cancelled', 'completed', 'cash', '', 'takeaway', 0, 75, 20, 71, '0', NULL, '2026-01-09 08:01:15', '2026-01-09 08:06:20'),
(741, 7, 'iFdGtvalIW', 1714057, NULL, NULL, 90, 0, 'Aloo Paratha', 1, 'cancelled', 'completed', 'cash', '', 'dine-in', 0, 75, 20, 71, '1', NULL, '2026-01-09 08:03:04', '2026-01-09 08:08:17'),
(742, 7, 'iFdGtvalIW', 1714057, NULL, NULL, 111, 0, 'Spring Rolls', 2, 'cancelled', 'completed', 'cash', '', 'dine-in', 0, 700, 20, 71, '1', NULL, '2026-01-09 08:03:04', '2026-01-09 08:08:17'),
(743, 7, 'hvzrsXePvA', 1714063, NULL, NULL, 83, 0, 'Kashmiri Biryani', 2, 'cancelled', 'completed', 'cash', '', 'takeaway', 0, 470, 20, 71, '0', NULL, '2026-01-09 08:06:54', '2026-01-09 08:11:27'),
(744, 7, 'hvzrsXePvA', 1714063, NULL, NULL, 80, 0, 'Chicken Biryani', 1, 'cancelled', 'completed', 'cash', '', 'takeaway', 0, 262, 20, 71, '0', NULL, '2026-01-09 08:06:54', '2026-01-09 08:11:27'),
(745, 7, 'sNYpBoEjjs', 1714047, NULL, NULL, 111, 0, 'Spring Rolls', 1, 'completed', 'completed', 'cash', '', 'takeaway', 0, 350, 20, 71, '0', NULL, '2026-01-09 08:15:26', '2026-01-09 08:15:26'),
(746, 7, 'sNYpBoEjjs', 1714047, NULL, NULL, 110, 0, 'Chili Paneer', 1, 'completed', 'completed', 'cash', '', 'takeaway', 0, 320, 20, 71, '0', NULL, '2026-01-09 08:15:26', '2026-01-09 08:15:26'),
(747, 7, 'lnsbgayFAr', 1714037, NULL, NULL, 111, 0, 'Spring Rolls', 1, 'completed', 'completed', 'cash', '', 'takeaway', 0, 350, 20, 71, '0', NULL, '2026-01-10 07:05:20', '2026-01-10 07:05:20'),
(748, 7, 'ILcZBYgrJi', 1714064, NULL, NULL, 87, 0, 'Hyderabadi Biryani', 1, 'completed', 'completed', 'cash', '', 'takeaway', 0, 230, 20, 71, '0', NULL, '2026-01-10 07:06:02', '2026-01-10 07:06:02'),
(749, 7, 'drMGJTyUSy', 1714051, NULL, NULL, 110, 0, 'Chili Paneer', 1, 'completed', 'completed', 'cash', '', 'takeaway', 0, 320, 20, 71, '0', NULL, '2026-01-10 07:06:49', '2026-01-10 07:06:49'),
(750, 7, 'IkPUSbUghs', 1714065, NULL, NULL, 107, 0, 'Veg Manchow Soup', 1, 'completed', 'completed', 'cash', '', 'takeaway', 0, 250, 20, 71, '0', NULL, '2026-01-10 07:07:21', '2026-01-10 07:07:21'),
(751, 7, 'iGcnHXDcfO', 1714037, NULL, NULL, 87, 0, 'Hyderabadi Biryani', 3, 'completed', 'completed', 'cash', '', 'takeaway', 0, 690, 20, 71, '0', NULL, '2026-01-10 10:33:05', '2026-01-10 10:33:05'),
(752, 7, 'HmalsZltYj', 1714037, NULL, NULL, 83, 0, 'Kashmiri Biryani', 1, 'completed', 'completed', 'cash', '', 'takeaway', 0, 235, 20, 71, '0', NULL, '2026-01-15 06:49:35', '2026-01-15 06:49:35'),
(753, 7, 'nxUdlngAVe', 1714037, NULL, NULL, 90, 0, 'Aloo Paratha', 1, 'completed', 'completed', 'cash', '', 'takeaway', 0, 75, 20, 71, '0', NULL, '2026-01-15 14:08:12', '2026-01-15 14:08:12'),
(754, 7, 'IYRUYYMnOo', 1714050, NULL, NULL, 113, 0, 'Margherita Pizza', 1, 'cancelled', 'completed', 'cash', '', 'dine-in', 0, 230, 20, 71, '1', NULL, '2026-01-15 14:11:43', '2026-01-15 15:00:56'),
(755, 7, 'oOySPVpzqh', 1714050, NULL, NULL, 83, 0, 'Kashmiri Biryani', 1, 'completed', 'completed', 'cash', '', 'takeaway', 0, 235, 20, 71, '0', NULL, '2026-01-15 15:48:10', '2026-01-15 15:48:10'),
(756, 7, 'UdbGbpnASK', 1714044, NULL, NULL, 80, 0, 'Chicken Biryani', 1, 'completed', 'completed', 'cash', '', 'dine-in', 0, 262, 45, 71, '2', NULL, '2026-01-15 15:48:33', '2026-01-15 15:48:54'),
(757, 7, 'vlkhzVEANt', 1714037, NULL, NULL, 80, 0, 'Chicken Biryani', 1, 'cancelled', 'completed', 'cash', '', 'dine-in', 0, 262, 20, 71, '1', NULL, '2026-01-17 02:46:09', '2026-01-17 03:09:52'),
(758, 7, 'DkMWOoWwEt', 1714037, NULL, NULL, 83, 0, 'Kashmiri Biryani', 1, 'completed', 'completed', 'cash', '', 'dine-in', 0, 235, 40, 71, '1', NULL, '2026-01-17 09:49:19', '2026-01-17 09:49:47'),
(759, 7, 'gcMGRWFDKu', 1714055, NULL, NULL, 133, 0, 'Chicago Pizza', 1, 'completed', 'completed', 'cash', '', 'takeaway', 0, 450, 20, 71, '0', NULL, '2026-01-17 10:00:15', '2026-01-17 10:00:15'),
(760, 7, 'rMwQEPlCLB', 1714037, NULL, NULL, 83, 0, 'Kashmiri Biryani', 1, 'completed', 'completed', 'cash', '', 'takeaway', 0, 235, 20, 71, '0', NULL, '2026-01-18 13:59:54', '2026-01-18 13:59:54'),
(761, 7, 'NnPiIEiFNO', 1714059, NULL, NULL, 90, 0, 'Aloo Paratha', 1, 'completed', 'completed', 'cash', '', 'takeaway', 0, 75, 20, 71, '0', NULL, '2026-01-19 04:49:36', '2026-01-19 04:49:36'),
(762, 7, 'NnPiIEiFNO', 1714059, NULL, NULL, 87, 0, 'Hyderabadi Biryani', 1, 'completed', 'completed', 'cash', '', 'takeaway', 0, 230, 20, 71, '0', NULL, '2026-01-19 04:49:36', '2026-01-19 04:49:36'),
(763, 7, 'NnPiIEiFNO', 1714059, NULL, NULL, 83, 0, 'Kashmiri Biryani', 1, 'completed', 'completed', 'cash', '', 'takeaway', 0, 235, 20, 71, '0', NULL, '2026-01-19 04:49:36', '2026-01-19 04:49:36'),
(764, 7, 'vzpQhRtyGE', 1714048, NULL, NULL, 111, 0, 'Spring Rolls', 1, 'completed', 'completed', 'cash', '', 'takeaway', 0, 350, 20, 71, '0', NULL, '2026-01-19 15:01:34', '2026-01-19 15:01:34'),
(765, 7, 'vzpQhRtyGE', 1714048, NULL, NULL, 110, 0, 'Chili Paneer', 1, 'completed', 'completed', 'cash', '', 'takeaway', 0, 320, 20, 71, '0', NULL, '2026-01-19 15:01:34', '2026-01-19 15:01:34'),
(766, 11, 'cBZBogTlZb', 1714037, NULL, NULL, 120, 0, 'Classic cheeseburger', 1, 'completed', 'completed', 'cash', '', 'takeaway', 0, 120, 20, 71, '0', NULL, '2026-02-08 06:27:10', '2026-01-19 16:58:36'),
(767, 7, 'hADtBdFXfb', 1714066, NULL, NULL, 87, 0, 'Hyderabadi Biryani', 1, 'completed', 'completed', 'cash', '', 'takeaway', 0, 230, 20, 71, '0', NULL, '2026-01-19 17:02:44', '2026-01-19 17:02:44'),
(768, 7, 'RBPpyHINsZ', 1714048, NULL, NULL, 208, 0, 'Mutton Biryani', 1, 'completed', 'completed', 'cash', '', 'takeaway', 0, 210, 20, 71, '0', NULL, '2026-01-19 17:04:38', '2026-01-19 17:04:38'),
(769, 7, 'bzKIOOpADM', 1714050, NULL, NULL, 83, 0, 'Kashmiri Biryani', 1, 'completed', 'completed', 'cash', '', 'takeaway', 0, 235, 20, 71, '0', NULL, '2026-01-19 17:34:06', '2026-01-19 17:34:06'),
(770, 7, 'bzKIOOpADM', 1714050, NULL, NULL, 80, 0, 'Chicken Biryani', 1, 'completed', 'completed', 'cash', '', 'takeaway', 0, 262, 20, 71, '0', NULL, '2026-01-19 17:34:06', '2026-01-19 17:34:06'),
(771, 7, 'EgmcPydLrb', 1714050, NULL, NULL, 114, 0, 'Peppy Paneer Pizza', 1, 'completed', 'completed', 'cash', '', 'dine-in', 0, 190, 40, 71, '1', NULL, '2026-01-19 18:39:15', '2026-01-19 18:39:27'),
(772, 7, 'YcDeByGoAG', 1714044, NULL, NULL, 87, 0, 'Hyderabadi Biryani', 1, 'completed', 'completed', 'cash', '', 'takeaway', 0, 230, 20, 71, '0', NULL, '2026-01-20 02:59:48', '2026-01-20 02:59:48'),
(773, 7, 'kVHWQueFgu', 1714044, NULL, NULL, 111, 0, 'Spring Rolls', 1, 'completed', 'completed', 'cash', '', 'takeaway', 0, 350, 20, 71, '0', NULL, '2026-01-20 03:01:16', '2026-01-20 03:01:16'),
(774, 7, 'kVHWQueFgu', 1714044, NULL, NULL, 110, 0, 'Chili Paneer', 1, 'completed', 'completed', 'cash', '', 'takeaway', 0, 320, 20, 71, '0', NULL, '2026-01-20 03:01:16', '2026-01-20 03:01:16'),
(775, 7, 'kVHWQueFgu', 1714044, NULL, NULL, 107, 0, 'Veg Manchow Soup', 1, 'completed', 'completed', 'cash', '', 'takeaway', 0, 250, 20, 71, '0', NULL, '2026-01-20 03:01:16', '2026-01-20 03:01:16'),
(776, 7, 'kVHWQueFgu', 1714044, NULL, NULL, 91, 0, 'Shahi Paneer', 1, 'completed', 'completed', 'cash', '', 'takeaway', 0, 200, 20, 71, '0', NULL, '2026-01-20 03:01:16', '2026-01-20 03:01:16'),
(777, 7, 'kbeYoUwsLB', 1714063, NULL, NULL, 107, 38, 'Veg Manchow Soup (Half)', 1, 'cancelled', 'completed', 'cash', 'Don\'t include onions', 'dine-in', 0, 190, 20, 71, '1', NULL, '2026-01-20 05:13:53', '2026-01-20 05:23:34'),
(778, 7, 'SItoheWPfl', 1714044, NULL, NULL, 133, 0, 'Chicago Pizza', 1, 'completed', 'completed', 'cash', '', 'takeaway', 0, 450, 20, 71, '0', NULL, '2026-01-21 15:23:29', '2026-01-21 15:23:29'),
(779, 7, 'cPydiAUSIN', 1714055, NULL, NULL, 111, 0, 'Spring Rolls', 1, 'completed', 'completed', 'cash', '', 'takeaway', 0, 350, 20, 71, '0', NULL, '2026-01-22 18:03:15', '2026-01-22 18:03:15'),
(780, 7, 'epmeuaxMhA', 1714057, NULL, NULL, 90, 0, 'Aloo Paratha', 2, 'completed', 'completed', 'cash', '', 'takeaway', 0, 150, 20, 71, '0', NULL, '2026-01-22 18:07:46', '2026-01-22 18:07:46'),
(781, 7, 'zjXteSWunh', 1714037, NULL, NULL, 111, 0, 'Spring Rolls', 2, 'completed', 'completed', 'cash', '', 'takeaway', 0, 700, 20, 71, '0', NULL, '2026-01-22 18:12:12', '2026-01-22 18:12:12'),
(782, 7, 'JihTlGsrdw', 1714044, NULL, 2, 80, 0, 'Chicken Biryani', 1, 'completed', 'completed', 'cash', '', 'takeaway', 0, 262, 20, 71, '0', NULL, '2026-01-22 18:15:30', '2026-01-22 18:15:30'),
(783, 7, 'jGElxvzFnG', 1714040, NULL, 2, 83, 0, 'Kashmiri Biryani', 1, 'completed', 'completed', 'cash', '', 'takeaway', 0, 235, 20, 71, '0', NULL, '2026-01-23 04:34:18', '2026-01-23 04:34:18'),
(784, 7, 'jGElxvzFnG', 1714040, NULL, 2, 87, 0, 'Hyderabadi Biryani', 1, 'completed', 'completed', 'cash', '', 'takeaway', 0, 230, 20, 71, '0', NULL, '2026-01-23 04:34:18', '2026-01-23 04:34:18'),
(785, 7, 'jGElxvzFnG', 1714040, NULL, 2, 90, 0, 'Aloo Paratha', 1, 'completed', 'completed', 'cash', '', 'takeaway', 0, 75, 20, 71, '0', NULL, '2026-01-23 04:34:18', '2026-01-23 04:34:18'),
(786, 7, 'jGElxvzFnG', 1714040, NULL, 2, 111, 0, 'Spring Rolls', 1, 'completed', 'completed', 'cash', '', 'takeaway', 0, 350, 20, 71, '0', NULL, '2026-01-23 04:34:18', '2026-01-23 04:34:18'),
(787, 7, 'jGElxvzFnG', 1714040, NULL, 2, 110, 0, 'Chili Paneer', 1, 'completed', 'completed', 'cash', '', 'takeaway', 0, 320, 20, 71, '0', NULL, '2026-01-23 04:34:18', '2026-01-23 04:34:18'),
(788, 7, 'vPjQLWmZVG', 1714050, NULL, 5, 112, 0, 'Fried Momos', 1, 'completed', 'completed', 'cash', 'Don\'t add onions in biriyani', 'dine-in', 0, 250, 30, 71, '2', NULL, '2026-01-23 09:22:54', '2026-01-23 09:23:38'),
(789, 7, 'vPjQLWmZVG', 1714050, NULL, 5, 80, 35, 'Chicken Biryani (Half)', 1, 'completed', 'completed', 'cash', 'Don\'t add onions in biriyani', 'dine-in', 0, 125, 30, 71, '2', NULL, '2026-01-23 09:22:54', '2026-01-23 09:23:38'),
(790, 7, 'YcMOUOnyot', 1714037, NULL, 2, 91, 0, 'Shahi Paneer', 1, 'completed', 'completed', 'cash', '', 'takeaway', 0, 200, 20, 71, '0', NULL, '2026-01-23 09:24:01', '2026-01-23 09:24:01'),
(791, 7, 'hesjlJLAYP', 1714044, NULL, 2, 87, 0, 'Hyderabadi Biryani', 1, 'completed', 'completed', 'cash', '', 'takeaway', 20, 230, 20, 71, '0', NULL, '2026-01-23 10:54:43', '2026-01-23 10:54:43'),
(792, 7, 'sWCkKynqpM', 1714037, NULL, 2, 83, 0, 'Kashmiri Biryani', 1, 'completed', 'completed', 'cash', '', 'takeaway', 50, 235, 20, 71, '0', NULL, '2026-01-23 13:28:01', '2026-01-23 13:28:01'),
(793, 7, 'AgVXpVngzz', 1714050, NULL, 2, 114, 0, 'Peppy Paneer Pizza', 1, 'completed', 'completed', 'cash', '', 'takeaway', 100, 190, 35, 71, '0', NULL, '2026-01-23 13:54:37', '2026-01-23 16:16:17'),
(794, 7, 'JEQvSGBXmE', 1714059, NULL, 2, 91, 0, 'Shahi Paneer', 1, 'cancelled', 'completed', 'cash', '', 'takeaway', 23, 200, 20, 71, '0', NULL, '2026-01-23 17:16:53', '2026-01-23 17:16:53'),
(795, 7, 'hFuKiAlDAQ', 1714057, NULL, 2, 107, 38, 'Veg Manchow Soup (Half)', 1, 'completed', 'completed', 'cash', '', 'takeaway', 0, 190, 20, 71, '0', NULL, '2026-01-23 17:30:52', '2026-01-23 17:30:52'),
(796, 7, 'oQqDXArxPt', 1714051, NULL, 2, 113, 0, 'Margherita Pizza', 1, 'completed', 'completed', 'cash', '', 'takeaway', 0, 230, 20, 71, '0', NULL, '2026-01-23 18:05:23', '2026-01-23 18:05:23'),
(797, 7, 'NZcPtaQlvt', 1714064, NULL, 2, 113, 0, 'Margherita Pizza', 1, 'completed', 'completed', 'cash', '', 'takeaway', 55, 230, 20, 71, '0', NULL, '2026-01-23 18:06:17', '2026-01-23 18:06:17'),
(798, 7, 'jBRBJtQlEU', 1714056, NULL, 2, 133, 0, 'Chicago Pizza', 1, 'completed', 'completed', 'cash', '', 'dine-in', 100, 450, 30, 71, '1', NULL, '2026-01-23 18:40:13', '2026-01-23 18:40:21'),
(799, 7, 'jBRBJtQlEU', 1714056, NULL, 2, 208, 0, 'Mutton Biryani', 1, 'completed', 'completed', 'cash', '', 'dine-in', 100, 210, 30, 71, '1', NULL, '2026-01-23 18:40:13', '2026-01-23 18:40:21'),
(800, 7, 'zPtFtfFLFM', 1714055, NULL, 2, 112, 0, 'Fried Momos', 1, 'completed', 'completed', 'cash', '', 'takeaway', 50, 250, 20, 71, '0', NULL, '2026-01-23 19:01:17', '2026-01-23 19:01:17'),
(801, 7, 'zPtFtfFLFM', 1714055, NULL, 2, 113, 0, 'Margherita Pizza', 1, 'completed', 'completed', 'cash', '', 'takeaway', 50, 230, 20, 71, '0', NULL, '2026-01-23 19:01:17', '2026-01-23 19:01:17'),
(802, 7, 'OmOIVSGbKk', 1714064, NULL, 2, 113, 0, 'Margherita Pizza', 1, 'completed', 'completed', 'cash', '', 'takeaway', 50, 230, 20, 71, '0', NULL, '2026-01-23 19:21:02', '2026-01-23 19:21:02'),
(803, 7, 'OmOIVSGbKk', 1714064, NULL, 2, 112, 0, 'Fried Momos', 1, 'completed', 'completed', 'cash', '', 'takeaway', 50, 250, 20, 71, '0', NULL, '2026-01-23 19:21:02', '2026-01-23 19:21:02'),
(804, 7, 'gjiJgSmMYT', 1714037, NULL, 2, 107, 0, 'Veg Manchow Soup', 1, 'completed', 'completed', 'cash', '', 'dine-in', 0, 250, 30, 71, '2', NULL, '2026-01-24 04:26:33', '2026-01-24 04:42:04'),
(805, 7, 'vexJpIuQYc', 1714064, NULL, 2, 111, 0, 'Spring Rolls', 1, 'cancelled', 'completed', 'cash', '', 'dine-in', 0, 350, 20, 71, '1', NULL, '2026-01-24 04:30:45', '2026-01-24 04:31:56'),
(806, 7, 'dTabAFsAGp', 1714037, NULL, 2, 91, 0, 'Shahi Paneer', 1, 'completed', 'completed', 'cash', '', 'takeaway', 100, 200, 20, 71, '0', NULL, '2026-01-24 04:32:09', '2026-01-24 04:32:09'),
(807, 7, 'pQSMNhIWyv', 1714037, NULL, 2, 133, 0, 'Chicago Pizza', 1, 'completed', 'completed', 'cash', '', 'takeaway', 33, 450, 20, 71, '0', NULL, '2026-01-24 04:32:39', '2026-01-24 04:32:39'),
(808, 7, 'pQSMNhIWyv', 1714037, NULL, 2, 114, 0, 'Peppy Paneer Pizza', 1, 'completed', 'completed', 'cash', '', 'takeaway', 33, 190, 20, 71, '0', NULL, '2026-01-24 04:32:39', '2026-01-24 04:32:39'),
(809, 7, 'pQSMNhIWyv', 1714037, NULL, 2, 113, 0, 'Margherita Pizza', 1, 'completed', 'completed', 'cash', '', 'takeaway', 33, 230, 20, 71, '0', NULL, '2026-01-24 04:32:39', '2026-01-24 04:32:39'),
(810, 7, 'jBXXQSYznP', 1714037, NULL, 2, 114, 0, 'Peppy Paneer Pizza', 1, 'cancelled', 'completed', 'cash', '', 'dine-in', 0, 190, 20, 71, '3', NULL, '2026-01-24 04:35:01', '2026-01-24 04:40:08'),
(811, 7, 'jBXXQSYznP', 1714037, NULL, 2, 133, 0, 'Chicago Pizza', 1, 'cancelled', 'completed', 'cash', '', 'dine-in', 0, 450, 20, 71, '3', NULL, '2026-01-24 04:35:01', '2026-01-24 04:40:08'),
(812, 7, 'fNBmtHbsal', 1714037, NULL, 2, 87, 0, 'Hyderabadi Biryani', 1, 'completed', 'completed', 'cash', '', 'dine-in', 100, 230, 30, 71, '4', NULL, '2026-01-24 04:49:42', '2026-01-24 04:50:16'),
(813, 7, 'fIMXDSnMdR', 1714037, NULL, 2, 80, 35, 'Chicken Biryani (Half)', 1, 'completed', 'completed', 'cash', '', 'takeaway', 0, 150, 20, 71, '0', NULL, '2026-01-24 06:49:42', '2026-01-24 06:49:42'),
(814, 7, 'JSAVsJJimp', 1714057, NULL, 2, 80, 0, 'Chicken Biryani', 1, 'completed', 'completed', 'cash', '', 'dine-in', 0, 307, 30, 71, '1', NULL, '2026-01-24 06:51:16', '2026-01-24 06:52:01'),
(815, 7, 'EkvdfHsGTF', 1714040, NULL, 2, 80, 35, 'Chicken Biryani (Half)', 2, 'completed', 'completed', 'cash', '', 'dine-in', 0, 300, 30, 71, '2', NULL, '2026-01-24 06:56:26', '2026-01-24 07:43:17'),
(816, 7, 'rQhUtucLsN', 1714037, NULL, 2, 80, 37, 'Chicken Biryani (Small)', 1, 'completed', 'completed', 'cash', '', 'takeaway', 0, 111, 20, 71, '0', NULL, '2026-01-24 07:11:03', '2026-01-24 07:11:03'),
(817, 7, 'UYdmODsqiJ', 1714037, NULL, 2, 83, 0, 'Kashmiri Biryani', 1, 'completed', 'completed', 'cash', '', 'takeaway', 0, 255, 20, 71, '0', NULL, '2026-01-24 10:35:31', '2026-01-24 10:35:31'),
(818, 7, 'gkMqVVnWUH', 1714051, NULL, 2, 83, 0, 'Kashmiri Biryani', 1, 'completed', 'completed', 'cash', '', 'dine-in', 0, 255, 30, 71, '1', NULL, '2026-01-24 10:38:28', '2026-01-24 19:11:03'),
(819, 7, 'WyLFGSTvfs', 1714057, NULL, 2, 87, 0, 'Hyderabadi Biryani', 1, 'completed', 'completed', 'cash', '', 'dine-in', 0, 230, 30, 71, '2', NULL, '2026-01-24 10:43:07', '2026-01-24 11:05:16'),
(820, 7, 'WyLFGSTvfs', 1714057, NULL, 2, 83, 0, 'Kashmiri Biryani', 1, 'completed', 'completed', 'cash', '', 'dine-in', 0, 255, 30, 71, '2', NULL, '2026-01-24 10:43:07', '2026-01-24 11:05:17'),
(821, 7, 'npCzOXaXqx', 1714044, NULL, 2, 80, 35, 'Chicken Biryani (Half)', 1, 'completed', 'completed', 'cash', '', 'dine-in', 35, 150, 30, 71, '3', NULL, '2026-01-24 11:06:42', '2026-01-24 11:07:15'),
(822, 7, 'ErsZEprkjx', 1714055, NULL, 2, 83, 0, 'Kashmiri Biryani', 1, 'completed', 'completed', 'cash', '', 'takeaway', 0, 295, 20, 71, '0', NULL, '2026-01-24 14:37:49', '2026-01-24 14:37:49'),
(823, 7, 'eyYtJlkUmi', 1714050, NULL, 2, 83, 0, 'Kashmiri Biryani', 1, 'completed', 'completed', 'cash', '', 'takeaway', 0, 255, 20, 71, '0', NULL, '2026-01-24 14:40:26', '2026-01-24 14:40:26'),
(824, 7, 'fLhYGQJJSS', 1714050, NULL, 2, 80, 0, 'Chicken Biryani', 1, 'completed', 'completed', 'cash', '', 'dine-in', 0, 282, 60, 71, '2', NULL, '2026-01-24 14:41:08', '2026-01-24 14:41:37'),
(825, 7, 'MoNSxTuURh', 1714044, NULL, 2, 80, 0, 'Chicken Biryani', 1, 'cancelled', 'completed', 'cash', '', 'dine-in', 0, 287, 20, 71, '3', NULL, '2026-01-24 14:42:13', '2026-01-24 14:42:20'),
(826, 7, 'avFKNUfSDe', 1714037, NULL, 2, 83, 0, 'Kashmiri Biryani', 1, 'completed', 'completed', 'cash', '', 'takeaway', 0, 275, 20, 71, '0', NULL, '2026-01-24 14:49:09', '2026-01-24 14:49:09'),
(827, 7, 'ZVegXOHqUL', 1714037, NULL, 2, 90, 0, 'Aloo Paratha', 1, 'completed', 'completed', 'cash', '', 'takeaway', 0, 125, 20, 71, '0', NULL, '2026-01-24 14:50:26', '2026-01-24 14:50:26'),
(828, 7, 'FLlJxiJnzL', 1714051, NULL, 2, 90, 0, 'Aloo Paratha', 1, 'completed', 'completed', 'cash', '', 'takeaway', 0, 135, 20, 71, '0', NULL, '2026-01-24 14:54:42', '2026-01-24 14:54:42'),
(829, 7, 'zheQLbYhDz', 1714037, NULL, 2, 83, 0, 'Kashmiri Biryani', 1, 'cancelled', 'completed', 'cash', '', 'dine-in', 0, 255, 20, 71, '1', NULL, '2026-01-24 15:00:14', '2026-01-24 15:00:38'),
(830, 7, 'OtgypYbDeg', 1714037, NULL, 2, 91, 0, 'Shahi Paneer', 1, 'completed', 'completed', 'cash', '', 'takeaway', 0, 275, 20, 71, '0', NULL, '2026-01-24 15:00:57', '2026-01-24 15:00:57'),
(831, 7, 'plQsottTlI', 1714050, NULL, 2, 91, 0, 'Shahi Paneer', 1, 'completed', 'completed', 'cash', '', 'takeaway', 0, 275, 20, 71, '0', NULL, '2026-01-24 15:06:04', '2026-01-24 15:06:04'),
(832, 7, 'dxdSQrAFBm', 1714044, NULL, 2, 113, 0, 'Margherita Pizza', 1, 'completed', 'completed', 'cash', '', 'takeaway', 0, 230, 20, 71, '0', NULL, '2026-01-24 15:06:39', '2026-01-24 15:06:39'),
(833, 7, 'UgVaxxyYbr', 1714037, NULL, 2, 80, 35, 'Chicken Biryani (Half)', 2, 'completed', 'completed', 'cash', '', 'takeaway', 50, 300, 20, 71, '0', NULL, '2026-01-24 17:43:49', '2026-01-24 17:43:49'),
(834, 7, 'AcVdfUJCQA', 1714037, NULL, 2, 80, 35, 'Chicken Biryani (Half)', 2, 'completed', 'completed', 'cash', '', 'takeaway', 0, 300, 20, 71, '0', NULL, '2026-01-24 17:44:53', '2026-01-24 17:44:53'),
(835, 7, 'brRDkdnVQo', 1714037, NULL, 2, 80, 35, 'Chicken Biryani (Half)', 2, 'completed', 'completed', 'cash', '', 'takeaway', 123, 300, 20, 71, '0', NULL, '2026-01-24 18:19:18', '2026-01-24 18:19:18'),
(836, 7, 'SOPIwywaHd', 1714037, NULL, 2, 87, 0, 'Hyderabadi Biryani', 1, 'completed', 'completed', 'cash', '', 'takeaway', 50, 230, 20, 71, '0', NULL, '2026-01-24 18:23:18', '2026-01-24 18:23:18'),
(837, 7, 'SOPIwywaHd', 1714037, NULL, 2, 91, 0, 'Shahi Paneer', 1, 'completed', 'completed', 'cash', '', 'takeaway', 50, 200, 20, 71, '0', NULL, '2026-01-24 18:23:18', '2026-01-24 18:23:18'),
(838, 7, 'mpTJYRMcuh', 1714037, NULL, 2, 87, 0, 'Hyderabadi Biryani', 1, 'completed', 'completed', 'cash', '', 'takeaway', 61, 230, 20, 71, '0', NULL, '2026-01-24 18:23:58', '2026-01-24 18:23:58'),
(839, 7, 'mpTJYRMcuh', 1714037, NULL, 2, 111, 40, 'Spring Rolls (5 Pieces)', 1, 'completed', 'completed', 'cash', '', 'takeaway', 61, 580, 20, 71, '0', NULL, '2026-01-24 18:23:58', '2026-01-24 18:23:58'),
(840, 7, 'rqsqrViQYO', 1714055, NULL, 2, 83, 0, 'Kashmiri Biryani', 1, 'cancelled', 'completed', 'cash', '', 'dine-in', 41, 235, 30, 71, '2', NULL, '2026-01-24 19:10:47', '2026-01-24 19:18:07'),
(841, 7, 'rqsqrViQYO', 1714055, NULL, 2, 87, 0, 'Hyderabadi Biryani', 1, 'cancelled', 'completed', 'cash', '', 'dine-in', 41, 230, 30, 71, '2', NULL, '2026-01-24 19:10:47', '2026-01-24 19:18:07'),
(842, 7, 'rqsqrViQYO', 1714055, NULL, 2, 208, 44, 'Mutton Biryani (Half)', 1, 'cancelled', 'completed', 'cash', '', 'dine-in', 41, 170, 30, 71, '2', NULL, '2026-01-24 19:10:47', '2026-01-24 19:18:07'),
(843, 7, 'CgamfliIRE', 1714037, NULL, 2, 80, 0, 'Chicken Biryani', 1, 'cancelled', 'completed', 'cash', '', 'dine-in', 0, 262, 20, 71, '3', NULL, '2026-01-24 19:26:38', '2026-01-24 19:26:42'),
(844, 7, 'CgamfliIRE', 1714037, NULL, 2, 80, 35, 'Chicken Biryani (Half)', 1, 'cancelled', 'completed', 'cash', '', 'dine-in', 0, 170, 20, 71, '3', NULL, '2026-01-24 19:26:38', '2026-01-24 19:26:42'),
(845, 7, 'pibBeLigPX', 1714037, NULL, 2, 80, 0, 'Chicken Biryani', 1, 'completed', 'completed', 'cash', '', 'takeaway', 0, 262, 20, 71, '0', NULL, '2026-01-25 05:18:58', '2026-01-25 05:18:58'),
(846, 7, 'WVwbGdHINL', 1714037, NULL, 2, 80, 0, 'Chicken Biryani', 1, 'completed', 'completed', 'cash', '', 'dine-in', 0, 282, 15, 71, '1', NULL, '2026-01-25 18:52:13', '2026-01-25 09:49:04'),
(847, 7, 'hdEGgWRXuu', 1714050, NULL, 2, 114, 0, 'Peppy Paneer Pizza', 1, 'completed', 'completed', 'cash', '', 'takeaway', 18, 190, 20, 71, '0', NULL, '2026-01-26 10:18:01', '2026-01-25 18:49:39'),
(848, 7, 'hdEGgWRXuu', 1714050, NULL, 2, 208, 44, 'Mutton Biryani (Half)', 1, 'completed', 'completed', 'cash', '', 'takeaway', 18, 170, 20, 71, '0', NULL, '2026-01-26 10:18:01', '2026-01-25 18:49:39'),
(849, 7, 'WVwbGdHINL', 1714037, NULL, 2, 80, 0, 'Chicken Biryani', 1, 'completed', 'completed', 'cash', '', 'takeaway', 0, 307, 20, 71, '0', NULL, '2026-01-25 18:52:13', '2026-01-25 18:52:13'),
(850, 7, 'WVwbGdHINL', 1714037, NULL, 2, 80, 35, 'Chicken Biryani (Half)', 1, 'completed', 'completed', 'cash', '', 'takeaway', 0, 125, 20, 71, '0', NULL, '2026-01-25 18:52:13', '2026-01-25 18:52:13'),
(851, 7, 'WVwbGdHINL', 1714037, NULL, 2, 80, 37, 'Chicken Biryani (Small)', 1, 'completed', 'completed', 'cash', '', 'takeaway', 0, 86, 20, 71, '0', NULL, '2026-01-25 18:52:13', '2026-01-25 18:52:13'),
(852, 7, 'hdEGgWRXuu', 1714050, NULL, 2, 90, 0, 'Aloo Paratha', 1, 'completed', 'completed', 'cash', '', 'takeaway', 0, 75, 20, 71, '0', NULL, '2026-01-26 10:18:01', '2026-01-26 10:17:43'),
(853, 7, 'hdEGgWRXuu', 1714050, NULL, 2, 133, 0, 'Chicago Pizza', 1, 'completed', 'completed', 'cash', '', 'takeaway', 0, 450, 20, 71, '0', NULL, '2026-01-26 10:18:01', '2026-01-26 10:18:01'),
(854, 7, 'tcCVtccrbE', 1714037, NULL, NULL, 80, 0, 'Chicken Biryani', 1, 'cancelled', 'completed', 'cash', '', 'dine-in', 0, 262, 20, 71, '0', NULL, '2026-01-26 16:37:15', '2026-01-26 16:39:26'),
(855, 7, 'tcCVtccrbE', 1714037, NULL, NULL, 80, 0, 'Chicken Biryani', 1, 'cancelled', 'completed', 'cash', 'Just give my order\n', 'dine-in', 0, 262, 20, 71, '2', NULL, '2026-01-26 16:37:15', '2026-01-26 16:39:22'),
(856, 7, 'uDQsxCKKps', 1714037, NULL, NULL, 110, 0, 'Chili Paneer', 1, 'pending', 'completed', 'cash', '', 'dine-in', 0, 320, 20, 71, '2', NULL, '2026-01-27 04:56:39', '2026-01-27 04:56:39'),
(857, 7, 'uDQsxCKKps', 1714037, NULL, NULL, 107, 38, 'Veg Manchow Soup (Half)', 1, 'pending', 'completed', 'cash', '', 'dine-in', 0, 190, 20, 71, '2', NULL, '2026-01-27 04:56:39', '2026-01-27 04:56:39'),
(858, 7, 'CFVUqgyYhS', 1714037, NULL, NULL, 80, 0, 'Chicken Biryani', 2, 'cancelled', 'completed', 'cash', '', 'dine-in', 0, 262, 20, 71, '2', NULL, '2026-01-27 07:52:07', '2026-01-28 05:18:05'),
(859, 7, 'VLzrPBZcTO', 1714037, NULL, NULL, 114, 0, 'Peppy Paneer Pizza', 1, 'cancelled', 'completed', 'cash', '', 'dine-in', 0, 190, 20, 71, '2', NULL, '2026-01-27 10:19:38', '2026-01-28 05:18:04'),
(864, 7, 'SEWdGoFgaX', 1714037, NULL, 2, 112, 0, 'Fried Momos', 1, 'cancelled', 'completed', 'cash', '', 'dine-in', 0, 250, 20, 71, '3', NULL, '2026-01-28 05:19:31', '2026-01-28 06:46:06'),
(867, 7, 'zyAtHzaJad', 1714037, NULL, NULL, 112, 0, 'Fried Momos', 1, 'cancelled', 'completed', 'cash', '', 'dine-in', 0, 250, 20, 71, '2', NULL, '2026-01-28 05:23:44', '2026-01-28 06:46:05'),
(868, 7, 'lRHkuNNUtv', 1714037, NULL, NULL, 112, 0, 'Fried Momos', 1, 'cancelled', 'completed', 'cash', '', 'dine-in', 0, 250, 20, 71, '2', NULL, '2026-01-28 05:24:25', '2026-01-28 06:41:12'),
(869, 7, 'zacirBQKVX', 1714037, NULL, NULL, 112, 0, 'Fried Momos', 1, 'cancelled', 'completed', 'cash', '', 'dine-in', 0, 250, 20, 71, '2', NULL, '2026-01-28 06:25:06', '2026-01-28 06:41:02'),
(870, 7, 'kygyXEnVWl', 1714037, NULL, 2, 133, 0, 'Chicago Pizza', 1, 'completed', 'completed', 'cash', '', 'takeaway', 0, 450, 20, 71, '0', NULL, '2026-01-28 06:47:17', '2026-01-28 06:47:17'),
(871, 7, 'JURKWCefbk', 1714055, NULL, 2, 80, 0, 'Chicken Biryani', 1, 'ready', 'completed', 'cash', '', 'dine-in', 23, 282, 30, 71, '1', NULL, '2026-01-28 09:41:57', '2026-01-28 09:44:47'),
(872, 7, 'nNUHVFnjEO', 1714050, NULL, 2, 90, 0, 'Aloo Paratha', 1, 'completed', 'completed', 'cash', '', 'dine-in', 0, 75, 30, 71, '8', NULL, '2026-01-28 09:42:29', '2026-01-28 09:44:54'),
(873, 7, 'nNUHVFnjEO', 1714050, NULL, 2, 91, 0, 'Shahi Paneer', 1, 'completed', 'completed', 'cash', '', 'dine-in', 0, 200, 30, 71, '8', NULL, '2026-01-28 09:42:29', '2026-01-28 09:44:54'),
(874, 7, 'suqLQdzspa', 1714037, NULL, 2, 113, 0, 'Margherita Pizza', 1, 'completed', 'completed', 'cash', '', 'dine-in', 0, 230, 30, 71, '3', NULL, '2026-01-28 09:42:45', '2026-01-28 09:44:53'),
(875, 7, 'suqLQdzspa', 1714037, NULL, 2, 114, 0, 'Peppy Paneer Pizza', 1, 'completed', 'completed', 'cash', '', 'dine-in', 0, 190, 30, 71, '3', NULL, '2026-01-28 09:42:45', '2026-01-28 09:44:53'),
(876, 7, 'wcgNtHjGyN', 1714040, NULL, 2, 90, 0, 'Aloo Paratha', 2, 'processing', 'completed', 'cash', '', 'dine-in', 0, 150, 30, 71, '10', NULL, '2026-01-28 09:43:05', '2026-01-28 09:43:07'),
(877, 7, 'wcgNtHjGyN', 1714040, NULL, 2, 91, 0, 'Shahi Paneer', 1, 'processing', 'completed', 'cash', '', 'dine-in', 0, 200, 30, 71, '10', NULL, '2026-01-28 09:43:05', '2026-01-28 09:43:08'),
(878, 7, 'ouCVeRViEZ', 1714037, NULL, 2, 90, 0, 'Aloo Paratha', 1, 'completed', 'completed', 'cash', 'Don\'t add onions.', 'dine-in', 0, 75, 30, 71, '21', NULL, '2026-01-28 09:43:37', '2026-01-28 09:44:51'),
(879, 7, 'cPbLShfSTv', 1714037, NULL, 2, 91, 0, 'Shahi Paneer', 1, 'cancelled', 'completed', 'cash', '', 'dine-in', 0, 200, 20, 71, '19', NULL, '2026-01-28 09:45:12', '2026-01-28 09:46:13'),
(880, 7, 'eLVcJghPri', 1714050, NULL, 2, 90, 0, 'Aloo Paratha', 1, 'cancelled', 'completed', 'cash', '', 'dine-in', 0, 75, 20, 71, '23', NULL, '2026-01-28 09:45:36', '2026-01-28 09:46:12'),
(881, 7, 'eLVcJghPri', 1714050, NULL, 2, 91, 0, 'Shahi Paneer', 1, 'cancelled', 'completed', 'cash', '', 'dine-in', 0, 200, 20, 71, '23', NULL, '2026-01-28 09:45:36', '2026-01-28 09:46:12'),
(882, 7, 'eLVcJghPri', 1714050, NULL, 2, 113, 0, 'Margherita Pizza', 2, 'cancelled', 'completed', 'cash', '', 'dine-in', 0, 460, 20, 71, '23', NULL, '2026-01-28 09:45:36', '2026-01-28 09:46:12'),
(883, 7, 'ZNAfJaWigh', 1714037, NULL, 2, 80, 0, 'Chicken Biryani', 1, 'processing', 'completed', 'cash', '', 'dine-in', 0, 282, 30, 71, '1', NULL, '2026-01-28 13:36:03', '2026-01-28 13:36:10'),
(884, 7, 'XiwbcTGXst', 1714044, NULL, 2, 113, 0, 'Margherita Pizza', 1, 'processing', 'completed', 'cash', '', 'dine-in', 0, 230, 45, 71, '1', NULL, '2026-01-28 14:15:41', '2026-01-28 14:15:46'),
(885, 7, 'XiwbcTGXst', 1714044, NULL, 2, 114, 0, 'Peppy Paneer Pizza', 1, 'processing', 'completed', 'cash', '', 'dine-in', 0, 190, 45, 71, '1', NULL, '2026-01-28 14:15:41', '2026-01-28 14:15:46'),
(886, 7, 'XiwbcTGXst', 1714044, NULL, 2, 133, 0, 'Chicago Pizza', 1, 'processing', 'completed', 'cash', '', 'dine-in', 0, 450, 45, 71, '1', NULL, '2026-01-28 14:15:41', '2026-01-28 14:15:46'),
(887, 7, 'OGJsGGSCbt', 1714050, NULL, 2, 80, 0, 'Chicken Biryani', 1, 'processing', 'completed', 'cash', '', 'dine-in', 0, 287, 40, 71, '1', NULL, '2026-01-28 15:34:02', '2026-01-28 15:34:06'),
(888, 7, 'HpTMQPifFS', 1714037, NULL, 2, 80, 0, 'Chicken Biryani', 1, 'processing', 'completed', 'cash', '', 'dine-in', 0, 287, 30, 71, '1', NULL, '2026-01-28 15:53:09', '2026-01-28 15:53:10'),
(889, 7, 'vRWJWKdhSm', 1714040, NULL, 2, 83, 0, 'Kashmiri Biryani', 1, 'processing', 'completed', 'cash', '', 'dine-in', 0, 235, 30, 71, '2', NULL, '2026-01-28 15:53:26', '2026-01-28 15:53:27'),
(890, 7, 'XMDaPZzkIr', 1714050, NULL, 2, 80, 37, 'Chicken Biryani (Small)', 1, 'processing', 'completed', 'cash', '', 'dine-in', 0, 111, 30, 71, '2', NULL, '2026-01-28 16:35:25', '2026-01-28 16:35:27'),
(891, 7, 'DGLHsuiBbp', 1714052, NULL, 2, 113, 0, 'Margherita Pizza', 1, 'processing', 'completed', 'cash', '', 'dine-in', 0, 230, 30, 71, '2', NULL, '2026-01-28 17:03:23', '2026-01-28 17:03:24'),
(892, 7, 'DGLHsuiBbp', 1714052, NULL, 2, 114, 0, 'Peppy Paneer Pizza', 1, 'processing', 'completed', 'cash', '', 'dine-in', 0, 190, 30, 71, '2', NULL, '2026-01-28 17:03:23', '2026-01-28 17:03:24'),
(893, 7, 'DGLHsuiBbp', 1714052, NULL, 2, 133, 0, 'Chicago Pizza', 1, 'processing', 'completed', 'cash', '', 'dine-in', 0, 450, 30, 71, '2', NULL, '2026-01-28 17:03:23', '2026-01-28 17:03:24'),
(894, 7, 'WtCBKakxiA', 1714037, NULL, 2, 113, 0, 'Margherita Pizza', 1, 'processing', 'completed', 'cash', '', 'dine-in', 0, 230, 30, 71, '2', NULL, '2026-01-28 17:07:48', '2026-01-28 17:07:49'),
(895, 7, 'kLoQTouKil', 1714037, NULL, NULL, 80, 0, 'Chicken Biryani', 1, 'pending', 'completed', 'cash', '', 'dine-in', 0, 337, 20, 71, '2', NULL, '2026-01-29 04:32:48', '2026-01-29 04:32:48'),
(896, 7, 'iGZiIADeDw', 1714037, NULL, NULL, 80, 0, 'Chicken Biryani', 1, 'pending', 'completed', 'cash', '', 'dine-in', 0, 312, 20, 71, '2', NULL, '2026-01-29 04:46:52', '2026-01-29 04:46:52'),
(897, 7, 'gjYwHzHdwS', 1714037, NULL, NULL, 83, 0, 'Kashmiri Biryani', 1, 'pending', 'completed', 'cash', '', 'dine-in', 0, 235, 20, 71, '2', NULL, '2026-01-29 04:53:08', '2026-01-29 04:53:08'),
(898, 7, 'gjYwHzHdwS', 1714037, NULL, NULL, 110, 0, 'Chili Paneer', 2, 'pending', 'completed', 'cash', '', 'dine-in', 0, 440, 20, 71, '2', NULL, '2026-01-29 04:53:08', '2026-01-29 04:53:08'),
(899, 7, 'WFFAoTbVgk', 1714037, NULL, NULL, 83, 0, 'Kashmiri Biryani', 1, 'pending', 'completed', 'cash', '', 'dine-in', 0, 235, 20, 71, '2', NULL, '2026-01-29 05:21:17', '2026-01-29 05:21:17'),
(900, 7, 'MxXowpwemS', 1714037, NULL, NULL, 112, 0, 'Fried Momos', 1, 'cancelled', 'completed', 'cash', '', 'dine-in', 0, 250, 20, 71, '2', NULL, '2026-01-29 14:09:25', '2026-01-30 10:57:57'),
(901, 7, 'MxXowpwemS', 1714037, NULL, NULL, 107, 0, 'Veg Manchow Soup', 1, 'cancelled', 'completed', 'cash', '', 'dine-in', 0, 250, 20, 71, '2', NULL, '2026-01-29 14:09:25', '2026-01-30 10:57:57'),
(902, 7, 'MxXowpwemS', 1714037, NULL, NULL, 113, 0, 'Margherita Pizza', 1, 'cancelled', 'completed', 'cash', '', 'dine-in', 0, 230, 20, 71, '2', NULL, '2026-01-29 14:09:25', '2026-01-30 10:57:57'),
(903, 7, 'nqFKHfxStf', 1714040, NULL, 2, 90, 0, 'Aloo Paratha', 1, 'completed', 'completed', 'cash', '', 'takeaway', 8, 75, 20, 71, '0', NULL, '2026-01-30 10:58:52', '2026-01-30 10:58:52'),
(904, 7, 'nqFKHfxStf', 1714040, NULL, 2, 133, 0, 'Chicago Pizza', 1, 'completed', 'completed', 'cash', '', 'takeaway', 8, 450, 20, 71, '0', NULL, '2026-01-30 10:58:52', '2026-01-30 10:58:52'),
(905, 7, 'nqFKHfxStf', 1714040, NULL, 2, 80, 0, 'Chicken Biryani', 1, 'completed', 'completed', 'cash', '', 'takeaway', 8, 307, 20, 71, '0', NULL, '2026-01-30 10:58:52', '2026-01-30 10:58:52'),
(906, 7, 'nqFKHfxStf', 1714040, NULL, 2, 111, 40, 'Spring Rolls (5 Pieces)', 1, 'completed', 'completed', 'cash', '', 'takeaway', 8, 580, 20, 71, '0', NULL, '2026-01-30 10:58:52', '2026-01-30 10:58:52'),
(907, 7, 'JNWoTKPvxs', 1714040, NULL, 2, 80, 0, 'Chicken Biryani', 1, 'processing', 'completed', 'cash', '', 'dine-in', 0, 307, 30, 71, '3', NULL, '2026-01-30 10:59:59', '2026-01-30 11:00:01'),
(908, 7, 'yEGmtBAbGg', 1714037, 1714000, 2, 80, 0, 'Chicken Biryani', 1, 'completed', 'completed', 'cash', '', 'dine-in', 0, 262, 30, 71, '1', NULL, '2026-02-03 03:52:42', '2026-02-03 03:54:07'),
(909, 7, 'xAtSdwRrOx', 1714037, 1714000, 2, 80, 35, 'Chicken Biryani (Half)', 1, 'cancelled', 'completed', 'cash', '', 'dine-in', 0, 145, 20, 71, '2', NULL, '2026-02-03 03:54:47', '2026-02-03 03:55:54'),
(910, 7, 'VhplOHryZQ', 1714040, 1714000, 2, 83, 0, 'Kashmiri Biryani', 1, 'cancelled', 'completed', 'cash', '', 'dine-in', 0, 235, 20, 71, '3', 3, '2026-02-03 04:31:35', '2026-02-03 04:38:01'),
(911, 7, 'PUrCpBRQcO', 1714044, 1714000, 2, 90, 0, 'Aloo Paratha', 1, 'completed', 'completed', 'cash', '', 'dine-in', 0, 75, 30, 71, '3', 1, '2026-02-03 04:32:12', '2026-02-03 06:34:52'),
(912, 7, 'tvqDiKJDRB', 1714053, 1714000, 2, 91, 0, 'Shahi Paneer', 1, 'cancelled', 'completed', 'cash', '', 'dine-in', 0, 200, 20, 71, '2', 3, '2026-02-03 04:39:04', '2026-02-03 04:40:00'),
(913, 7, 'aPNccrbxyG', 1714051, 1714000, 2, 83, 0, 'Kashmiri Biryani', 1, 'completed', 'completed', 'cash', '', 'dine-in', 0, 235, 30, 71, '4', 4, '2026-02-03 04:55:04', '2026-02-03 06:34:43'),
(914, 7, 'nvoryhaScv', 1714037, NULL, NULL, 83, 0, 'Kashmiri Biryani', 1, 'completed', 'completed', 'cash', '', 'dine-in', 0, 235, 30, 71, '2', 3, '2026-02-03 06:17:12', '2026-02-03 06:34:48'),
(915, 7, 'VFeGqZZrwl', 1714037, NULL, NULL, 83, 0, 'Kashmiri Biryani', 1, 'completed', 'completed', 'cash', '', 'dine-in', 0, 235, 30, 71, '2', 3, '2026-02-03 06:30:50', '2026-02-03 06:34:46'),
(916, 7, 'VFeGqZZrwl', 1714037, NULL, NULL, 112, 0, 'Fried Momos', 1, 'completed', 'completed', 'cash', '', 'dine-in', 0, 250, 30, 71, '2', 3, '2026-02-03 06:30:50', '2026-02-03 06:34:46'),
(917, 7, 'AgEeiUOAst', 1714057, 1714000, 2, 91, 0, 'Shahi Paneer', 1, 'completed', 'completed', 'cash', '', 'dine-in', 0, 200, 30, 71, '1', 2, '2026-02-03 06:33:30', '2026-02-03 06:34:47'),
(918, 7, 'pMzeruQTkr', 1714057, 1714000, 2, 113, 0, 'Margherita Pizza', 1, 'completed', 'completed', 'cash', '', 'takeaway', 0, 230, 20, 71, '0', 1, '2026-02-03 06:33:49', '2026-02-03 06:33:49'),
(919, 7, 'sgqXedBIRv', 1714057, 1714000, 2, 83, 0, 'Kashmiri Biryani', 1, 'settled', 'completed', 'cash', '', 'dine-in', 0, 235, 15, 71, '3', 3, '2026-02-03 08:45:29', '2026-02-03 10:11:02'),
(920, 7, 'CCUXvthZKR', 1714037, 1714000, 2, 83, 0, 'Kashmiri Biryani', 1, 'settled', 'completed', 'cash', '', 'dine-in', 0, 235, 30, 71, '23', 3, '2026-02-03 09:25:50', '2026-02-03 10:04:40'),
(921, 7, 'jbmIudnBSS', 1714040, 1714000, 2, 91, 0, 'Shahi Paneer', 1, 'settled', 'completed', 'cash', '', 'dine-in', 0, 200, 30, 71, '3', 2, '2026-02-03 10:10:45', '2026-02-03 10:13:38'),
(922, 7, 'eydaBoALAp', 1714053, 1714000, 2, 91, 0, 'Shahi Paneer', 1, 'settled', 'completed', 'cash', '', 'dine-in', 0, 200, 30, 71, '2', 3, '2026-02-03 10:14:18', '2026-02-03 10:16:11');
INSERT INTO `orders` (`id`, `rid`, `cart_id`, `customer_id`, `placed_by_staff_id`, `placed_by_role_id`, `item_id`, `variant_id`, `display_name`, `quantity`, `order_status`, `payment_status`, `payment_method`, `special_instructions`, `delivery_type`, `discount_amount`, `total_amount`, `preparation_time`, `table_id`, `table_no`, `party_size`, `created_at`, `updated_at`) VALUES
(923, 7, 'PGELxzxPlG', 1714037, 1714000, 2, 110, 0, 'Chili Paneer', 1, 'settled', 'completed', 'cash', '', 'dine-in', 0, 320, 30, 71, '2', 1, '2026-02-03 10:20:58', '2026-02-03 10:21:36'),
(924, 7, 'whCUULHhoL', 1714055, 1714000, 2, 111, 0, 'Spring Rolls', 2, 'settled', 'completed', 'cash', '', 'dine-in', 0, 700, 30, 71, '8', 1, '2026-02-03 11:04:14', '2026-02-03 11:04:24'),
(925, 7, 'qHIWsqjUJo', 1714063, 1714000, 2, 111, 0, 'Spring Rolls', 6, 'settled', 'completed', 'cash', '', 'dine-in', 0, 2100, 30, 71, '8', 3, '2026-02-03 11:05:26', '2026-02-03 11:06:14'),
(926, 7, 'aklZVXbRbX', 1714057, 1714000, 2, 133, 0, 'Chicago Pizza', 2, 'completed', 'completed', 'cash', '', 'takeaway', 12, 900, 20, 71, '0', 1, '2026-02-03 11:26:34', '2026-02-03 11:26:34'),
(927, 7, 'aklZVXbRbX', 1714057, 1714000, 2, 90, 0, 'Aloo Paratha', 2, 'completed', 'completed', 'cash', '', 'takeaway', 12, 150, 20, 71, '0', 1, '2026-02-03 11:26:34', '2026-02-03 11:26:34'),
(928, 7, 'aklZVXbRbX', 1714057, 1714000, 2, 80, 35, 'Chicken Biryani (Half)', 1, 'completed', 'completed', 'cash', '', 'takeaway', 12, 125, 20, 71, '0', 1, '2026-02-03 11:26:34', '2026-02-03 11:26:34'),
(929, 7, 'mgIaeiezRJ', 1714055, 1714000, 2, 80, 0, 'Chicken Biryani', 1, 'completed', 'completed', 'cash', '', 'takeaway', 0, 262, 20, 71, '0', 1, '2026-02-05 08:32:15', '2026-02-05 08:32:15'),
(930, 7, 'ZmRlqqJBtC', 1714055, 1714000, 2, 83, 0, 'Kashmiri Biryani', 1, 'completed', 'completed', 'cash', '', 'dine-in', 0, 235, 10, 71, '2', 4, '2026-02-05 11:01:47', '2026-02-05 15:28:28'),
(931, 7, 'BozkycYpHH', 1714051, 1714000, 2, 112, 0, 'Fried Momos', 1, 'completed', 'completed', 'cash', '', 'takeaway', 22, 250, 20, 71, '0', 1, '2026-02-05 11:35:31', '2026-02-05 11:35:31'),
(932, 7, 'eFABzQGjDt', 1714050, 1714000, 2, 112, 0, 'Fried Momos', 1, 'completed', 'completed', 'cash', '', 'takeaway', 44, 250, 20, 71, '0', 1, '2026-02-05 11:40:50', '2026-02-05 11:40:50'),
(933, 7, 'zBVsYFArNu', 1714058, 1714000, 2, 91, 0, 'Shahi Paneer', 1, 'completed', 'completed', 'cash', '', 'takeaway', 0, 200, 20, 71, '0', 1, '2026-02-05 11:41:09', '2026-02-05 11:41:09'),
(935, 7, 'NGFLPlVNgm', 1714051, 1714000, 2, 111, 0, 'Spring Rolls', 1, 'completed', 'completed', 'cash', '', 'takeaway', 0, 350, 20, 71, '0', 1, '2026-02-05 12:02:40', '2026-02-05 12:02:40'),
(936, 7, 'rmItIXCabO', 1714058, 1714000, 2, 107, 38, 'Veg Manchow Soup (Half)', 2, 'completed', 'completed', 'cash', '', 'takeaway', 39, 380, 20, 71, '0', 1, '2026-02-05 12:03:05', '2026-02-05 12:03:05'),
(937, 7, 'dbHMzfurAQ', 1714044, 1714000, 2, 110, 39, 'Chili Paneer (Small)', 1, 'completed', 'completed', 'cash', '', 'takeaway', 0, 160, 20, 71, '0', 1, '2026-02-05 15:27:03', '2026-02-05 15:27:03'),
(938, 7, 'ZZHdGqSDdz', 1714052, 1714000, 2, 133, 0, 'Chicago Pizza', 1, 'completed', 'completed', 'cash', '', 'takeaway', 0, 450, 20, 71, '0', 1, '2026-02-05 15:28:58', '2026-02-05 15:28:58'),
(939, 7, 'scjpkegVVW', 1714051, 1714000, 2, 91, 0, 'Shahi Paneer', 1, 'settled', 'completed', 'cash', '', 'dine-in', 0, 200, 20, 71, '3', 2, '2026-02-06 04:12:57', '2026-02-06 04:16:45'),
(940, 7, 'KrkXyCjCaZ', 1714058, 1714000, 2, 110, 0, 'Chili Paneer', 1, 'completed', 'completed', 'cash', '', 'takeaway', 0, 360, 20, 71, '0', 1, '2026-02-06 04:19:09', '2026-02-06 04:19:09'),
(941, 7, 'THiStrggBU', 1714040, 1714000, 2, 91, 0, 'Shahi Paneer', 1, 'completed', 'completed', 'cash', '', 'dine-in', 0, 200, 20, 71, '3', 2, '2026-02-06 04:30:06', '2026-02-06 09:38:33'),
(942, 7, 'kbZNaeWjVS', 1714055, 1714000, 2, 112, 0, 'Fried Momos', 1, 'completed', 'completed', 'cash', '', 'dine-in', 0, 250, 20, 71, '2', 2, '2026-02-06 09:20:36', '2026-02-06 09:53:43'),
(943, 7, 'zNxHrlVjAW', 1714055, 1714000, 2, 110, 0, 'Chili Paneer', 1, 'completed', 'completed', 'cash', '', 'takeaway', 0, 360, 20, 71, '0', 1, '2026-02-06 09:24:14', '2026-02-06 09:24:14'),
(944, 7, 'wmJaclQXrN', 1714058, 1714000, 2, 113, 0, 'Margherita Pizza', 1, 'completed', 'completed', 'cash', '', 'dine-in', 0, 230, 20, 71, '2', 2, '2026-02-06 09:24:55', '2026-02-06 09:25:20'),
(945, 7, 'crZmkVfWmi', 1714040, 1714000, 2, 110, 39, 'Chili Paneer (Small)', 1, 'completed', 'completed', 'cash', '', 'dine-in', 0, 160, 20, 71, '3', 2, '2026-02-06 09:27:00', '2026-02-06 09:27:39'),
(946, 7, 'KVkDFWmZoq', 1714058, 1714000, 2, 91, 0, 'Shahi Paneer', 1, 'completed', 'completed', 'cash', '', 'dine-in', 0, 200, 20, 71, '8', 2, '2026-02-06 09:36:53', '2026-02-06 09:37:12'),
(947, 7, 'kozTiNTAFX', 1714058, 1714000, 2, 133, 0, 'Chicago Pizza', 1, 'completed', 'completed', 'cash', '', 'takeaway', 0, 450, 20, 71, '0', 1, '2026-02-07 03:33:14', '2026-02-07 03:33:14'),
(948, 7, 'OmsJiRzYWk', 1714058, 1714000, 2, 112, 0, 'Fried Momos', 1, 'completed', 'completed', 'cash', '', 'takeaway', 0, 250, 20, 71, '0', 1, '2026-02-07 03:47:22', '2026-02-07 03:47:22'),
(949, 7, 'cpKBTpkcbO', 1714040, 1714000, 2, 91, 0, 'Shahi Paneer', 1, 'completed', 'completed', 'cash', '', 'dine-in', 0, 200, 20, 71, '6', 2, '2026-02-07 03:47:36', '2026-02-07 03:47:46'),
(950, 7, 'hgLWutIUjl', 1714057, 1714000, 2, 112, 0, 'Fried Momos', 1, 'completed', 'completed', 'cash', '', 'takeaway', 0, 250, 20, 71, '0', 1, '2026-02-07 06:24:59', '2026-02-07 06:24:59'),
(951, 7, 'FSvvLglVto', 1714058, 1714000, 2, 110, 39, 'Chili Paneer (Small)', 1, 'completed', 'completed', 'cash', '', 'takeaway', 0, 120, 20, 71, '0', 1, '2026-02-07 07:15:08', '2026-02-07 07:15:08'),
(952, 7, 'eDBNEeCLzq', 1714058, 1714000, 2, 90, 0, 'Aloo Paratha', 1, 'completed', 'completed', 'cash', '', 'takeaway', 23, 75, 20, 71, '0', 1, '2026-02-07 14:28:08', '2026-02-07 14:28:08'),
(959, 7, 'rySVTSSpKC', 1714058, 1714000, 2, 133, 0, 'Chicago Pizza', 1, 'completed', 'completed', 'cash', '', 'takeaway', 0, 450, 20, 71, '0', 1, '2026-02-07 16:03:15', '2026-02-07 16:03:15'),
(960, 7, 'MoGfuBbkLN', 1714037, NULL, NULL, 80, 35, 'Chicken Biryani (Half)', 1, 'cancelled', 'completed', 'cash', '', 'dine-in', 0, 175, 20, 71, '2', 2, '2026-02-07 18:27:12', '2026-02-08 03:38:19'),
(961, 7, 'YzhKUouzXw', 1714037, NULL, NULL, 83, 0, 'Kashmiri Biryani', 1, 'cancelled', 'completed', 'cash', '', 'dine-in', 0, 235, 20, 71, '2', 4, '2026-02-07 18:27:47', '2026-02-08 03:38:18'),
(962, 7, 'jBSZIFLBYK', 1714037, NULL, NULL, 113, 0, 'Margherita Pizza', 1, 'cancelled', 'completed', 'cash', '', 'dine-in', 0, 230, 20, 71, '2', 2, '2026-02-07 18:30:12', '2026-02-08 03:38:17'),
(963, 7, 'dnXqUFldNz', 1714037, NULL, NULL, 83, 0, 'Kashmiri Biryani', 1, 'cancelled', 'completed', 'cash', '', 'dine-in', 0, 235, 20, 71, '2', 3, '2026-02-07 18:42:15', '2026-02-08 03:38:15'),
(964, 11, 'cBZBogTlZb', 1714037, 1714006, 1, 120, 0, 'Classic cheeseburger', 1, 'completed', 'completed', 'cash', '', 'takeaway', 34, 120, 20, 71, '0', 1, '2026-02-08 06:27:10', '2026-02-08 04:53:07'),
(965, 11, 'cBZBogTlZb', 1714037, 1714006, 1, 120, 0, 'Classic cheeseburger', 1, 'settled', 'completed', 'cash', '', 'dine-in', 0, 120, 20, 71, '1', 3, '2026-02-08 06:27:10', '2026-02-08 06:19:45'),
(966, 11, 'jiJQvbAiNO', 1714103, 1714006, 1, 120, 0, 'Classic cheeseburger', 1, 'completed', 'completed', 'cash', '', 'dine-in', 0, 120, 20, 71, '1', 3, '2026-02-08 06:18:51', '2026-02-08 08:35:07'),
(967, 11, 'ARjuahihVK', 1714103, 1714006, 1, 124, 0, 'Plain dosa', 1, 'settled', 'completed', 'cash', '', 'dine-in', 0, 70, 20, 71, '2', 3, '2026-02-08 06:51:41', '2026-02-08 07:40:42'),
(968, 11, 'ARjuahihVK', 1714103, 1714006, 1, 125, 0, 'Masala dosa', 1, 'settled', 'completed', 'cash', '', 'dine-in', 0, 130, 20, 71, '2', 3, '2026-02-08 06:51:41', '2026-02-08 07:40:42'),
(969, 11, 'ARjuahihVK', 1714103, 1714006, 1, 122, 0, 'BBQ burger', 1, 'completed', 'completed', 'cash', '', 'takeaway', 0, 350, 20, 71, '0', 1, '2026-02-08 06:51:41', '2026-02-08 06:20:38'),
(970, 11, 'QJhwEFKdpm', 1714104, 1714006, 1, 121, 0, 'Bacon burger', 7, 'completed', 'completed', 'cash', '', 'takeaway', 66, 1750, 20, 71, '0', 1, '2026-02-08 06:25:05', '2026-02-08 06:25:05'),
(971, 11, 'cBZBogTlZb', 1714037, 1714006, 1, 124, 0, 'Plain dosa', 1, 'completed', 'completed', 'cash', '', 'takeaway', 0, 70, 20, 71, '0', 1, '2026-02-08 06:27:10', '2026-02-08 06:27:10'),
(972, 11, 'YjVWbRZYbf', 1714103, 1714006, 1, 120, 0, 'Classic cheeseburger', 1, 'completed', 'completed', 'cash', '', 'dine-in', 0, 120, 20, 71, '3', 4, '2026-02-08 06:29:26', '2026-02-08 08:35:05'),
(973, 11, 'YjVWbRZYbf', 1714103, 1714006, 1, 121, 0, 'Bacon burger', 1, 'completed', 'completed', 'cash', '', 'dine-in', 0, 250, 20, 71, '3', 4, '2026-02-08 06:29:26', '2026-02-08 08:35:05'),
(974, 11, 'YjVWbRZYbf', 1714103, 1714006, 1, 122, 0, 'BBQ burger', 1, 'completed', 'completed', 'cash', '', 'dine-in', 0, 350, 20, 71, '3', 4, '2026-02-08 06:29:26', '2026-02-08 08:35:05'),
(975, 11, 'ARjuahihVK', 1714103, 1714006, 1, 121, 0, 'Bacon burger', 1, 'completed', 'completed', 'cash', '', 'dine-in', 0, 250, 20, 71, '4', 3, '2026-02-08 06:51:41', '2026-02-08 06:51:50'),
(976, 11, 'ARjuahihVK', 1714103, 1714006, 1, 121, 0, 'Bacon burger', 1, 'settled', 'completed', 'cash', '', 'dine-in', 0, 250, 20, 71, '7', 3, '2026-02-08 06:51:41', '2026-02-08 07:09:08'),
(977, 11, 'ARjuahihVK', 1714103, 1714006, 1, 124, 0, 'Plain dosa', 1, 'settled', 'completed', 'cash', '', 'dine-in', 0, 70, 20, 71, '2', 1, '2026-02-08 06:51:41', '2026-02-08 07:40:42'),
(978, 11, 'QIdZHrwCMV', 1714037, 1714006, 1, 124, 0, 'Plain dosa', 1, 'completed', 'completed', 'cash', '', 'takeaway', 0, 70, 20, 71, '0', 1, '2026-02-08 07:18:14', '2026-02-08 07:18:14'),
(979, 11, 'ejqOEdzVEt', 1714037, 1714006, 1, 122, 0, 'BBQ burger', 1, 'completed', 'completed', 'cash', '', 'takeaway', 0, 350, 20, 71, '0', 1, '2026-02-08 07:19:27', '2026-02-08 07:19:27'),
(980, 11, 'jsWQDcWowh', 1714103, 1714006, 1, 121, 0, 'Bacon burger', 1, 'completed', 'completed', 'cash', '', 'takeaway', 0, 250, 20, 71, '0', 1, '2026-02-08 07:20:43', '2026-02-08 07:20:43'),
(981, 11, 'zZwuAiZDbg', 1714037, 1714006, 1, 119, 0, 'Chocolate truffle cake', 1, 'completed', 'completed', 'cash', '', 'takeaway', 0, 800, 20, 71, '0', 1, '2026-02-08 07:21:48', '2026-02-08 07:21:48'),
(982, 11, 'IJCvIuqcBu', 1714103, 1714006, 1, 122, 0, 'BBQ burger', 1, 'completed', 'completed', 'cash', '', 'takeaway', 0, 350, 20, 71, '0', 1, '2026-02-08 07:23:02', '2026-02-08 07:23:02'),
(983, 11, 'DjqnxcUloK', 1714104, 1714006, 1, 121, 0, 'Bacon burger', 1, 'completed', 'completed', 'cash', '', 'takeaway', 0, 250, 20, 71, '0', 1, '2026-02-08 07:26:50', '2026-02-08 07:26:50'),
(984, 11, 'ZOhjZoNIEH', 1714104, 1714006, 1, 121, 0, 'Bacon burger', 1, 'completed', 'completed', 'cash', '', 'takeaway', 0, 250, 20, 71, '0', 1, '2026-02-08 07:29:48', '2026-02-08 07:29:48'),
(985, 11, 'WIeUocEJDC', 1714103, 1714006, 1, 122, 0, 'BBQ burger', 1, 'completed', 'completed', 'cash', '', 'takeaway', 0, 350, 20, 71, '0', 1, '2026-02-08 07:32:25', '2026-02-08 07:32:25'),
(986, 11, 'NevmLADeaL', 1714037, 1714006, 1, 124, 0, 'Plain dosa', 1, 'completed', 'completed', 'cash', '', 'takeaway', 0, 70, 20, 71, '0', 1, '2026-02-08 07:40:09', '2026-02-08 07:40:09'),
(987, 11, 'SGnHDjmHna', 1714037, 1714006, 1, 121, 0, 'Bacon burger', 1, 'settled', 'completed', 'cash', '', 'dine-in', 0, 250, 20, 71, '1', 1, '2026-02-08 07:40:56', '2026-02-08 08:33:31'),
(988, 11, 'zuafgTprMd', 1714103, 1714006, 1, 122, 0, 'BBQ burger', 1, 'settled', 'completed', 'cash', '', 'dine-in', 0, 350, 20, 71, '1', 1, '2026-02-08 07:41:09', '2026-02-08 08:34:07'),
(989, 11, 'uInbnxnAjv', 1714103, 1714006, 1, 120, 0, 'Classic cheeseburger', 1, 'settled', 'completed', 'cash', '', 'dine-in', 0, 120, 20, 71, '1', 1, '2026-02-08 08:33:18', '2026-02-08 08:34:07'),
(990, 11, 'naWYLSqIdh', 1714037, 1714006, 1, 121, 0, 'Bacon burger', 1, 'completed', 'completed', 'cash', '', 'dine-in', 0, 250, 20, 71, '3', 2, '2026-02-08 08:34:28', '2026-02-08 08:34:58'),
(991, 11, 'OuiCRusaRA', 1714104, 1714006, 1, 123, 0, 'Smash burger', 1, 'completed', 'completed', 'cash', '', 'dine-in', 0, 340, 20, 71, '3', 1, '2026-02-08 08:34:45', '2026-02-08 08:34:57'),
(992, 11, 'SlBoLDizou', 1714037, 1714006, 1, 119, 0, 'Chocolate truffle cake', 1, 'completed', 'completed', 'cash', '', 'dine-in', 0, 800, 20, 71, '2', 3, '2026-02-08 11:55:05', '2026-02-08 14:23:59'),
(993, 11, 'jaauWjBmaY', 1714103, 1714006, 1, 118, 0, 'Black forest Cake', 1, 'completed', 'completed', 'cash', '', 'takeaway', 0, 449, 20, 71, '0', 1, '2026-02-08 11:58:39', '2026-02-08 11:58:39'),
(994, 11, 'MvScGFhfBr', 1714103, 1714006, 1, 122, 64, 'BBQ burger (Large)', 1, 'completed', 'completed', 'cash', '', 'takeaway', 0, 100, 20, 71, '0', 1, '2026-02-08 12:12:32', '2026-02-08 12:12:32'),
(995, 11, 'cIoUtoQViD', 1714037, 1714006, 1, 120, 65, 'Classic cheeseburger (Small)', 1, 'completed', 'completed', 'cash', '', 'dine-in', 0, 50, 20, 71, '2', 1, '2026-02-08 12:13:15', '2026-02-08 14:23:59'),
(996, 11, 'CbjJgdtwTC', 1714103, 1714006, 1, 122, 64, 'BBQ burger (Large)', 1, 'completed', 'completed', 'cash', '', 'dine-in', 0, 100, 20, 71, '2', 2, '2026-02-08 12:13:40', '2026-02-08 14:23:58'),
(997, 11, 'BiaeVKyDsl', 1714103, 1714006, 1, 121, 0, 'Bacon burger', 1, 'completed', 'completed', 'cash', '', 'dine-in', 0, 250, 20, 71, '3', 3, '2026-02-08 12:14:02', '2026-02-08 14:23:57'),
(998, 11, 'VYMMfJZXIj', 1714037, 1714006, 1, 120, 65, 'Classic cheeseburger (Small)', 1, 'completed', 'completed', 'cash', '', 'dine-in', 0, 50, 20, 71, '3', 1, '2026-02-08 12:14:18', '2026-02-08 14:23:56'),
(999, 7, 'elUVPZNmoQ', 1714037, 1714000, 2, 80, 0, 'Chicken Biryani', 1, 'completed', 'completed', 'cash', '', 'takeaway', 0, 282, 20, 71, '0', 1, '2026-02-08 12:20:08', '2026-02-08 12:20:08'),
(1000, 7, 'yCUTUISlFw', 1714037, 1714000, 2, 80, 35, 'Chicken Biryani (Half)', 1, 'completed', 'completed', 'cash', '', 'dine-in', 0, 150, 20, 71, '2', 3, '2026-02-08 12:25:32', '2026-02-08 12:48:35'),
(1001, 7, 'BkOxulAnqw', 1714057, 1714000, 2, 80, 37, 'Chicken Biryani (Small)', 1, 'completed', 'completed', 'cash', '', 'dine-in', 0, 111, 20, 71, '2', 3, '2026-02-08 12:25:56', '2026-02-08 12:48:34'),
(1002, 7, 'cxFslKxXMt', 1714052, 1714000, 2, 83, 0, 'Kashmiri Biryani', 1, 'settled', 'completed', 'cash', '', 'dine-in', 0, 235, 20, 71, '3', 3, '2026-02-08 12:26:38', '2026-02-08 12:28:49'),
(1003, 7, 'iipiZOIDQp', 1714044, 1714000, 2, 91, 0, 'Shahi Paneer', 1, 'completed', 'completed', 'cash', '', 'dine-in', 0, 200, 20, 71, '3', 1, '2026-02-08 12:26:54', '2026-02-08 12:48:33'),
(1004, 7, 'wSqaxkXlLi', 1714037, 1714000, 2, 133, 0, 'Chicago Pizza', 1, 'completed', 'completed', 'cash', '', 'dine-in', 0, 450, 20, 71, '3', 3, '2026-02-08 12:28:36', '2026-02-08 12:48:25'),
(1005, 7, 'hCKKsrQKyB', 1714050, 1714000, 2, 113, 0, 'Margherita Pizza', 1, 'completed', 'completed', 'cash', '', 'dine-in', 0, 230, 20, 71, '7', 3, '2026-02-08 12:34:13', '2026-02-08 12:48:24'),
(1007, 7, 'QVgmFFnjfX', 1714050, 1714000, 2, 83, 0, 'Kashmiri Biryani', 1, 'completed', 'completed', 'cash', '', 'dine-in', 0, 235, 20, 71, '25', 5, '2026-02-08 12:37:22', '2026-02-08 12:48:23'),
(1008, 7, 'uVEhLuzHzf', 1714040, 1714000, 2, 91, 0, 'Shahi Paneer', 1, 'completed', 'completed', 'cash', '', 'dine-in', 0, 200, 20, 71, '11', 3, '2026-02-08 12:52:15', '2026-02-08 16:51:25'),
(1009, 7, 'IKmTnZuUVU', 1714037, 1714000, 2, 80, 0, 'Chicken Biryani', 1, 'completed', 'completed', 'cash', '', 'dine-in', 0, 262, 20, 72, NULL, 3, '2026-02-08 13:20:32', '2026-02-08 13:22:11'),
(1010, 7, 'CBPxcZeBwt', 1714037, 1714000, 2, 83, 0, 'Kashmiri Biryani', 1, 'completed', 'completed', 'cash', '', 'dine-in', 0, 235, 20, 107, NULL, 3, '2026-02-08 13:31:25', '2026-02-08 16:51:24'),
(1011, 7, 'bhWYoZvsHT', 1714044, 1714000, 2, 91, 0, 'Shahi Paneer', 1, 'completed', 'completed', 'cash', '', 'dine-in', 0, 200, 20, 87, NULL, 3, '2026-02-08 13:39:29', '2026-02-08 16:51:24'),
(1012, 11, 'hqgJMBjgAq', 1714037, 1714006, 1, 120, 65, 'Classic cheeseburger (Small)', 1, 'completed', 'completed', 'cash', '', 'dine-in', 0, 50, 20, 105, NULL, 3, '2026-02-08 13:41:43', '2026-02-08 13:45:04'),
(1013, 11, 'huSagbMNRK', 1714037, 1714006, 1, 121, 0, 'Bacon burger', 1, 'completed', 'completed', 'cash', '', 'dine-in', 0, 250, 20, 94, NULL, 4, '2026-02-08 13:45:33', '2026-02-08 14:13:34'),
(1018, 11, 'TSFcMGmsSl', 1714037, 1714006, 1, 118, 0, 'Black forest Cake', 1, 'completed', 'completed', 'cash', '', 'takeaway', 0, 449, 20, 71, NULL, 1, '2026-02-08 13:55:36', '2026-02-08 13:55:36'),
(1019, 11, 'jRxapGqVaC', 1714037, 1714006, 1, 118, 0, 'Black forest Cake', 1, 'completed', 'completed', 'cash', '', 'takeaway', 0, 449, 20, NULL, NULL, 1, '2026-02-08 13:56:32', '2026-02-08 13:56:32'),
(1020, 11, 'HGWIPIbIFm', 1714037, 1714006, 1, 119, 0, 'Chocolate truffle cake', 1, 'completed', 'completed', 'cash', '', 'takeaway', 0, 800, 20, NULL, NULL, 1, '2026-02-08 15:08:01', '2026-02-08 15:08:01'),
(1021, 11, 'kScyMaVPBt', 1714037, 1714006, 1, 121, 0, 'Bacon burger', 1, 'completed', 'completed', 'cash', '', 'dine-in', 0, 250, 20, 94, NULL, 2, '2026-02-08 15:47:25', '2026-02-08 15:47:52'),
(1022, 11, 'zzqinCOehR', 1714103, 1714006, 1, 122, 0, 'BBQ burger', 1, 'completed', 'completed', 'cash', '', 'takeaway', 0, 350, 20, NULL, NULL, 1, '2026-02-08 15:51:12', '2026-02-08 15:51:12'),
(1023, 11, 'fEwYqtKiTA', 1714104, 1714006, 1, 125, 0, 'Masala dosa', 1, 'completed', 'completed', 'cash', '', 'takeaway', 0, 130, 20, NULL, NULL, 1, '2026-02-08 15:51:45', '2026-02-08 15:51:45'),
(1024, 7, 'DgRpfMrSWp', 1714037, 1714000, 2, 83, 0, 'Kashmiri Biryani', 1, 'completed', 'completed', 'cash', '', 'dine-in', 0, 235, 20, 108, NULL, 3, '2026-02-08 16:51:04', '2026-02-08 16:51:18'),
(1025, 7, 'kByVbYctro', 1714037, 1714000, 2, 112, 0, 'Fried Momos', 1, 'completed', 'completed', 'cash', '', 'takeaway', 34, 250, 20, NULL, NULL, 1, '2026-02-08 16:54:07', '2026-02-08 16:54:07'),
(1026, 7, 'jPFHNpXXGE', 1714037, 1714000, 2, 90, 0, 'Aloo Paratha', 1, 'completed', 'completed', 'cash', '', 'dine-in', 0, 75, 20, 107, NULL, 4, '2026-02-08 16:54:44', '2026-02-08 16:55:00'),
(1028, 7, 'kXVeoFAQiF', 1714044, 1714000, 2, 133, 0, 'Chicago Pizza', 1, 'completed', 'completed', 'cash', '', 'takeaway', 0, 450, 20, NULL, NULL, 1, '2026-02-08 18:21:46', '2026-02-08 18:21:46'),
(1029, 7, 'YRjZAipOof', 1714044, 1714000, 2, 91, 0, 'Shahi Paneer', 1, 'processing', 'completed', 'cash', '', 'dine-in', 0, 200, 30, 110, NULL, 4, '2026-02-08 18:44:23', '2026-02-08 19:05:13'),
(1030, 11, 'gRVEmkKYOU', 1714105, 1714006, 1, 119, 0, 'Chocolate truffle cake', 1, 'completed', 'completed', 'cash', '', 'takeaway', 0, 800, 20, NULL, NULL, 1, '2026-02-09 03:15:40', '2026-02-09 03:15:40'),
(1031, 11, 'gRVEmkKYOU', 1714105, 1714006, 1, 120, 65, 'Classic cheeseburger (Small)', 1, 'completed', 'completed', 'cash', '', 'takeaway', 0, 50, 20, NULL, NULL, 1, '2026-02-09 03:15:40', '2026-02-09 03:15:40'),
(1032, 11, 'pYGLEliBJA', 1714105, 1714006, 1, 123, 0, 'Smash burger', 1, 'processing', 'completed', 'cash', '', 'dine-in', 0, 340, 20, 94, NULL, 2, '2026-02-09 03:17:37', '2026-02-09 03:17:37'),
(1033, 11, 'YwTpEFwsCb', 1714037, 1714006, 1, 125, 0, 'Masala dosa', 1, 'completed', 'completed', 'cash', '', 'dine-in', 0, 130, 20, 94, NULL, 1, '2026-02-09 03:18:01', '2026-02-09 03:19:51'),
(1034, 7, 'bddVtsmrYL', 1714037, 1714000, 2, 90, 0, 'Aloo Paratha', 1, 'completed', 'completed', 'cash', '', 'takeaway', 0, 75, 20, NULL, NULL, 1, '2026-02-09 09:35:20', '2026-02-09 09:35:20'),
(1035, 11, 'QQULivXXfi', 1714105, 1714006, 1, 121, 0, 'Bacon burger', 1, 'completed', 'completed', 'cash', '', 'takeaway', 0, 250, 20, NULL, NULL, 1, '2026-02-09 10:07:09', '2026-02-09 10:07:09'),
(1036, 7, 'PLSRhhFRdy', 1714044, 1714102, 5, 90, 0, 'Aloo Paratha', 3, 'settled', 'completed', 'cash', '', 'dine-in', 0, 225, 20, 81, NULL, 3, '2026-02-09 12:04:34', '2026-02-09 12:32:34'),
(1037, 7, 'PLSRhhFRdy', 1714044, 1714102, 5, 91, 0, 'Shahi Paneer', 1, 'settled', 'completed', 'cash', '', 'dine-in', 0, 200, 20, 81, NULL, 3, '2026-02-09 12:04:34', '2026-02-09 12:32:34'),
(1038, 7, 'CxwXQsHtMw', 1714058, 1714102, 5, 110, 0, 'Chili Paneer', 1, 'processing', 'completed', 'cash', '', 'dine-in', 0, 320, 20, 82, NULL, 3, '2026-02-09 12:05:10', '2026-02-09 12:05:10'),
(1039, 7, 'CxwXQsHtMw', 1714058, 1714102, 5, 112, 0, 'Fried Momos', 4, 'processing', 'completed', 'cash', '', 'dine-in', 0, 1000, 20, 82, NULL, 3, '2026-02-09 12:05:10', '2026-02-09 12:05:10'),
(1040, 7, 'mELfsnvvQW', 1714040, 1714102, 5, 90, 0, 'Aloo Paratha', 1, 'processing', 'completed', 'cash', '', 'dine-in', 0, 75, 20, 109, NULL, 2, '2026-02-09 12:05:33', '2026-02-09 12:05:33'),
(1041, 7, 'mELfsnvvQW', 1714040, 1714102, 5, 91, 0, 'Shahi Paneer', 1, 'processing', 'completed', 'cash', '', 'dine-in', 0, 200, 20, 109, NULL, 2, '2026-02-09 12:05:33', '2026-02-09 12:05:33'),
(1043, 7, 'jItotiWgfN', 1714051, 1714102, 5, 91, 0, 'Shahi Paneer', 1, 'settled', 'completed', 'cash', '', 'dine-in', 0, 200, 20, 74, NULL, 4, '2026-02-09 12:09:41', '2026-02-09 12:33:28'),
(1044, 7, 'DTmrDTdCTI', 1714055, 1714102, 5, 111, 0, 'Spring Rolls', 1, 'settled', 'completed', 'cash', '', 'dine-in', 0, 350, 20, 72, NULL, 3, '2026-02-09 12:10:09', '2026-02-09 12:33:21'),
(1045, 7, 'pSpLcBJYPX', 1714050, 1714102, 5, 90, 0, 'Aloo Paratha', 1, 'completed', 'completed', 'cash', '', 'dine-in', 0, 75, 20, 80, NULL, 1, '2026-02-09 12:27:35', '2026-02-09 12:29:29'),
(1046, 7, 'pSpLcBJYPX', 1714050, 1714102, 5, 91, 0, 'Shahi Paneer', 1, 'completed', 'completed', 'cash', '', 'dine-in', 0, 200, 20, 80, NULL, 1, '2026-02-09 12:27:35', '2026-02-09 12:29:29'),
(1047, 7, 'pSpLcBJYPX', 1714050, 1714102, 5, 113, 0, 'Margherita Pizza', 1, 'completed', 'completed', 'cash', '', 'dine-in', 0, 230, 20, 80, NULL, 1, '2026-02-09 12:27:35', '2026-02-09 12:29:29'),
(1048, 7, 'pSpLcBJYPX', 1714050, 1714102, 5, 114, 0, 'Peppy Paneer Pizza', 1, 'completed', 'completed', 'cash', '', 'dine-in', 0, 190, 20, 80, NULL, 1, '2026-02-09 12:27:35', '2026-02-09 12:29:29'),
(1049, 7, 'pSpLcBJYPX', 1714050, 1714102, 5, 133, 0, 'Chicago Pizza', 1, 'completed', 'completed', 'cash', '', 'dine-in', 0, 450, 20, 80, NULL, 1, '2026-02-09 12:27:35', '2026-02-09 12:29:29'),
(1050, 7, 'pfucNmEQNQ', 1714049, 1714102, 5, 90, 0, 'Aloo Paratha', 1, 'completed', 'completed', 'cash', '', 'dine-in', 0, 75, 20, 80, NULL, 2, '2026-02-09 12:28:31', '2026-02-09 12:29:27'),
(1051, 7, 'pfucNmEQNQ', 1714049, 1714102, 5, 91, 0, 'Shahi Paneer', 1, 'completed', 'completed', 'cash', '', 'dine-in', 0, 200, 20, 80, NULL, 2, '2026-02-09 12:28:31', '2026-02-09 12:29:27'),
(1060, 7, 'TmcxSheubs', 1714049, 1714000, 2, 91, 0, 'Shahi Paneer', 1, 'completed', 'completed', 'cash', '', 'takeaway', 12, 200, 20, NULL, NULL, 1, '2026-02-10 04:59:37', '2026-02-10 04:59:37'),
(1061, 7, 'onpTZCNhqT', 1714053, 1714000, 2, 90, 0, 'Aloo Paratha', 1, 'completed', 'completed', 'cash', '', 'dine-in', 0, 75, 20, 75, NULL, 2, '2026-02-10 05:00:08', '2026-02-10 05:00:32'),
(1062, 7, 'uHYsHLkUjG', 1714051, 1714000, 2, 110, 39, 'Chili Paneer (Small)', 1, 'completed', 'completed', 'cash', '', 'dine-in', 0, 160, 20, 80, NULL, 3, '2026-02-10 06:11:46', '2026-02-10 10:01:38'),
(1063, 7, 'tACIKMLloZ', 1714057, 1714000, 2, 110, 39, 'Chili Paneer (Small)', 1, 'completed', 'completed', 'cash', '', 'dine-in', 10, 160, 20, 76, NULL, 1, '2026-02-10 06:13:59', '2026-02-10 06:15:18'),
(1064, 7, 'AvXHzIivte', 1714051, 1714000, 2, 90, 0, 'Aloo Paratha', 1, 'completed', 'completed', 'cash', '', 'takeaway', 0, 75, 20, NULL, NULL, 1, '2026-02-10 11:45:00', '2026-02-10 11:45:00'),
(1065, 7, 'YynHAJbNcy', 1714050, 1714000, 2, 91, 0, 'Shahi Paneer', 1, 'completed', 'completed', 'cash', '', 'dine-in', 0, 200, 20, 107, NULL, 2, '2026-02-10 11:49:37', '2026-02-10 11:50:14'),
(1066, 7, 'cvMSKHlLzt', 1714051, 1714000, 2, 90, 0, 'Aloo Paratha', 1, 'completed', 'completed', 'cash', '', 'takeaway', 0, 75, 20, NULL, NULL, 1, '2026-02-10 14:26:21', '2026-02-10 14:26:21'),
(1067, 7, 'PrXMXWujEx', 1714055, 1714000, 2, 87, 0, 'Hyderabadi Biryani', 1, 'completed', 'completed', 'cash', '', 'takeaway', 0, 230, 20, NULL, NULL, 1, '2026-02-10 14:49:24', '2026-02-10 14:49:24'),
(1068, 7, 'KCYcSnYagm', 1714044, 1714000, 2, 87, 0, 'Hyderabadi Biryani', 1, 'completed', 'completed', 'cash', '', 'takeaway', 0, 230, 20, NULL, NULL, 1, '2026-02-10 14:50:01', '2026-02-10 14:50:01'),
(1069, 7, 'sIprBzmikw', 1714055, 1714000, 2, 90, 0, 'Aloo Paratha', 1, 'completed', 'completed', 'cash', '', 'takeaway', 0, 75, 20, NULL, NULL, 1, '2026-02-10 15:59:03', '2026-02-10 15:59:03'),
(1070, 7, 'ajNkjhhhiP', 1714055, 1714000, 2, 87, 0, 'Hyderabadi Biryani', 1, 'completed', 'completed', 'cash', '', 'takeaway', 0, 230, 20, NULL, NULL, 1, '2026-02-10 18:03:33', '2026-02-10 18:03:33'),
(1071, 7, 'jtPflcHVrw', 1714044, 1714000, 2, 87, 0, 'Hyderabadi Biryani', 1, 'completed', 'completed', 'cash', '', 'takeaway', 0, 230, 20, NULL, NULL, 1, '2026-02-10 18:10:23', '2026-02-10 18:10:23'),
(1072, 7, 'CBitkbGVce', 1714052, 1714000, 2, 87, 0, 'Hyderabadi Biryani', 1, 'completed', 'completed', 'cash', '', 'takeaway', 0, 230, 20, NULL, NULL, 1, '2026-02-10 18:13:00', '2026-02-10 18:13:00'),
(1073, 7, 'QtkLlGGjIv', 1714055, 1714000, 2, 83, 0, 'Kashmiri Biryani', 1, 'completed', 'completed', 'cash', '', 'takeaway', 0, 235, 20, NULL, NULL, 1, '2026-02-10 18:14:59', '2026-02-10 18:14:59'),
(1074, 7, 'IMdyNEVebY', 1714051, 1714000, 2, 83, 0, 'Kashmiri Biryani', 1, 'completed', 'completed', 'cash', '', 'takeaway', 0, 235, 20, NULL, NULL, 1, '2026-02-10 18:15:42', '2026-02-10 18:15:42'),
(1075, 7, 'mMmZAWxtPJ', 1714058, 1714000, 2, 83, 0, 'Kashmiri Biryani', 1, 'completed', 'completed', 'cash', '', 'takeaway', 0, 235, 20, NULL, NULL, 1, '2026-02-10 18:16:55', '2026-02-10 18:16:55'),
(1076, 7, 'jZBOEewQCy', 1714051, 1714000, 2, 83, 0, 'Kashmiri Biryani', 1, 'completed', 'completed', 'cash', '', 'takeaway', 0, 235, 20, NULL, NULL, 1, '2026-02-10 18:20:01', '2026-02-10 18:20:01'),
(1077, 11, 'eXUdRhdqxx', 1714037, 1714006, 1, 121, 0, 'Bacon burger', 1, 'completed', 'completed', 'cash', '', 'takeaway', 0, 250, 20, NULL, NULL, 1, '2026-02-10 18:38:41', '2026-02-10 18:38:41'),
(1078, 7, 'OOSJvOjFEB', 1714050, 1714000, 2, 91, 0, 'Shahi Paneer', 1, 'ready', 'completed', 'cash', 'Make it spicy ', 'dine-in', 0, 200, 20, 109, NULL, 2, '2026-02-11 03:22:38', '2026-02-11 11:02:29'),
(1079, 7, 'pclzKJGzab', 1714113, NULL, NULL, 87, 0, 'Hyderabadi Biryani', 1, 'cancelled', 'completed', 'cash', '', 'dine-in', 0, 230, 20, NULL, NULL, 3, '2026-02-11 10:30:41', '2026-02-11 11:02:24'),
(1080, 7, 'QNfxIyMEML', 1714113, NULL, NULL, 112, 0, 'Fried Momos', 1, 'cancelled', 'completed', 'cash', '', 'dine-in', 0, 250, 20, NULL, NULL, 3, '2026-02-11 10:46:03', '2026-02-11 11:02:18'),
(1081, 7, 'qlXCJRrKjp', 1714113, NULL, NULL, 87, 0, 'Hyderabadi Biryani', 1, 'cancelled', 'completed', 'cash', '', 'dine-in', 0, 230, 20, NULL, NULL, 2, '2026-02-11 10:49:35', '2026-02-11 11:02:17'),
(1082, 7, 'tcmPnXIRFX', 1714113, NULL, NULL, 112, 0, 'Fried Momos', 1, 'cancelled', 'completed', 'cash', '', 'dine-in', 0, 250, 20, NULL, NULL, 2, '2026-02-11 10:54:55', '2026-02-11 11:02:16'),
(1083, 7, 'HTvCHSPWAN', 1714113, NULL, NULL, 87, 0, 'Hyderabadi Biryani', 1, 'cancelled', 'completed', 'cash', '', 'dine-in', 0, 230, 20, NULL, NULL, 2, '2026-02-11 11:01:29', '2026-02-11 11:02:14'),
(1084, 7, 'NmAHmLiQYN', 1714113, NULL, NULL, 83, 0, 'Kashmiri Biryani', 1, 'cancelled', 'completed', 'cash', '', 'dine-in', 0, 235, 20, NULL, NULL, 1, '2026-02-11 11:04:55', '2026-02-11 11:15:11'),
(1085, 7, 'KMtwaiWRMv', 1714113, NULL, NULL, 87, 0, 'Hyderabadi Biryani', 1, 'cancelled', 'completed', 'cash', '', 'dine-in', 0, 230, 20, NULL, NULL, 2, '2026-02-11 11:27:25', '2026-02-12 10:41:31'),
(1086, 7, 'MlckDoDYdm', 1714037, NULL, NULL, 83, 0, 'Kashmiri Biryani', 1, 'completed', 'completed', 'cash', '', 'dine-in', 0, 235, 5, 91, NULL, 2, '2026-02-12 10:41:38', '2026-02-12 14:41:06'),
(1087, 7, 'leQNPsKxwZ', 1714037, NULL, NULL, 112, 0, 'Fried Momos', 1, 'cancelled', 'completed', 'cash', '', 'dine-in', 0, 250, 20, 91, NULL, 1, '2026-02-12 10:53:19', '2026-02-12 10:53:42'),
(1088, 7, 'grUYoEgrFZ', 1714037, 1714000, 2, 90, 0, 'Aloo Paratha', 1, 'completed', 'completed', 'cash', '', 'takeaway', 0, 75, 20, NULL, NULL, 1, '2026-02-12 17:26:19', '2026-02-12 17:26:19'),
(1089, 7, 'gjGnznLJWj', 1714050, 1714000, 2, 87, 0, 'Hyderabadi Biryani', 1, 'completed', 'completed', 'cash', '', 'dine-in', 0, 230, 20, 107, NULL, 2, '2026-02-12 17:28:02', '2026-02-12 17:28:37'),
(1090, 7, 'KkRWeoBoDb', 1714037, 1714000, 2, 133, 0, 'Chicago Pizza', 1, 'completed', 'completed', 'cash', '', 'takeaway', 0, 450, 20, NULL, NULL, 1, '2026-02-12 18:08:24', '2026-02-12 18:08:24'),
(1091, 7, 'SnxQAmKrEt', 1714044, 1714000, 2, 90, 0, 'Aloo Paratha', 1, 'completed', 'completed', 'cash', '', 'takeaway', 0, 75, 20, NULL, NULL, 1, '2026-02-12 19:36:53', '2026-02-12 19:36:53'),
(1092, 7, 'ModdcOYOvO', 1714037, 1714000, 2, 90, 0, 'Aloo Paratha', 1, 'completed', 'completed', 'cash', '', 'takeaway', 0, 75, 20, NULL, NULL, 1, '2026-02-13 03:57:23', '2026-02-13 03:57:23'),
(1093, 7, 'ModdcOYOvO', 1714037, 1714000, 2, 133, 0, 'Chicago Pizza', 1, 'completed', 'completed', 'cash', '', 'takeaway', 0, 450, 20, NULL, NULL, 1, '2026-02-13 03:57:23', '2026-02-13 03:57:23'),
(1094, 7, 'ModdcOYOvO', 1714037, 1714000, 2, 110, 39, 'Chili Paneer (Small)', 1, 'completed', 'completed', 'cash', '', 'takeaway', 0, 120, 20, NULL, NULL, 1, '2026-02-13 03:57:23', '2026-02-13 03:57:23'),
(1095, 7, 'MEzYLaeKgC', 1714037, 1714000, 2, 110, 0, 'Chili Paneer', 1, 'completed', 'completed', 'cash', '', 'takeaway', 0, 320, 20, NULL, NULL, 1, '2026-02-13 11:05:44', '2026-02-13 11:05:44'),
(1096, 7, 'MEzYLaeKgC', 1714037, 1714000, 2, 110, 39, 'Chili Paneer (Small)', 1, 'completed', 'completed', 'cash', '', 'takeaway', 0, 120, 20, NULL, NULL, 1, '2026-02-13 11:05:44', '2026-02-13 11:05:44'),
(1097, 7, 'lumXPwuYrY', 1714059, 1714000, 2, 112, 0, 'Fried Momos', 1, 'completed', 'completed', 'cash', '', 'takeaway', 0, 250, 20, NULL, NULL, 1, '2026-02-13 11:34:13', '2026-02-13 11:34:13'),
(1098, 7, 'lumXPwuYrY', 1714059, 1714000, 2, 87, 0, 'Hyderabadi Biryani', 3, 'completed', 'completed', 'cash', '', 'takeaway', 0, 690, 20, NULL, NULL, 1, '2026-02-13 11:34:13', '2026-02-13 11:34:13'),
(1099, 7, 'lumXPwuYrY', 1714059, 1714000, 2, 133, 0, 'Chicago Pizza', 4, 'completed', 'completed', 'cash', '', 'takeaway', 0, 1800, 20, NULL, NULL, 1, '2026-02-13 11:34:13', '2026-02-13 11:34:13'),
(1100, 7, 'yZTgSaEXPj', 1714050, 1714000, 2, 87, 0, 'Hyderabadi Biryani', 1, 'completed', 'completed', 'cash', '', 'dine-in', 0, 230, 10, 107, NULL, 2, '2026-02-13 11:52:02', '2026-02-13 13:19:27'),
(1101, 7, 'ViBXzbHhlq', 1714055, 1714000, 2, 110, 39, 'Chili Paneer (Small)', 1, 'completed', 'completed', 'cash', 'add onions', 'dine-in', 0, 120, 20, 107, NULL, 2, '2026-02-13 13:04:33', '2026-02-13 13:15:08'),
(1102, 7, 'OFcKyflDVR', 1714050, 1714000, 2, 87, 0, 'Hyderabadi Biryani', 1, 'completed', 'completed', 'cash', 'Add nothing', 'dine-in', 0, 230, 20, 73, NULL, 3, '2026-02-13 13:07:56', '2026-02-13 13:16:27'),
(1105, 7, 'WpeqJdfSNV', 1714037, NULL, NULL, 83, 0, 'Kashmiri Biryani', 1, 'cancelled', 'completed', 'cash', 'nothing to add', 'dine-in', 0, 235, 20, 91, NULL, 2, '2026-02-13 13:59:30', '2026-02-13 14:04:49'),
(1106, 7, 'eyAHoOUMNZ', 1714037, NULL, NULL, 133, 0, 'Chicago Pizza', 1, 'cancelled', 'completed', 'cash', 'hai ', 'dine-in', 0, 450, 20, 91, NULL, 1, '2026-02-13 14:29:13', '2026-02-13 14:36:24'),
(1108, 7, 'JaAQpHfGyH', 1714037, NULL, NULL, 112, 0, 'Fried Momos', 1, 'cancelled', 'completed', 'cash', '', 'dine-in', 0, 250, 20, 91, NULL, 2, '2026-02-13 14:45:41', '2026-02-13 14:45:48'),
(1109, 7, 'ynXeFqLPYG', 1714037, NULL, NULL, 112, 0, 'Fried Momos', 1, 'completed', 'completed', 'cash', '', 'dine-in', 0, 250, 30, NULL, NULL, 1, '2026-02-13 18:12:35', '2026-02-13 19:17:59'),
(1110, 7, 'CsfYEFTbmv', 1714050, 1714000, 2, 133, 0, 'Chicago Pizza', 1, 'completed', 'completed', 'cash', '', 'takeaway', 12, 450, 20, NULL, NULL, 1, '2026-02-13 19:18:27', '2026-02-13 19:18:27'),
(1111, 7, 'ZCEzpbvQGc', 1714037, 1714000, 2, 90, 0, 'Aloo Paratha', 1, 'completed', 'completed', 'cash', '', 'takeaway', 0, 75, 20, NULL, NULL, 1, '2026-02-14 04:56:04', '2026-02-14 04:56:04'),
(1112, 7, 'aIphhAJrOF', 1714051, 1714000, 2, 114, 0, 'Peppy Paneer Pizza', 1, 'completed', 'completed', 'cash', '', 'takeaway', 12, 190, 20, NULL, NULL, 1, '2026-02-14 06:47:09', '2026-02-14 06:47:09'),
(1113, 7, 'ULkXJGPJsS', 1714050, 1714000, 2, 80, 35, 'Chicken Biryani (Half)', 1, 'completed', 'completed', 'cash', 'Don\'t add onions ', 'dine-in', 7, 150, 10, 80, NULL, 1, '2026-02-14 06:48:40', '2026-02-14 20:27:02'),
(1114, 7, 'AtKqpOjVcX', 1714049, 1714000, 2, 80, 37, 'Chicken Biryani (Small)', 1, 'completed', 'completed', 'cash', '', 'takeaway', 5, 111, 20, NULL, NULL, 1, '2026-02-14 17:40:58', '2026-02-14 17:40:58'),
(1115, 7, 'AtKqpOjVcX', 1714049, 1714000, 2, 112, 0, 'Fried Momos', 1, 'completed', 'completed', 'cash', '', 'takeaway', 5, 250, 20, NULL, NULL, 1, '2026-02-14 17:40:58', '2026-02-14 17:40:58'),
(1116, 7, 'ZELHOJBtXa', 1714050, 1714000, 2, 87, 0, 'Hyderabadi Biryani', 1, 'cancelled', 'completed', 'cash', 'Make it spicy and don\'t add onions', 'dine-in', 0, 230, 10, 108, NULL, 5, '2026-02-15 04:10:35', '2026-02-15 04:39:28'),
(1117, 7, 'ZELHOJBtXa', 1714050, 1714000, 2, 80, 0, 'Chicken Biryani', 1, 'cancelled', 'completed', 'cash', 'Make it spicy and don\'t add onions', 'dine-in', 0, 287, 10, 108, NULL, 5, '2026-02-15 04:10:35', '2026-02-15 04:39:28'),
(1118, 7, 'TwnWNkyqdG', 1714117, 1714000, 2, 90, 0, 'Aloo Paratha', 1, 'completed', 'completed', 'cash', 'Make it spicy and don\'t add onions, Garlic not allowed', 'dine-in', 0, 75, 35, 71, NULL, 2, '2026-02-15 04:20:23', '2026-02-15 12:28:45'),
(1119, 7, 'TwnWNkyqdG', 1714117, 1714000, 2, 91, 0, 'Shahi Paneer', 1, 'completed', 'completed', 'cash', 'Make it spicy and don\'t add onions, Garlic not allowed', 'dine-in', 0, 200, 35, 71, NULL, 2, '2026-02-15 04:20:23', '2026-02-15 12:28:45'),
(1120, 7, 'TwnWNkyqdG', 1714117, 1714000, 2, 112, 0, 'Fried Momos', 1, 'completed', 'completed', 'cash', 'Make it spicy and don\'t add onions, Garlic not allowed', 'dine-in', 0, 250, 35, 71, NULL, 2, '2026-02-15 04:20:23', '2026-02-15 12:28:45'),
(1121, 7, 'TwnWNkyqdG', 1714117, 1714000, 2, 113, 0, 'Margherita Pizza', 1, 'completed', 'completed', 'cash', 'Make it spicy and don\'t add onions, Garlic not allowed', 'dine-in', 0, 230, 35, 71, NULL, 2, '2026-02-15 04:20:23', '2026-02-15 12:28:45'),
(1122, 7, 'TwnWNkyqdG', 1714117, 1714000, 2, 114, 0, 'Peppy Paneer Pizza', 1, 'completed', 'completed', 'cash', 'Make it spicy and don\'t add onions, Garlic not allowed', 'dine-in', 0, 190, 35, 71, NULL, 2, '2026-02-15 04:20:23', '2026-02-15 12:28:45'),
(1123, 7, 'TwnWNkyqdG', 1714117, 1714000, 2, 133, 0, 'Chicago Pizza', 1, 'completed', 'completed', 'cash', 'Make it spicy and don\'t add onions, Garlic not allowed', 'dine-in', 0, 450, 35, 71, NULL, 2, '2026-02-15 04:20:23', '2026-02-15 12:28:45'),
(1124, 7, 'PnGbdcrRgX', 1714057, 1714000, 2, 90, 0, 'Aloo Paratha', 1, 'completed', 'completed', 'cash', '', 'dine-in', 0, 75, 30, 110, NULL, 3, '2026-02-15 04:45:09', '2026-02-15 11:57:15'),
(1125, 7, 'PnGbdcrRgX', 1714057, 1714000, 2, 91, 0, 'Shahi Paneer', 1, 'completed', 'completed', 'cash', '', 'dine-in', 0, 200, 30, 110, NULL, 3, '2026-02-15 04:45:09', '2026-02-15 11:57:15'),
(1126, 7, 'ukrfeiqEAJ', 1714037, 1714000, 2, 83, 0, 'Kashmiri Biryani', 1, 'processing', 'completed', 'cash', 'Make it spicy and don\'t add onions', 'dine-in', 10, 235, 5, 107, NULL, 3, '2026-02-15 08:19:08', '2026-02-15 17:28:50'),
(1127, 7, 'ukrfeiqEAJ', 1714037, 1714000, 2, 80, 35, 'Chicken Biryani (Half)', 1, 'processing', 'completed', 'cash', 'Make it spicy and don\'t add onions', 'dine-in', 10, 150, 5, 107, NULL, 3, '2026-02-15 08:19:08', '2026-02-15 17:28:50'),
(1128, 7, 'jEKtmCZwJG', 1714051, 1714000, 1, 90, 0, 'Aloo Paratha', 1, 'ready', 'completed', 'cash', '', 'takeaway', 22, 75, 5, NULL, NULL, 1, '2026-02-15 12:46:47', '2026-02-15 17:34:10'),
(1129, 7, 'uBTANLYLZT', 1714051, 1714000, 1, 133, 0, 'Chicago Pizza', 1, 'completed', 'completed', 'cash', '', 'takeaway', 0, 450, 20, NULL, NULL, 1, '2026-02-15 19:27:56', '2026-02-15 19:27:56'),
(1130, 7, 'TlbSXsONSQ', 1714051, 1714000, 1, 133, 0, 'Chicago Pizza', 1, 'completed', 'completed', 'cash', '', 'takeaway', 11, 450, 20, NULL, NULL, 1, '2026-02-16 05:32:15', '2026-02-16 05:32:15'),
(1131, 7, 'dJCobRjtcU', 1714057, 1714000, 1, 87, 0, 'Hyderabadi Biryani', 1, 'completed', 'completed', 'cash', '', 'takeaway', 0, 230, 20, NULL, NULL, 1, '2026-02-17 05:22:17', '2026-02-17 05:22:17'),
(1132, 7, 'dJCobRjtcU', 1714057, 1714000, 1, 80, 37, 'Chicken Biryani (Small)', 1, 'completed', 'completed', 'cash', '', 'takeaway', 0, 111, 20, NULL, NULL, 1, '2026-02-17 05:22:17', '2026-02-17 05:22:17'),
(1133, 7, 'ScbSqpLiXj', 1714044, 1714000, 1, 87, 0, 'Hyderabadi Biryani', 1, 'processing', 'completed', 'cash', '', 'dine-in', 0, 230, 20, 110, NULL, 4, '2026-02-17 05:29:33', '2026-02-17 05:29:33'),
(1134, 7, 'XZOCGvVeIY', 1714051, 1714000, 1, 87, 0, 'Hyderabadi Biryani', 1, 'processing', 'completed', 'cash', '', 'dine-in', 0, 230, 20, 71, NULL, 3, '2026-02-17 09:47:24', '2026-02-17 09:47:24'),
(1135, 7, 'TOfdBBeOkj', 1714057, 1714000, 1, 113, 0, 'Margherita Pizza', 1, 'completed', 'completed', 'cash', '', 'takeaway', 0, 230, 20, NULL, NULL, 1, '2026-02-17 10:58:55', '2026-02-17 10:58:55'),
(1136, 7, 'AYBQHtJLFn', 1714057, 1714000, 1, 87, 0, 'Hyderabadi Biryani', 1, 'completed', 'completed', 'cash', '', 'dine-in', 0, 230, 20, 74, NULL, 2, '2026-02-17 11:34:17', '2026-02-17 12:10:58'),
(1137, 7, 'PDeeCfBoSi', 1714051, 1714000, 1, 111, 40, 'Spring Rolls (5 Pieces)', 1, 'completed', 'completed', 'cash', '', 'takeaway', 0, 580, 20, NULL, NULL, 1, '2026-02-17 18:09:02', '2026-02-17 18:09:02'),
(1138, 7, 'xpyUdpTUAt', 1714051, 1714000, 1, 83, 0, 'Kashmiri Biryani', 1, 'ready', 'completed', 'cash', '', 'dine-in', 0, 235, 20, 107, NULL, 1, '2026-02-17 18:18:20', '2026-02-18 14:53:45'),
(1139, 7, 'ZlrkWaNBkS', 1714057, 1714000, 1, 112, 0, 'Fried Momos', 1, 'completed', 'completed', 'cash', '', 'takeaway', 0, 250, 20, NULL, NULL, 1, '2026-02-17 18:48:28', '2026-02-17 18:48:28'),
(1140, 7, 'yAKYRInMuB', 1714051, 1714000, 1, 133, 0, 'Chicago Pizza', 1, 'completed', 'completed', 'cash', '', 'takeaway', 0, 450, 20, NULL, NULL, 1, '2026-02-18 03:29:33', '2026-02-18 03:29:33'),
(1141, 7, 'WzGzpXiPTU', 1714057, 1714000, 1, 80, 0, 'Chicken Biryani', 1, 'completed', 'completed', 'cash', '', 'dine-in', 0, 270, 20, 108, NULL, 4, '2026-02-18 08:40:07', '2026-02-18 14:24:17'),
(1142, 7, 'EyMJwSZuTq', 1714051, 1714000, 1, 133, 0, 'Chicago Pizza', 1, 'completed', 'completed', 'cash', '', 'takeaway', 0, 450, 20, NULL, NULL, 1, '2026-02-18 13:35:03', '2026-02-18 13:35:03'),
(1143, 7, 'YVRIwoHtjZ', 1714037, NULL, NULL, 87, 0, 'Hyderabadi Biryani', 1, 'completed', 'completed', 'cash', '', 'dine-in', 0, 230, 30, NULL, NULL, 1, '2026-02-18 14:22:07', '2026-02-18 15:23:15'),
(1147, 7, 'ktsMTegCtx', 1714037, NULL, NULL, 87, 0, 'Hyderabadi Biryani', 3, 'completed', 'completed', 'cash', '', 'dine-in', 0, 230, 25, 71, NULL, 3, '2026-02-19 07:02:49', '2026-02-19 07:03:22'),
(1148, 11, 'RkFdHpVQMN', 1714103, 1714006, 3, 123, 0, 'Smash burger', 1, 'completed', 'completed', 'cash', '', 'takeaway', 0, 340, 20, NULL, NULL, 1, '2026-02-19 07:43:31', '2026-02-19 07:43:31'),
(1151, 7, 'qKEvrJJDdn', 1714037, NULL, NULL, 87, 0, 'Hyderabadi Biryani', 1, 'processing', 'completed', 'cash', '', 'dine-in', 0, 230, 30, NULL, NULL, 1, '2026-02-19 08:03:44', '2026-02-19 08:04:05'),
(1152, 7, 'ExItQsPQdM', 1714037, NULL, NULL, NULL, 37, ' (Small)', 1, 'cancelled', 'completed', 'cash', '', 'dine-in', 0, 126, 20, NULL, NULL, 1, '2026-02-19 08:15:38', '2026-02-19 08:15:45'),
(1153, 7, 'hMfOMnhslE', 1714037, NULL, NULL, NULL, 37, ' (Small)', 1, 'cancelled', 'completed', 'cash', '', 'dine-in', 0, 126, 20, NULL, NULL, 1, '2026-02-19 08:15:40', '2026-02-19 08:15:47'),
(1154, 7, 'IxGOGoaoRP', 1714037, NULL, NULL, NULL, 37, ' (Small)', 1, 'cancelled', 'completed', 'cash', '', 'dine-in', 0, 126, 20, NULL, NULL, 1, '2026-02-19 08:16:52', '2026-02-19 08:17:09'),
(1155, 7, 'KrhfvIRqas', 1714037, NULL, NULL, NULL, 37, ' (Small)', 1, 'cancelled', 'completed', 'cash', '', 'dine-in', 0, 126, 20, NULL, NULL, 1, '2026-02-19 08:16:53', '2026-02-19 08:17:19'),
(1163, 7, 'WcVnsXyYar', 1714134, 1714000, 1, 133, 0, 'Chicago Pizza', 1, 'completed', 'completed', 'cash', '', 'takeaway', 0, 450, 20, NULL, NULL, 1, '2026-02-20 06:27:47', '2026-02-20 06:27:47'),
(1164, 7, 'pXPOugZDQq', 1714037, NULL, NULL, 80, 35, 'Chicken Biryanih (Half)', 1, 'completed', 'completed', 'cash', '', 'dine-in', 0, 230, 30, NULL, NULL, 1, '2026-02-20 15:18:37', '2026-02-20 15:19:12'),
(1165, 7, 'pXPOugZDQq', 1714037, NULL, NULL, 87, 0, 'Hyderabadi Biryani', 1, 'completed', 'completed', 'cash', '', 'dine-in', 0, 230, 30, NULL, NULL, 1, '2026-02-20 15:18:37', '2026-02-20 15:19:12'),
(1166, 7, 'pXPOugZDQq', 1714037, NULL, NULL, 83, 0, 'Kashmiri Biryani', 1, 'completed', 'completed', 'cash', '', 'dine-in', 0, 235, 30, NULL, NULL, 1, '2026-02-20 15:18:37', '2026-02-20 15:19:12'),
(1167, 7, 'pXPOugZDQq', 1714037, NULL, NULL, 112, 0, 'Fried Momos', 1, 'completed', 'completed', 'cash', '', 'dine-in', 0, 250, 30, NULL, NULL, 1, '2026-02-20 15:18:37', '2026-02-20 15:19:12'),
(1168, 7, 'MHyLtMdcWx', 1714037, NULL, NULL, 87, 0, 'Hyderabadi Biryani', 1, 'ready', 'completed', 'cash', '', 'dine-in', 0, 230, 30, NULL, NULL, 1, '2026-02-20 17:13:20', '2026-02-20 17:17:39'),
(1169, 7, 'MHyLtMdcWx', 1714037, NULL, NULL, 80, 35, 'Chicken Biryanih (Half)', 1, 'ready', 'completed', 'cash', '', 'dine-in', 0, 210, 30, NULL, NULL, 1, '2026-02-20 17:13:20', '2026-02-20 17:17:39'),
(1170, 7, 'MHyLtMdcWx', 1714037, NULL, NULL, 111, 40, 'Spring Rolls (5 Pieces)', 1, 'ready', 'completed', 'cash', '', 'dine-in', 0, 580, 30, NULL, NULL, 1, '2026-02-20 17:13:20', '2026-02-20 17:17:39'),
(1171, 7, 'MHyLtMdcWx', 1714037, NULL, NULL, 112, 0, 'Fried Momos', 1, 'ready', 'completed', 'cash', '', 'dine-in', 0, 250, 30, NULL, NULL, 1, '2026-02-20 17:13:20', '2026-02-20 17:17:39'),
(1172, 7, 'LfDrKdNfHc', 1714037, NULL, NULL, 87, 0, 'Hyderabadi Biryani', 1, 'completed', 'completed', 'cash', '', 'dine-in', 0, 230, 30, 71, NULL, 4, '2026-02-20 17:42:56', '2026-02-20 18:13:38'),
(1173, 7, 'LfDrKdNfHc', 1714037, NULL, NULL, 83, 0, 'Kashmiri Biryani', 1, 'completed', 'completed', 'cash', '', 'dine-in', 0, 235, 30, 71, NULL, 4, '2026-02-20 17:42:56', '2026-02-20 18:13:38'),
(1174, 7, 'GHwoUxsdPP', 1714037, NULL, NULL, 87, 0, 'Hyderabadi Biryani', 1, 'completed', 'completed', 'cash', '', 'dine-in', 0, 230, 60, 71, NULL, 3, '2026-02-20 17:51:47', '2026-02-20 18:13:26'),
(1175, 7, 'HIiUipoobd', 1714037, NULL, NULL, 112, 0, 'Fried Momos', 1, 'cancelled', 'completed', 'cash', '', 'dine-in', 0, 250, 20, 71, NULL, 2, '2026-02-20 17:52:16', '2026-02-20 18:00:37'),
(1176, 7, 'ZRMestypIa', 1714037, NULL, NULL, 87, 0, 'Hyderabadi Biryani', 1, 'cancelled', 'completed', 'cash', '', 'dine-in', 0, 230, 20, NULL, NULL, 1, '2026-02-20 18:05:39', '2026-02-20 19:54:04'),
(1177, 7, 'BwIYNoUDgA', 1714037, NULL, NULL, 80, 35, 'Chicken Biryanih (Half)', 1, 'cancelled', 'completed', 'cash', '', 'dine-in', 0, 145, 20, 71, NULL, 3, '2026-02-20 18:28:30', '2026-02-20 19:54:02'),
(1178, 7, 'iFYHusUZsM', 1714037, 1714000, 1, 133, 0, 'Chicago Pizza', 1, 'completed', 'completed', 'cash', '', 'takeaway', 0, 450, 20, NULL, NULL, 1, '2026-02-21 05:42:36', '2026-02-21 05:42:36');

--
-- Triggers `orders`
--
DELIMITER $$
CREATE TRIGGER `create_display_name` BEFORE INSERT ON `orders` FOR EACH ROW BEGIN
  DECLARE inv_name VARCHAR(255) DEFAULT '';
  DECLARE var_name VARCHAR(255) DEFAULT '';

  SELECT name INTO inv_name
  FROM inventories
  WHERE id = NEW.item_id
  LIMIT 1;

  IF NEW.variant_id IS NOT NULL THEN
    SELECT name INTO var_name
    FROM variants
    WHERE id = NEW.variant_id
    LIMIT 1;
  END IF;

  IF var_name IS NOT NULL AND var_name != '' THEN
    SET NEW.display_name = CONCAT(inv_name, ' (', var_name, ')');
  ELSE
    SET NEW.display_name = inv_name;
  END IF;

  IF NEW.display_name IS NULL OR NEW.display_name = '' THEN
    SET NEW.display_name = 'Unnamed Item';
  END IF;
END
$$
DELIMITER ;
DELIMITER $$
CREATE TRIGGER `trg_decrement_stock_and_update_status` AFTER INSERT ON `orders` FOR EACH ROW BEGIN
  UPDATE inventories
  SET stock = stock - LEAST(stock, NEW.quantity)
  WHERE id = NEW.item_id;

  UPDATE inventories
  SET status = CASE
    WHEN stock = 0 THEN 'out_of_stock'
    WHEN stock < 10 THEN 'low_stock'
    ELSE 'available'
  END
  WHERE id = NEW.item_id;
END
$$
DELIMITER ;
DELIMITER $$
CREATE TRIGGER `trg_track_user_restaurant_visits` AFTER INSERT ON `orders` FOR EACH ROW BEGIN
  INSERT INTO user_restaurant_visits
    (user_id, restaurant_id, visit_count, first_visit_at, last_visit_at)
  VALUES
    (NEW.customer_id, NEW.rid, 1, NEW.created_at, NEW.created_at)
  ON DUPLICATE KEY UPDATE
    visit_count = CASE
      WHEN DATE(NEW.created_at) != DATE(last_visit_at)
      THEN visit_count + 1
      ELSE visit_count
    END,
    last_visit_at = NEW.created_at;
END
$$
DELIMITER ;

-- --------------------------------------------------------

--
-- Table structure for table `order_addons`
--

CREATE TABLE `order_addons` (
  `id` int(11) NOT NULL,
  `order_id` int(11) NOT NULL,
  `addon_id` int(11) NOT NULL,
  `quantity` int(2) DEFAULT 1,
  `price` int(5) NOT NULL,
  `created_at` datetime DEFAULT current_timestamp()
) ENGINE=InnoDB DEFAULT CHARSET=utf8mb4 COLLATE=utf8mb4_unicode_ci;

--
-- Dumping data for table `order_addons`
--

INSERT INTO `order_addons` (`id`, `order_id`, `addon_id`, `quantity`, `price`, `created_at`) VALUES
(1, 814, 7, 1, 25, '2026-01-24 06:51:16'),
(2, 814, 2, 1, 20, '2026-01-24 06:51:16'),
(3, 815, 7, 1, 25, '2026-01-24 06:56:26'),
(4, 818, 1, 1, 20, '2026-01-24 10:38:28'),
(5, 820, 1, 1, 20, '2026-01-24 10:43:07'),
(6, 821, 7, 1, 25, '2026-01-24 11:06:42'),
(7, 824, 2, 1, 20, '2026-01-24 14:41:08'),
(8, 825, 7, 3, 25, '2026-01-24 14:42:13'),
(9, 829, 1, 2, 20, '2026-01-24 15:00:14'),
(10, 831, 7, 3, 25, '2026-01-24 15:06:04'),
(11, 833, 7, 1, 25, '2026-01-24 17:43:49'),
(12, 834, 7, 1, 25, '2026-01-24 17:44:53'),
(13, 835, 7, 1, 25, '2026-01-24 18:19:18'),
(14, 844, 7, 1, 25, '2026-01-24 19:26:38'),
(15, 844, 2, 1, 20, '2026-01-24 19:26:38'),
(16, 846, 2, 1, 20, '2026-01-25 07:35:36'),
(17, 849, 7, 1, 25, '2026-01-25 18:52:13'),
(18, 849, 2, 1, 20, '2026-01-25 18:52:13'),
(19, 871, 2, 1, 20, '2026-01-28 09:41:57'),
(20, 883, 2, 1, 20, '2026-01-28 13:36:03'),
(21, 887, 7, 1, 25, '2026-01-28 15:34:02'),
(22, 888, 7, 1, 25, '2026-01-28 15:53:09'),
(23, 890, 7, 1, 25, '2026-01-28 16:35:25'),
(24, 896, 7, 2, 25, '2026-01-29 04:46:52'),
(25, 898, 5, 3, 40, '2026-01-29 04:53:08'),
(26, 905, 7, 1, 25, '2026-01-30 10:58:52'),
(27, 905, 2, 1, 20, '2026-01-30 10:58:52'),
(28, 907, 7, 1, 25, '2026-01-30 10:59:59'),
(29, 907, 2, 1, 20, '2026-01-30 10:59:59'),
(30, 909, 2, 1, 20, '2026-02-03 03:54:47'),
(31, 937, 5, 1, 40, '2026-02-05 15:27:03'),
(32, 940, 5, 1, 40, '2026-02-06 04:19:09'),
(33, 943, 5, 1, 40, '2026-02-06 09:24:14'),
(34, 945, 5, 1, 40, '2026-02-06 09:27:00'),
(35, 960, 7, 2, 25, '2026-02-07 18:27:12'),
(36, 999, 2, 1, 20, '2026-02-08 12:20:08'),
(37, 1000, 7, 1, 25, '2026-02-08 12:25:32'),
(38, 1001, 7, 1, 25, '2026-02-08 12:25:56'),
(39, 1062, 5, 1, 40, '2026-02-10 06:11:46'),
(40, 1063, 5, 1, 40, '2026-02-10 06:13:59'),
(41, 1113, 7, 2, 25, '2026-02-14 06:48:40'),
(42, 1114, 7, 1, 25, '2026-02-14 17:40:58'),
(43, 1117, 7, 1, 25, '2026-02-15 04:10:35'),
(44, 1127, 7, 1, 25, '2026-02-15 08:19:08'),
(45, 1132, 7, 1, 25, '2026-02-17 05:22:17'),
(46, 1141, 7, 1, 25, '2026-02-18 08:40:07'),
(49, 1152, 5, 1, 40, '2026-02-19 08:15:38'),
(50, 1153, 5, 1, 40, '2026-02-19 08:15:40'),
(51, 1154, 5, 1, 40, '2026-02-19 08:16:52'),
(52, 1155, 5, 1, 40, '2026-02-19 08:16:53'),
(56, 1164, 5, 2, 40, '2026-02-20 15:18:38'),
(57, 1164, 7, 1, 25, '2026-02-20 15:18:38'),
(58, 1169, 5, 1, 40, '2026-02-20 17:13:20'),
(59, 1169, 2, 1, 20, '2026-02-20 17:13:20'),
(60, 1169, 7, 1, 25, '2026-02-20 17:13:20'),
(61, 1177, 2, 1, 20, '2026-02-20 18:28:30');

-- --------------------------------------------------------

--
-- Table structure for table `otps`
--

CREATE TABLE `otps` (
  `id` int(11) NOT NULL,
  `phone_number` varchar(50) DEFAULT NULL,
  `code` int(11) DEFAULT NULL,
  `attempts` int(11) NOT NULL DEFAULT 0,
  `created_at` datetime DEFAULT current_timestamp()
) ENGINE=InnoDB DEFAULT CHARSET=utf8mb4 COLLATE=utf8mb4_unicode_ci;

-- --------------------------------------------------------

--
-- Table structure for table `qr_codes`
--

CREATE TABLE `qr_codes` (
  `id` varchar(100) NOT NULL,
  `rid` int(11) NOT NULL,
  `table_no` int(11) DEFAULT NULL,
  `status` tinyint(1) DEFAULT 0,
  `url` text DEFAULT NULL,
  `created_at` datetime DEFAULT current_timestamp()
) ENGINE=InnoDB DEFAULT CHARSET=utf8mb4 COLLATE=utf8mb4_unicode_ci;

--
-- Dumping data for table `qr_codes`
--

INSERT INTO `qr_codes` (`id`, `rid`, `table_no`, `status`, `url`, `created_at`) VALUES
('10b40155e9-7-2', 7, 2, 1, 'https://api.delycia.com/qrcodes/10b40155e9-7-2.png', '2025-11-06 10:32:45'),
('1a23e2b6d7-7-2', 7, 2, 1, 'https://api.delycia.com/qrcodes/1a23e2b6d7-7-2.png', '2025-10-30 09:04:15'),
('1bdc341297-7-2', 7, 2, 0, 'https://api.delycia.com/qrcodes/1bdc341297-7-2.png', '2025-11-06 10:55:47'),
('33ec793c53-7-2', 7, 2, 1, 'https://api.delycia.com/qrcodes/33ec793c53-7-2.png', '2025-09-14 05:21:51'),
('34ec57826a-7-2', 7, 2, 1, 'https://api.delycia.com/qrcodes/34ec57826a-7-2.png', '2025-11-06 09:56:39'),
('42f52866ce-7-2', 7, 2, 1, 'https://api.delycia.com/qrcodes/42f52866ce-7-2.png', '2025-11-06 10:49:11'),
('4d15a08d5e-7-2', 7, 2, 1, 'https://api.delycia.com/qrcodes/4d15a08d5e-7-2.png', '2025-10-29 09:00:56'),
('54ed360d55-7-2', 7, 2, 1, 'https://api.delycia.com/qrcodes/54ed360d55-7-2.png', '2025-10-29 08:36:12'),
('8f96d678b7-7-2', 7, 2, 1, 'https://api.delycia.com/qrcodes/8f96d678b7-7-2.png', '2025-10-29 08:36:36'),
('986e923aac-7-2', 7, 2, 1, 'https://api.delycia.com/qrcodes/986e923aac-7-2.png', '2025-09-12 09:29:05'),
('ba2eda40b8-7-2', 7, 2, 1, 'https://api.delycia.com/qrcodes/ba2eda40b8-7-2.png', '2025-11-06 08:27:41'),
('d7bfa85ab6-7-2', 7, 2, 1, 'https://api.delycia.com/qrcodes/d7bfa85ab6-7-2.png', '2025-11-06 08:25:30'),
('d89e1cedd8-7-2', 7, 2, 1, 'https://api.delycia.com/qrcodes/d89e1cedd8-7-2.png', '2025-10-30 04:51:34'),
('e62ecf639d-7-2', 7, 2, 1, 'https://api.delycia.com/qrcodes/e62ecf639d-7-2.png', '2025-11-06 09:56:13'),
('fd49dda7d5-7-2', 7, 2, 1, 'https://api.delycia.com/qrcodes/fd49dda7d5-7-2.png', '2025-10-10 10:18:37');

-- --------------------------------------------------------

--
-- Table structure for table `restaurants`
--

CREATE TABLE `restaurants` (
  `id` int(11) NOT NULL,
  `name` varchar(20) NOT NULL,
  `username` varchar(20) DEFAULT NULL,
  `phone_number` varchar(15) NOT NULL,
  `email` varchar(30) NOT NULL,
  `address` varchar(250) NOT NULL,
  `city` varchar(20) NOT NULL,
  `state` varchar(20) NOT NULL,
  `pincode` int(10) NOT NULL,
  `fssai_license` varchar(100) NOT NULL,
  `is_veg_only` int(11) NOT NULL,
  `description` varchar(250) NOT NULL,
  `logo` text DEFAULT NULL,
  `banner` text DEFAULT NULL,
  `tax_percent` int(11) NOT NULL DEFAULT 5,
  `latitude` decimal(10,7) DEFAULT NULL,
  `longitude` decimal(10,7) DEFAULT NULL,
  `commission_percent` int(11) NOT NULL DEFAULT 15,
  `is_active` tinyint(1) NOT NULL DEFAULT 0,
  `created_at` datetime DEFAULT current_timestamp(),
  `online_orders` tinyint(1) DEFAULT 0,
  `open_time` time DEFAULT '10:00:00',
  `close_time` time DEFAULT '22:00:00',
  `active_days` int(11) DEFAULT 127 COMMENT 'Bitmask: 1=Mon,2=Tue,4=Wed,8=Thu,16=Fri,32=Sat,64=Sun (127=all days)'
) ENGINE=InnoDB DEFAULT CHARSET=utf8mb4 COLLATE=utf8mb4_unicode_ci;

--
-- Dumping data for table `restaurants`
--

INSERT INTO `restaurants` (`id`, `name`, `username`, `phone_number`, `email`, `address`, `city`, `state`, `pincode`, `fssai_license`, `is_veg_only`, `description`, `logo`, `banner`, `tax_percent`, `latitude`, `longitude`, `commission_percent`, `is_active`, `created_at`, `online_orders`, `open_time`, `close_time`, `active_days`) VALUES
(7, 'Calcutta Retro', 'calcutta-retro', '+918897168592', '', 'Bardhaman, college more', 'Bardhaman', 'west bengal', 713013, '', 0, 'Welcome to Calcutta Retro, where we bring the authentic flavors of Bengal to your plate. Our restaurant celebrates the rich culinary heritage of Kolkata with traditional recipes passed down through generations.', 'https://ik.imagekit.io/phy7j8tcu/restaurants/restaurant_logo_1770312146343_sRlaNpaXx.jpg#6984d1d85c7cd75eb8e2e63e', 'https://ik.imagekit.io/phy7j8tcu/restaurants/restaurant_banner_1770312153450_DOgBfYle7.jpg#6984d1da5c7cd75eb8e2f134', 3, 23.1475619, 87.8106233, 15, 1, '2025-07-11 04:53:29', 1, '09:00:00', '22:00:00', 114),
(11, 'Delycia X42', 'delycia-x42', '+913388777220', 'contact@delycia.com', 'New town, Kolkata', 'Kolkata', 'West Bengal', 700001, '', 0, 'This is a test restaurant creation.', 'https://encrypted-tbn0.gstatic.com/images?q=tbn:ANd9GcQ6drD9VGpTLPQ0jSlmuxtw_2FPpuh_Ts-hYQ&s', 'https://ik.imagekit.io/phy7j8tcu/restaurants/restaurant_banner_1770529979524_VcbxNhu99.jpg#698824be5c7cd75eb8318505', 12, 23.1475628, 87.8106174, 15, 1, '2025-09-07 14:58:17', 0, '10:00:00', '22:00:00', 119);

-- --------------------------------------------------------

--
-- Table structure for table `restaurant_access`
--

CREATE TABLE `restaurant_access` (
  `id` int(11) NOT NULL,
  `user_id` int(11) NOT NULL,
  `rid` int(11) NOT NULL,
  `created_at` datetime NOT NULL DEFAULT current_timestamp()
) ENGINE=InnoDB DEFAULT CHARSET=utf8mb4 COLLATE=utf8mb4_unicode_ci;

--
-- Dumping data for table `restaurant_access`
--

INSERT INTO `restaurant_access` (`id`, `user_id`, `rid`, `created_at`) VALUES
(13, 1714006, 11, '2025-07-11 11:36:37'),
(126, 1714000, 7, '2025-07-11 11:36:37'),
(127, 1714102, 7, '2026-02-04 09:21:51'),
(128, 1714000, 11, '2026-02-14 05:00:43');

-- --------------------------------------------------------

--
-- Table structure for table `restaurant_hours`
--

CREATE TABLE `restaurant_hours` (
  `id` int(11) NOT NULL,
  `rid` int(11) DEFAULT NULL,
  `day_of_week` enum('Sunday','Monday','Tuesday','Wednesday','Thursday','Friday','Saturday') DEFAULT NULL,
  `open_time` time DEFAULT NULL,
  `close_time` time DEFAULT NULL
) ENGINE=InnoDB DEFAULT CHARSET=utf8mb4 COLLATE=utf8mb4_unicode_ci;

-- --------------------------------------------------------

--
-- Stand-in structure for view `restaurant_status`
-- (See below for the actual view)
--
CREATE TABLE `restaurant_status` (
`id` int(11)
,`name` varchar(20)
,`username` varchar(20)
,`phone_number` varchar(15)
,`email` varchar(30)
,`address` varchar(250)
,`city` varchar(20)
,`state` varchar(20)
,`pincode` int(10)
,`fssai_license` varchar(100)
,`is_veg_only` int(11)
,`description` varchar(250)
,`logo` text
,`banner` text
,`tax_percent` int(11)
,`latitude` decimal(10,7)
,`longitude` decimal(10,7)
,`commission_percent` int(11)
,`is_active` tinyint(1)
,`created_at` datetime
,`online_orders` tinyint(1)
,`open_time` time
,`close_time` time
,`active_days` int(11)
,`is_open_now` int(1)
,`status_message` varchar(19)
);

-- --------------------------------------------------------

--
-- Table structure for table `roles`
--

CREATE TABLE `roles` (
  `id` int(11) NOT NULL,
  `name` varchar(50) DEFAULT NULL,
  `description` varchar(200) DEFAULT NULL,
  `power` int(3) DEFAULT NULL
) ENGINE=InnoDB DEFAULT CHARSET=utf8mb4 COLLATE=utf8mb4_unicode_ci;

--
-- Dumping data for table `roles`
--

INSERT INTO `roles` (`id`, `name`, `description`, `power`) VALUES
(0, 'Customer', 'Simple ordering', 0),
(1, 'Super Admin', 'Full system control', 100),
(2, 'Admin', 'High-level management, approve restaurants, manage staff', 90),
(3, 'Restaurant owner', 'Control over own restaurant', 80),
(4, 'Restaurant manager', 'Manage restaurant operations, orders, staff scheduling', 70),
(5, 'Waiter', 'View, create, update orders', 60),
(6, 'Kitchen Staff', 'Order management capabilities', 50),
(7, 'Delivery', 'View assigned orders, update delivery status', 40);

-- --------------------------------------------------------

--
-- Table structure for table `subscriptions`
--

CREATE TABLE `subscriptions` (
  `id` int(11) NOT NULL,
  `restaurant_id` int(11) NOT NULL COMMENT 'One active subscription per restaurant',
  `plan_id` int(11) NOT NULL,
  `plan_type` enum('trial','monthly','annual') NOT NULL DEFAULT 'trial',
  `start_date` date NOT NULL,
  `end_date` date NOT NULL,
  `status` enum('active','expired','cancelled') NOT NULL DEFAULT 'active',
  `amount` decimal(10,2) NOT NULL DEFAULT 0.00 COMMENT 'Amount paid (0 for trial)',
  `currency` varchar(3) DEFAULT 'INR',
  `auto_renew` tinyint(1) DEFAULT 1,
  `cancelled_at` timestamp NULL DEFAULT NULL,
  `created_at` timestamp NULL DEFAULT current_timestamp(),
  `updated_at` timestamp NULL DEFAULT current_timestamp() ON UPDATE current_timestamp()
) ENGINE=InnoDB DEFAULT CHARSET=utf8mb4 COLLATE=utf8mb4_unicode_ci;

--
-- Dumping data for table `subscriptions`
--

INSERT INTO `subscriptions` (`id`, `restaurant_id`, `plan_id`, `plan_type`, `start_date`, `end_date`, `status`, `amount`, `currency`, `auto_renew`, `cancelled_at`, `created_at`, `updated_at`) VALUES
(1, 7, 2, 'monthly', '2026-02-04', '2026-03-06', 'active', 499.00, 'INR', 1, NULL, '2026-02-04 05:50:17', '2026-02-04 10:06:28'),
(11, 11, 3, 'monthly', '2026-02-08', '2026-03-10', 'active', 599.00, 'INR', 1, NULL, '2026-02-08 04:52:04', '2026-02-08 04:52:04');

-- --------------------------------------------------------

--
-- Table structure for table `subscription_plans`
--

CREATE TABLE `subscription_plans` (
  `id` int(11) NOT NULL,
  `plan_code` varchar(50) NOT NULL,
  `plan_name` varchar(100) NOT NULL,
  `price` decimal(10,2) NOT NULL,
  `currency` varchar(3) DEFAULT 'INR',
  `billing_period` enum('month','year','trial') NOT NULL,
  `billing_days` int(11) NOT NULL COMMENT 'Duration in days (30 for month, 365 for year, 14 for trial)',
  `savings` decimal(10,2) DEFAULT 0.00 COMMENT 'Amount saved compared to monthly',
  `is_popular` tinyint(1) DEFAULT 0,
  `is_active` tinyint(1) DEFAULT 1,
  `display_order` int(11) DEFAULT 0 COMMENT 'Sort order on pricing page',
  `features` longtext CHARACTER SET utf8mb4 COLLATE utf8mb4_bin DEFAULT NULL CHECK (json_valid(`features`)),
  `max_restaurants` int(11) DEFAULT 1 COMMENT 'Number of restaurants allowed',
  `created_at` timestamp NULL DEFAULT current_timestamp(),
  `updated_at` timestamp NULL DEFAULT current_timestamp() ON UPDATE current_timestamp()
) ENGINE=InnoDB DEFAULT CHARSET=utf8mb4 COLLATE=utf8mb4_unicode_ci;

--
-- Dumping data for table `subscription_plans`
--

INSERT INTO `subscription_plans` (`id`, `plan_code`, `plan_name`, `price`, `currency`, `billing_period`, `billing_days`, `savings`, `is_popular`, `is_active`, `display_order`, `features`, `max_restaurants`, `created_at`, `updated_at`) VALUES
(1, 'trial', 'Free Trial', 0.00, 'INR', 'trial', 14, 0.00, 0, 1, 0, '[\"Unlimited Orders\", \"Real-time Order Tracking\", \"Staff Management\", \"Inventory Management\", \"Sales Reports & Analytics\", \"Customer Management (CRM)\", \"Table Management\", \"QR Code Ordering\", \"Basic Support\"]', 1, '2026-02-04 09:44:42', '2026-02-04 09:44:42'),
(2, 'monthly', 'Monthly', 499.00, 'INR', 'month', 30, 0.00, 0, 1, 1, '[\"Unlimited Orders\", \"Real-time Order Tracking\", \"Staff Management\", \"Inventory Management\", \"Sales Reports & Analytics\", \"Customer Management (CRM)\", \"Table Management\", \"QR Code Ordering\", \"Priority Support\"]', 1, '2026-02-04 09:44:42', '2026-02-04 09:44:42'),
(3, 'monthly_multi', 'Multi-Restaurant', 549.00, 'INR', 'month', 30, 0.00, 1, 1, 2, '[\"All Monthly Features\", \"Multi-Restaurant Chain Access\", \"Centralized Dashboard\", \"Cross-Restaurant Analytics\", \"Unified Staff Management\", \"Consolidated Reporting\"]', 999, '2026-02-04 09:44:42', '2026-02-04 09:44:42'),
(4, 'yearly', 'Yearly', 4999.00, 'INR', 'year', 365, 989.00, 0, 1, 3, '[\"All Monthly Features\", \"Multi-Restaurant Chain Access\", \"Centralized Dashboard\", \"Cross-Restaurant Analytics\", \"Unified Staff Management\", \"Consolidated Reporting\"]', 999, '2026-02-04 09:44:42', '2026-02-04 09:44:42');

-- --------------------------------------------------------

--
-- Table structure for table `tables`
--

CREATE TABLE `tables` (
  `id` int(11) NOT NULL,
  `rid` int(11) NOT NULL,
  `table_number` varchar(10) DEFAULT NULL,
  `capacity` int(11) DEFAULT NULL,
  `zone` varchar(50) DEFAULT NULL,
  `status` enum('available','occupied','reserved') DEFAULT 'available',
  `updated_at` timestamp NULL DEFAULT current_timestamp() ON UPDATE current_timestamp()
) ENGINE=InnoDB DEFAULT CHARSET=utf8mb4 COLLATE=utf8mb4_unicode_ci;

--
-- Dumping data for table `tables`
--

INSERT INTO `tables` (`id`, `rid`, `table_number`, `capacity`, `zone`, `status`, `updated_at`) VALUES
(71, 7, '3', 4, 'First Floor', 'available', '2026-02-20 18:44:26'),
(72, 7, '4', 4, 'First Floor', 'available', '2026-02-09 12:33:21'),
(73, 7, '5', 4, 'First Floor', 'available', '2026-02-19 09:25:34'),
(74, 7, '6', 4, 'First Floor', 'available', '2026-02-17 12:36:56'),
(75, 7, '7', 4, 'First Floor', 'available', '2026-02-10 06:01:38'),
(76, 7, '8', 4, 'First Floor', 'available', '2026-02-10 07:14:26'),
(77, 7, '9', 4, 'First Floor', 'available', '2026-01-19 16:45:25'),
(78, 7, '10', 4, 'First Floor', 'available', '2026-01-28 13:23:20'),
(79, 7, '11', 4, 'First Floor', 'available', '2025-09-11 04:22:05'),
(80, 7, '12', 4, 'Ground Floor', 'available', '2026-02-14 07:50:02'),
(81, 7, '13', 4, 'Ground Floor', 'available', '2026-02-09 12:32:34'),
(82, 7, '14', 4, 'Ground Floor', 'available', '2026-02-09 13:06:36'),
(86, 7, '18', 4, 'First Floor', 'available', '2026-02-10 05:40:01'),
(87, 7, '19', 4, 'First Floor', 'available', '2026-02-09 13:06:36'),
(88, 7, '20', 4, 'First Floor', 'available', '2025-09-11 03:59:48'),
(89, 7, '21', 4, 'First Floor', 'available', '2026-01-28 13:23:20'),
(90, 7, '22', 4, 'First Floor', 'available', '2025-09-11 03:59:48'),
(91, 7, '23', 4, 'First Floor', 'available', '2026-02-13 14:53:39'),
(93, 11, '1', 4, 'Ground Floor', 'available', '2026-02-08 08:34:07'),
(94, 11, '2', 4, 'Ground Floor', 'available', '2026-02-09 04:20:02'),
(95, 11, '3', 4, 'Ground Floor', 'available', '2026-02-08 13:19:15'),
(96, 11, '4', 4, 'Ground Floor', 'available', '2026-02-08 07:48:08'),
(97, 11, '5', 4, 'Ground Floor', 'available', '2025-12-03 04:27:05'),
(98, 11, '6', 4, 'Ground Floor', 'available', '2025-12-03 04:27:05'),
(99, 11, '7', 4, 'Ground Floor', 'available', '2026-02-08 07:09:08'),
(100, 11, '8', 4, 'Ground Floor', 'available', '2025-12-03 04:27:05'),
(101, 11, '9', 4, 'Ground Floor', 'available', '2025-12-03 04:27:05'),
(102, 11, '10', 4, 'Ground Floor', 'available', '2025-12-03 04:27:05'),
(103, 11, '11', 4, 'Ground Floor', 'available', '2025-12-03 04:27:05'),
(104, 11, '12', 4, 'Ground Floor', 'available', '2025-12-03 04:27:05'),
(105, 11, '13', 4, 'Ground Floor', 'available', '2026-02-08 14:43:17'),
(106, 11, '14', 4, 'Ground Floor', 'available', '2025-12-03 04:27:06'),
(107, 7, '1', 4, 'First Floor', 'available', '2026-02-17 19:20:01'),
(108, 7, '2', 5, 'First Floor', 'available', '2026-02-18 09:41:58'),
(109, 7, '24', 4, 'First Floor', 'available', '2026-02-11 04:22:48'),
(110, 7, '25', 6, 'VIP Section', 'available', '2026-02-17 06:29:33'),
(111, 7, '26', 7, 'VIP Section', 'available', '2026-02-08 12:36:14'),
(113, 7, '15', 6, 'First Floor', 'available', '2026-02-06 04:21:21');

-- --------------------------------------------------------

--
-- Table structure for table `temp_sessions`
--

CREATE TABLE `temp_sessions` (
  `user_id` int(11) NOT NULL,
  `table_no` int(11) DEFAULT NULL,
  `rid` int(11) NOT NULL,
  `login_at` datetime DEFAULT current_timestamp()
) ENGINE=InnoDB DEFAULT CHARSET=utf8mb4 COLLATE=utf8mb4_unicode_ci;

-- --------------------------------------------------------

--
-- Table structure for table `users`
--

CREATE TABLE `users` (
  `id` int(11) NOT NULL,
  `uid` varchar(50) NOT NULL,
  `name` varchar(20) DEFAULT NULL,
  `email` varchar(30) DEFAULT NULL,
  `username` varchar(20) DEFAULT NULL,
  `country_code` varchar(5) NOT NULL DEFAULT '+91',
  `phone_number` varchar(15) DEFAULT NULL,
  `profile_pic` text DEFAULT 'https://static.delycia.com/icons/user.png',
  `password` text DEFAULT 'qjoSEEUuAuXaOAclTLtN7IUav',
  `role` int(11) NOT NULL DEFAULT 0,
  `access_token` text DEFAULT NULL,
  `refresh_token` text DEFAULT NULL,
  `register_at` datetime DEFAULT current_timestamp()
) ENGINE=InnoDB DEFAULT CHARSET=utf8mb4 COLLATE=utf8mb4_unicode_ci;

--
-- Dumping data for table `users`
--

INSERT INTO `users` (`id`, `uid`, `name`, `email`, `username`, `country_code`, `phone_number`, `profile_pic`, `password`, `role`, `access_token`, `refresh_token`, `register_at`) VALUES
(1714000, 'SDSDasdsadsa', 'Delycia Owner', '', 'delyciaadmin', '+91', '9004432235', 'https://ik.imagekit.io/phy7j8tcu/profile/profile_1770374616288_wuCKSAcHO.jpg#6985c5db5c7cd75eb8670ac6', 'myadminpassword', 1, 'eyJhbGciOiJIUzI1NiIsInR5cCI6IkpXVCJ9.eyJ1aWQiOiJTRFNEYXNkc2Fkc2EiLCJpZCI6MTcxNDAwMCwicm9sZSI6MSwiaWF0IjoxNzcxNjY3ODQ4LCJleHAiOjE3NzE2Njg3NDh9.p0hrUFom4Xv-vDMBSnccZ7_RKCXS-gt2RmcAtjf2wVg', 'eyJhbGciOiJIUzI1NiIsInR5cCI6IkpXVCJ9.eyJ1aWQiOiJTRFNEYXNkc2Fkc2EiLCJpZCI6MTcxNDAwMCwicm9sZSI6MSwiaWF0IjoxNzcxNjY2ODA1LCJleHAiOjE3NzQyNTg4MDV9.LP-arsbdFSoURTlDgI6tclTy_nQ57njy0OZfg1Uhm_E', '2025-08-03 13:15:17'),
(1714006, '1776144e-ea40-4e8f-b7ab-c9250c571417', 'Testing', '', 'delycia-x-42', '+91', '9153648883', 'https://static.delycia.com/icons/user.png', 'strongpassword', 3, 'eyJhbGciOiJIUzI1NiIsInR5cCI6IkpXVCJ9.eyJ1aWQiOiIxNzc2MTQ0ZS1lYTQwLTRlOGYtYjdhYi1jOTI1MGM1NzE0MTciLCJpZCI6MTcxNDAwNiwicm9sZSI6MywiaWF0IjoxNzcxNDg4ODQ2LCJleHAiOjE3NzE0ODk3NDZ9.1OcQMDmDJhJSh_febcYdin2tqln-8SdY3ubXkRylmlc', 'eyJhbGciOiJIUzI1NiIsInR5cCI6IkpXVCJ9.eyJ1aWQiOiIxNzc2MTQ0ZS1lYTQwLTRlOGYtYjdhYi1jOTI1MGM1NzE0MTciLCJpZCI6MTcxNDAwNiwicm9sZSI6MywiaWF0IjoxNzcxNDg2ODM1LCJleHAiOjE3NzQwNzg4MzV9.85ZhVqPLNlTOyUM2u2DRQEMdp_0njF2NydL2xgpEqZo', '2025-08-03 13:15:17'),
(1714037, '77322a25-362d-4ea2-9346-387e9edf289a', 'Sayan Das', '', 'sayandas46', '+91', '9083928843', 'https://ik.imagekit.io/phy7j8tcu/profile-pictures/profile_77322a25-362d-4ea2-9346-387e9edf289a_1770830904094_fNy2l7RwQ.jpg#698cbc395c7cd75eb8516d2f', 'qjoSEEUuAuXaOAclTLtN7IUav', 0, 'eyJhbGciOiJIUzI1NiIsInR5cCI6IkpXVCJ9.eyJ1aWQiOiI3NzMyMmEyNS0zNjJkLTRlYTItOTM0Ni0zODdlOWVkZjI4OWEiLCJpZCI6MTcxNDAzNywicm9sZSI6MCwiaWF0IjoxNzcxNjExMjQwLCJleHAiOjE3NzE2MTIxNDB9.WnBYNYFLuqw8EQzXa8Jdh53GM2gMVe3Zu4aAIXErkZQ', 'eyJhbGciOiJIUzI1NiIsInR5cCI6IkpXVCJ9.eyJ1aWQiOiI3NzMyMmEyNS0zNjJkLTRlYTItOTM0Ni0zODdlOWVkZjI4OWEiLCJpZCI6MTcxNDAzNywiaWF0IjoxNzcxNjAwNjk5LCJleHAiOjE3NzQxOTI2OTl9.uAt1hpbMvvpqvgBuAc43liLZ2d83L-R8KXdywMZcGYA', '2025-08-14 15:16:56'),
(1714038, 'ed55a2ee-7c14-42f2-bfbd-538cd6ae63fd', 'Rohit Saraf', '', 'rohitsaraf5497', '+91', '8908799833', 'https://static.delycia.com/icons/user.png', 'qjoSEEUuAuXaOAclTLtN7IUav', 0, NULL, NULL, '2025-08-22 05:05:34'),
(1714039, 'e40138d2-73eb-497d-87af-1732acded486', 'Rohit Saraf', '', 'rohitsaraf9082', '+91', '8729783887', 'https://static.delycia.com/icons/user.png', 'qjoSEEUuAuXaOAclTLtN7IUav', 0, NULL, NULL, '2025-08-22 06:55:10'),
(1714040, 'a2911dfe-17f0-404c-98e1-0e69674977e9', 'Devjit Panja', '', 'devjitpanja48', '+91', '8768683848', 'https://files.expressme.in/uploads/1756018224638image.png', 'qjoSEEUuAuXaOAclTLtN7IUav', 0, 'eyJhbGciOiJIUzI1NiIsInR5cCI6IkpXVCJ9.eyJ1aWQiOiJhMjkxMWRmZS0xN2YwLTQwNGMtOThlMS0wZTY5Njc0OTc3ZTkiLCJpZCI6MTcxNDA0MCwiaWF0IjoxNzY0NzM0Nzg1LCJleHAiOjE3NjQ3MzUzODV9.kiTSyirZvtfbRwRiQCOSikAibKo2k3fTTWlXL0oKk9c', 'eyJhbGciOiJIUzI1NiIsInR5cCI6IkpXVCJ9.eyJ1aWQiOiJhMjkxMWRmZS0xN2YwLTQwNGMtOThlMS0wZTY5Njc0OTc3ZTkiLCJpZCI6MTcxNDA0MCwiaWF0IjoxNzY0NzM0Nzg1LCJleHAiOjE3NjczMjY3ODV9.HOCbwonLgJHhWLTWys9Zxsj5L2ng85se7Qyixq7Qhx4', '2025-08-24 06:49:51'),
(1714043, 'e5fafdfe-e026-4b0a-8618-d86d19c07ecb', 'Smack yt', '', 'smackyt43', '+91', '7602657243', 'https://static.delycia.com/icons/user.png', 'qjoSEEUuAuXaOAclTLtN7IUav', 0, 'eyJhbGciOiJIUzI1NiIsInR5cCI6IkpXVCJ9.eyJ1aWQiOiJlNWZhZmRmZS1lMDI2LTRiMGEtODYxOC1kODZkMTljMDdlY2IiLCJpZCI6MTcxNDA0MywiaWF0IjoxNzU3NjA1NTY3LCJleHAiOjE3NTc2MDYxNjd9.A0EPF9uu4LQQntjEOYMB8GLmL3sIM9FniFBc7xAS22I', 'eyJhbGciOiJIUzI1NiIsInR5cCI6IkpXVCJ9.eyJ1aWQiOiJlNWZhZmRmZS1lMDI2LTRiMGEtODYxOC1kODZkMTljMDdlY2IiLCJpZCI6MTcxNDA0MywiaWF0IjoxNzU3NjA1NTY3LCJleHAiOjE3NjAxOTc1Njd9.y7jO8AYcM50l8Ys2BDVdRQQ9SevKCdoKQsx6QTABbFo', '2025-09-09 17:11:46'),
(1714044, '898f8ae0-a9a9-4455-8d8d-383544e72943', 'Sohana paul', '', 'sohanapaul17', '+91', '9064935517', 'https://files.expressme.in/uploads/1757489860528image.png', 'qjoSEEUuAuXaOAclTLtN7IUav', 0, 'eyJhbGciOiJIUzI1NiIsInR5cCI6IkpXVCJ9.eyJ1aWQiOiI4OThmOGFlMC1hOWE5LTQ0NTUtOGQ4ZC0zODM1NDRlNzI5NDMiLCJpZCI6MTcxNDA0NCwiaWF0IjoxNzU3NDg4NDU3LCJleHAiOjE3NTc0ODkwNTd9.7tW5VN6tiOnclwFBw2GLcAPj7sFTmIbhUUgqxt28PVs', 'eyJhbGciOiJIUzI1NiIsInR5cCI6IkpXVCJ9.eyJ1aWQiOiI4OThmOGFlMC1hOWE5LTQ0NTUtOGQ4ZC0zODM1NDRlNzI5NDMiLCJpZCI6MTcxNDA0NCwiaWF0IjoxNzU3NDg4NDU3LCJleHAiOjE3NjAwODA0NTd9.57cHCpReENLZdYKZwT7vXWMvGa6VRDCfwNATBRFNms8', '2025-09-10 07:14:10'),
(1714045, '7fb32dbe-9dc3-4c25-b86c-dafebcb0b5ec', 'Aditi Sharma', '', 'aditisharma3946', '+91', '9876543210', 'https://static.delycia.com/icons/user.png', 'qjoSEEUuAuXaOAclTLtN7IUav', 0, NULL, NULL, '2025-09-11 12:59:06'),
(1714046, '75c42aef-7d93-4917-b204-e06307caa9e1', 'Karan Malhotra', '', 'karanmalhotra6891', '+91', '9876501234', 'https://static.delycia.com/icons/user.png', 'qjoSEEUuAuXaOAclTLtN7IUav', 0, NULL, NULL, '2025-09-11 13:03:25'),
(1714047, 'e1b92fbe-bec8-4baa-b229-f75b07c680af', 'Nikhil Saxena', '', 'nikhilsaxena8488', '+91', '9356127890', 'https://static.delycia.com/icons/user.png', 'qjoSEEUuAuXaOAclTLtN7IUav', 0, NULL, NULL, '2025-09-11 13:03:52'),
(1714048, 'c4461498-c130-47b1-ad7b-4dc911f40212', 'Manish Dubey', '', 'manishdubey3028', '+91', '9834567890', 'https://static.delycia.com/icons/user.png', 'qjoSEEUuAuXaOAclTLtN7IUav', 0, NULL, NULL, '2025-09-11 13:04:37'),
(1714049, '0fae91d3-45ab-4d84-8054-172295881864', 'Rohan Gupta', '', 'rohangupta6808', '+91', '9887654321', 'https://static.delycia.com/icons/user.png', 'qjoSEEUuAuXaOAclTLtN7IUav', 0, NULL, NULL, '2025-09-11 13:09:41'),
(1714050, '6b8d06c2-76f7-4b6b-94a4-41d25c434b6a', 'Riya Deshmukh', '', 'riyadeshmukh4996', '+91', '9912345678', 'https://static.delycia.com/icons/user.png', 'qjoSEEUuAuXaOAclTLtN7IUav', 0, NULL, NULL, '2025-09-11 13:10:29'),
(1714051, '95d1768e-9f96-44f9-98c4-2866bdb4a6d0', 'Sayan', '', 'sayan3441', '+91', '8554201554', 'https://static.delycia.com/icons/user.png', 'qjoSEEUuAuXaOAclTLtN7IUav', 0, NULL, NULL, '2025-09-11 13:24:14'),
(1714052, '31bebe5e-d7e4-4ef5-b8fd-a2ba668af625', 'Soham Mandal', '', 'sohammandal81', '+91', '8967908081', 'https://static.delycia.com/icons/user.png', 'qjoSEEUuAuXaOAclTLtN7IUav', 0, 'eyJhbGciOiJIUzI1NiIsInR5cCI6IkpXVCJ9.eyJ1aWQiOiIzMWJlYmU1ZS1kN2U0LTRlZjUtYjhmZC1hMmJhNjY4YWY2MjUiLCJpZCI6MTcxNDA1MiwiaWF0IjoxNzU3NjY1OTA0LCJleHAiOjE3NTc2NjY1MDR9.79ZMBxBf8qwB2zzAvHAPvgv-ivwys1_h9NsCPShT9i8', 'eyJhbGciOiJIUzI1NiIsInR5cCI6IkpXVCJ9.eyJ1aWQiOiIzMWJlYmU1ZS1kN2U0LTRlZjUtYjhmZC1hMmJhNjY4YWY2MjUiLCJpZCI6MTcxNDA1MiwiaWF0IjoxNzU3NjY1OTA0LCJleHAiOjE3NjAyNTc5MDR9.iWLiU8WPG0FK4mzdZD47Km_XQ6KxUvn7BWEcO64TcQM', '2025-09-12 08:31:44'),
(1714053, 'f763c543-35d4-4b1b-ae07-41f1f87b98b6', 'Sneha Khatun', '', 'snehakhatun54', '+91', '8972627654', 'https://static.delycia.com/icons/user.png', 'qjoSEEUuAuXaOAclTLtN7IUav', 0, 'eyJhbGciOiJIUzI1NiIsInR5cCI6IkpXVCJ9.eyJ1aWQiOiJmNzYzYzU0My0zNWQ0LTRiMWItYWUwNy00MWYxZjg3Yjk4YjYiLCJpZCI6MTcxNDA1MywiaWF0IjoxNzYyNDE3ODc2LCJleHAiOjE3NjI0MTg0NzZ9.wDE8HyoqFJdZ_hsmd5zINEhsQwo0lGdhQuVNpIA9O8I', 'eyJhbGciOiJIUzI1NiIsInR5cCI6IkpXVCJ9.eyJ1aWQiOiJmNzYzYzU0My0zNWQ0LTRiMWItYWUwNy00MWYxZjg3Yjk4YjYiLCJpZCI6MTcxNDA1MywiaWF0IjoxNzYyNDE3ODc2LCJleHAiOjE3NjUwMDk4NzZ9._9F2qJItcHmI8YDVwPwrJ2sDIjlTnurrhCD4w7aJfHI', '2025-11-06 08:31:04'),
(1714054, 'bf634b7f-9b26-44b2-8f2c-9b7cdb7d2c02', 'Mayank Raj', '', 'mayankraj73', '+91', '9334209473', 'https://static.delycia.com/icons/user.png', 'qjoSEEUuAuXaOAclTLtN7IUav', 0, 'eyJhbGciOiJIUzI1NiIsInR5cCI6IkpXVCJ9.eyJ1aWQiOiJiZjYzNGI3Zi05YjI2LTQ0YjItOGYyYy05YjdjZGI3ZDJjMDIiLCJpZCI6MTcxNDA1NCwiaWF0IjoxNzYyNDIzMDI0LCJleHAiOjE3NjI0MjM2MjR9.1LugVMkXCgNmu6cA29Qqka49O9W9e_JB1DMrUNac-VU', 'eyJhbGciOiJIUzI1NiIsInR5cCI6IkpXVCJ9.eyJ1aWQiOiJiZjYzNGI3Zi05YjI2LTQ0YjItOGYyYy05YjdjZGI3ZDJjMDIiLCJpZCI6MTcxNDA1NCwiaWF0IjoxNzYyNDIzMDI0LCJleHAiOjE3NjUwMTUwMjR9.LOlxlzO_8S3aQJNlN6oNxVkCfeLcA8xaNm67qAiGytU', '2025-11-06 09:56:55'),
(1714055, '5cdb0ba3-9da4-47c4-8626-72292e658a50', 'Saswata', '', 'saswata45', '+91', '7431844145', 'https://static.delycia.com/icons/user.png', 'qjoSEEUuAuXaOAclTLtN7IUav', 0, 'eyJhbGciOiJIUzI1NiIsInR5cCI6IkpXVCJ9.eyJ1aWQiOiI1Y2RiMGJhMy05ZGE0LTQ3YzQtODYyNi03MjI5MmU2NThhNTAiLCJpZCI6MTcxNDA1NSwiaWF0IjoxNzYzMzU3NTk0LCJleHAiOjE3NjMzNTgxOTR9.-M2XzDVErbw-4I_c0xchxT5fRnF_XDLGh2efpYt2dOk', 'eyJhbGciOiJIUzI1NiIsInR5cCI6IkpXVCJ9.eyJ1aWQiOiI1Y2RiMGJhMy05ZGE0LTQ3YzQtODYyNi03MjI5MmU2NThhNTAiLCJpZCI6MTcxNDA1NSwiaWF0IjoxNzYzMzU3NTk0LCJleHAiOjE3NjU5NDk1OTR9.A8lrDTITGZWaZxZ4-lnSWvpckbT_JgE5sSTMiJb3hEA', '2025-11-17 05:33:07'),
(1714056, 'f2fa7566-cb65-4a3b-8a2b-d890a1735d5c', 'Suniyo Ji', '', 'suniyoji7968', '+91', '9988007733', 'https://static.delycia.com/icons/user.png', 'qjoSEEUuAuXaOAclTLtN7IUav', 0, NULL, NULL, '2026-01-06 17:20:58'),
(1714057, '4a4801b3-8641-48e0-b4c4-2b56523d74d4', 'Shilpa Shey', '', 'shilpashey9059', '+91', '8909871234', 'https://static.delycia.com/icons/user.png', 'qjoSEEUuAuXaOAclTLtN7IUav', 0, NULL, NULL, '2026-01-06 17:28:36'),
(1714058, '45a84f54-d48e-4f00-9a85-d371ef6c7109', 'Sayan Das', '', 'sayandas9878', '+91', '8908971234', 'https://static.delycia.com/icons/user.png', 'qjoSEEUuAuXaOAclTLtN7IUav', 0, NULL, NULL, '2026-01-06 17:48:37'),
(1714059, '0986fc62-90ef-41dc-b4ea-75ff6d990584', 'debjeeeeeet', '', 'debjeeeeeet2517', '+91', '4565154122', 'https://static.delycia.com/icons/user.png', 'qjoSEEUuAuXaOAclTLtN7IUav', 0, NULL, NULL, '2026-01-09 03:24:33'),
(1714060, 'ce57a07b-0888-485d-b455-421737918d3b', 'Kivi', '', 'kivi1098', '+91', '5684231235', 'https://static.delycia.com/icons/user.png', 'qjoSEEUuAuXaOAclTLtN7IUav', 0, NULL, NULL, '2026-01-09 03:26:20'),
(1714061, '7224b757-369a-426c-8293-e5d4690cf306', 'debjeeeegg', '', 'debjeeeegg9810', '+91', '8995121311', 'https://static.delycia.com/icons/user.png', 'qjoSEEUuAuXaOAclTLtN7IUav', 0, NULL, NULL, '2026-01-09 06:07:11'),
(1714062, '9da757f6-9450-4e12-9c4c-7b752114163e', 'Testing customer', '', 'testingcustomer2719', '+91', '7893788474', 'https://static.delycia.com/icons/user.png', 'qjoSEEUuAuXaOAclTLtN7IUav', 0, NULL, NULL, '2026-01-09 06:56:22'),
(1714063, '7e7d1c4c-2aeb-4ddb-8628-f9c36f837dde', 'New customer', '', 'newcustomer1690', '+91', '5465789878', 'https://static.delycia.com/icons/user.png', 'qjoSEEUuAuXaOAclTLtN7IUav', 0, NULL, NULL, '2026-01-09 08:06:54'),
(1714064, 'b73e642c-60dc-4edc-aa57-fdf1f3f948ef', 'Delete Me', '', 'deleteme9565', '+91', '8945621254', 'https://static.delycia.com/icons/user.png', 'qjoSEEUuAuXaOAclTLtN7IUav', 0, NULL, NULL, '2026-01-10 07:06:02'),
(1714065, '69b49381-803f-4337-82d1-b6864b41eae9', 'Delete m2', '', 'deletem27320', '+91', '7895645216', 'https://static.delycia.com/icons/user.png', 'qjoSEEUuAuXaOAclTLtN7IUav', 0, NULL, NULL, '2026-01-10 07:07:21'),
(1714066, '0a6fe783-0e18-4ed8-9f53-1a1a3818b54d', 'New customer2', '', 'newcustomer27925', '+91', '5566456465', 'https://static.delycia.com/icons/user.png', 'qjoSEEUuAuXaOAclTLtN7IUav', 0, NULL, NULL, '2026-01-19 17:02:44'),
(1714098, '', '', '', NULL, '+91', NULL, 'https://static.delycia.com/icons/user.png', 'qjoSEEUuAuXaOAclTLtN7IUav', 0, NULL, NULL, '2026-01-30 11:02:04'),
(1714102, 'dd99ccc4-bd4e-429e-bc87-77e74a38dc43', 'Chef Jhon', '', 'delycia-chef-john', '+91', NULL, 'https://static.delycia.com/icons/user.png', 'randompass1234', 5, 'eyJhbGciOiJIUzI1NiIsInR5cCI6IkpXVCJ9.eyJ1aWQiOiJkZDk5Y2NjNC1iZDRlLTQyOWUtYmM4Ny03N2U3NGEzOGRjNDMiLCJpZCI6MTcxNDEwMiwicm9sZSI6NSwiaWF0IjoxNzcwNjM4NjQ4LCJleHAiOjE3NzA2MzkyNDh9.Ja2boQOjgcUpyDdN8vxrNwqARudq3ueBdggNh1KQzhg', 'eyJhbGciOiJIUzI1NiIsInR5cCI6IkpXVCJ9.eyJ1aWQiOiJkZDk5Y2NjNC1iZDRlLTQyOWUtYmM4Ny03N2U3NGEzOGRjNDMiLCJpZCI6MTcxNDEwMiwicm9sZSI6NSwiaWF0IjoxNzcwNjM4NjQ4LCJleHAiOjE3NzMyMzA2NDh9.Ggbb9VaMZDGuwj_3fQ-DQzs_vJ9N1oObLY7ZbuxsDrA', '2026-02-04 09:21:51'),
(1714103, '2041541e-109b-4f0c-8401-a4acff5bb35d', 'Sohan Pal', NULL, 'sohanpal1814', '+91', '8899003877', 'https://static.delycia.com/icons/user.png', 'qjoSEEUuAuXaOAclTLtN7IUav', 0, NULL, NULL, '2026-02-08 06:18:51'),
(1714104, '3989524f-5e94-4dc6-b974-c92186cec31c', 'Shilpa Ismail', NULL, 'shilpaismail5398', '+91', '8909888990', 'https://static.delycia.com/icons/user.png', 'qjoSEEUuAuXaOAclTLtN7IUav', 0, NULL, NULL, '2026-02-08 06:25:05'),
(1714105, '2b5edf06-611e-45aa-9417-6286f694ec12', 'Devjeeeeet', NULL, 'devjeeeeet2674', '+91', '6295123456', 'https://static.delycia.com/icons/user.png', 'qjoSEEUuAuXaOAclTLtN7IUav', 0, NULL, NULL, '2026-02-09 03:15:40'),
(1714110, 'a4333da2-d09a-473f-9f8d-f62ab26f3d94', 'Testing user 12', NULL, NULL, '+91', '7865154122', 'https://static.delycia.com/icons/user.png', 'qjoSEEUuAuXaOAclTLtN7IUav', 0, 'eyJhbGciOiJIUzI1NiIsInR5cCI6IkpXVCJ9.eyJ1aWQiOiJhNDMzM2RhMi1kMDlhLTQ3M2YtOWY4ZC1mNjJhYjI2ZjNkOTQiLCJpZCI6MTcxNDExMCwiaWF0IjoxNzcwNzk3NTc1LCJleHAiOjE3NzA3OTgxNzV9.ukNM4-7fcwrzD0zEQFFtG5jWYLJMyog6f_pxu_6ZPeU', 'eyJhbGciOiJIUzI1NiIsInR5cCI6IkpXVCJ9.eyJ1aWQiOiJhNDMzM2RhMi1kMDlhLTQ3M2YtOWY4ZC1mNjJhYjI2ZjNkOTQiLCJpZCI6MTcxNDExMCwiaWF0IjoxNzcwNzk3NTc1LCJleHAiOjE3NzMzODk1NzV9.6sezsw_qQSJHMXmfSwx1aKjqdrnO2ERp8F2Jdh2pcKc', '2026-02-11 08:11:24'),
(1714111, '5e87ed99-c577-4bed-b44f-1ee050fdf81b', 'Testing user 2', NULL, NULL, '+91', '9999999999', 'https://static.delycia.com/icons/user.png', 'qjoSEEUuAuXaOAclTLtN7IUav', 0, 'eyJhbGciOiJIUzI1NiIsInR5cCI6IkpXVCJ9.eyJ1aWQiOiI1ZTg3ZWQ5OS1jNTc3LTRiZWQtYjQ0Zi0xZWUwNTBmZGY4MWIiLCJpZCI6MTcxNDExMSwiaWF0IjoxNzcwNzk3ODQ5LCJleHAiOjE3NzA3OTg0NDl9.l4Ql1ffIosKDSKx_Kcn_2LQw1gzW0oj3XY6NjYwovHc', 'eyJhbGciOiJIUzI1NiIsInR5cCI6IkpXVCJ9.eyJ1aWQiOiI1ZTg3ZWQ5OS1jNTc3LTRiZWQtYjQ0Zi0xZWUwNTBmZGY4MWIiLCJpZCI6MTcxNDExMSwiaWF0IjoxNzcwNzk3ODQ5LCJleHAiOjE3NzMzODk4NDl9.vCObEaW_l--yWRN_IGO7EB6g0QUe7RtEksv2ksZOkiI', '2026-02-11 08:17:29'),
(1714113, 'ef0f0a87-1f66-4e1e-ab93-9be8b22d1c91', 'Saaaaaaaaa', NULL, 'saaaaaaaaa213', '+91', '9199999999', 'https://static.delycia.com/icons/user.png', 'qjoSEEUuAuXaOAclTLtN7IUav', 0, 'eyJhbGciOiJIUzI1NiIsInR5cCI6IkpXVCJ9.eyJ1aWQiOiJlZjBmMGE4Ny0xZjY2LTRlMWUtYWI5My05YmU4YjIyZDFjOTEiLCJpZCI6MTcxNDExMywiaWF0IjoxNzcwODA4NjkwLCJleHAiOjE3NzA4MDkyOTB9.4u1avsWDF_vUMucKUk3laKI2x8Jvev_H1xQjCqEg7iU', 'eyJhbGciOiJIUzI1NiIsInR5cCI6IkpXVCJ9.eyJ1aWQiOiJlZjBmMGE4Ny0xZjY2LTRlMWUtYWI5My05YmU4YjIyZDFjOTEiLCJpZCI6MTcxNDExMywiaWF0IjoxNzcwODA4NjkwLCJleHAiOjE3NzM0MDA2OTB9.YYhrEuFwAcsmvdR_bYxjoSEHbGFkM1aGdWbDry0W3LE', '2026-02-11 10:16:32'),
(1714116, '523f5b4d-6ad7-4d4a-84c6-a4bc04e9a01e', NULL, NULL, NULL, '+91', '9083928884', 'https://static.delycia.com/icons/user.png', 'qjoSEEUuAuXaOAclTLtN7IUav', 0, 'eyJhbGciOiJIUzI1NiIsInR5cCI6IkpXVCJ9.eyJ1aWQiOiI1MjNmNWI0ZC02YWQ3LTRkNGEtODRjNi1hNGJjMDRlOWEwMWUiLCJpZCI6MTcxNDExNiwiaWF0IjoxNzcxMDA2MjU1LCJleHAiOjE3NzEwMDY4NTV9.ZBBGl62l0n3m2l0yaAUH0UDntQo3-pOVl0DJQ-FJ21g', 'eyJhbGciOiJIUzI1NiIsInR5cCI6IkpXVCJ9.eyJ1aWQiOiI1MjNmNWI0ZC02YWQ3LTRkNGEtODRjNi1hNGJjMDRlOWEwMWUiLCJpZCI6MTcxNDExNiwiaWF0IjoxNzcxMDA2MjU1LCJleHAiOjE3NzM1OTgyNTV9.skeFgCxyqeH0dj0wTr007PhnzSW-kK_djoGV7pILhSU', '2026-02-13 18:10:55'),
(1714117, '81a46fe5-d666-4a5c-8ac1-b5af4e0b0734', 'Sukanya Mukhate', NULL, 'sukanyamukhate3776', '+91', '9008339229', 'https://static.delycia.com/icons/user.png', 'qjoSEEUuAuXaOAclTLtN7IUav', 0, NULL, NULL, '2026-02-15 04:20:22'),
(1714118, '372f659b-e805-4a98-94ca-f952d3a90d54', 'Super Administrator', 'superadmin@delycia.com', 'superadmin', '+91', NULL, 'https://static.delycia.com/icons/user.png', 'SuperAdmin@2024', 1000, 'eyJhbGciOiJIUzI1NiIsInR5cCI6IkpXVCJ9.eyJ1aWQiOiIzNzJmNjU5Yi1lODA1LTRhOTgtOTRjYS1mOTUyZDNhOTBkNTQiLCJpZCI6MTcxNDExOCwicm9sZSI6MTAwMCwiaWF0IjoxNzcxMTcxMjAxLCJleHAiOjE3NzExNzE4MDF9.qX6UHhrHmr4PrNekcCR4mGsx6g7GgKh1bO7g6BeYHRg', 'eyJhbGciOiJIUzI1NiIsInR5cCI6IkpXVCJ9.eyJ1aWQiOiIzNzJmNjU5Yi1lODA1LTRhOTgtOTRjYS1mOTUyZDNhOTBkNTQiLCJpZCI6MTcxNDExOCwicm9sZSI6MTAwMCwiaWF0IjoxNzcxMTcxMjAxLCJleHAiOjE3NzM3NjMyMDF9.xZivUJ_hKmQzUykeURixDMUTsOtOavbNpEYEZ_iDG5g', '2026-02-15 11:18:36'),
(1714120, '496dd797-f724-4443-8349-a51523513176', 'Guest', NULL, 'guest96666105', '+91', '10000000000', 'https://static.delycia.com/icons/user.png', 'qjoSEEUuAuXaOAclTLtN7IUav', 0, NULL, NULL, '2026-02-19 10:55:57'),
(1714124, '7829d8be-45a6-42be-bc53-dfa3737ccc98', 'Guest', NULL, 'guest32115646', '+91', '10000000001', 'https://static.delycia.com/icons/user.png', 'qjoSEEUuAuXaOAclTLtN7IUav', 0, NULL, NULL, '2026-02-19 11:14:23'),
(1714125, '49d8f7cd-e216-4a3c-9a6c-8bcdb43d687b', 'Guest', NULL, 'guest78601498', '+91', '10000000002', 'https://static.delycia.com/icons/user.png', 'qjoSEEUuAuXaOAclTLtN7IUav', 0, NULL, NULL, '2026-02-19 11:14:32'),
(1714126, '20102ff3-a6d5-4989-a6d7-71709eb2e581', 'Guest', NULL, 'guest74361925', '+91', '10000000003', 'https://static.delycia.com/icons/user.png', 'qjoSEEUuAuXaOAclTLtN7IUav', 0, NULL, NULL, '2026-02-19 11:17:32'),
(1714127, '5c4543e6-5907-4b39-9901-50817ebf447b', 'Guest', NULL, 'guest28396855', '+91', '10000000004', 'https://static.delycia.com/icons/user.png', 'qjoSEEUuAuXaOAclTLtN7IUav', 0, NULL, NULL, '2026-02-19 11:21:14'),
(1714128, '4bd2b89f-19d8-4d26-8ede-d7a3c9b8128b', 'Guest', NULL, 'guest37528807', '+91', '10000000005', 'https://static.delycia.com/icons/user.png', 'qjoSEEUuAuXaOAclTLtN7IUav', 0, NULL, NULL, '2026-02-19 11:22:20'),
(1714129, '85c7323b-764a-41b8-af96-aecfd464dd2b', 'Guest', NULL, 'guest13310315', '+91', '10000000006', 'https://static.delycia.com/icons/user.png', 'qjoSEEUuAuXaOAclTLtN7IUav', 0, NULL, NULL, '2026-02-19 11:24:02'),
(1714130, '872ffd4c-7d6d-4229-989a-e619d564d8e7', 'Guest', NULL, 'guest68577019', '+91', '10000000007', 'https://static.delycia.com/icons/user.png', 'qjoSEEUuAuXaOAclTLtN7IUav', 0, NULL, NULL, '2026-02-19 11:24:10'),
(1714131, '8f5b6399-8d2f-4a39-b1b5-ef7b28f1b609', 'Guest', NULL, 'guest78692750', '+91', '10000000008', 'https://static.delycia.com/icons/user.png', 'qjoSEEUuAuXaOAclTLtN7IUav', 0, NULL, NULL, '2026-02-19 11:25:24'),
(1714132, '9772dbef-9159-488b-83cb-55f94bd479bf', 'Guest', NULL, 'guest14582826', '+91', '10000000009', 'https://static.delycia.com/icons/user.png', 'qjoSEEUuAuXaOAclTLtN7IUav', 0, NULL, NULL, '2026-02-19 11:25:35'),
(1714133, '9dcb8b84-cc0f-4a4e-855f-5538220dfe51', 'Guest', NULL, 'guest18523811', '+91', '10000000010', 'https://static.delycia.com/icons/user.png', 'qjoSEEUuAuXaOAclTLtN7IUav', 0, NULL, NULL, '2026-02-19 11:26:08'),
(1714134, '1cd32d0c-386c-4f34-81ed-ffc3362c907d', 'Guest', NULL, 'guest17538697', '+91', '10000000011', 'https://static.delycia.com/icons/user.png', 'qjoSEEUuAuXaOAclTLtN7IUav', 0, NULL, NULL, '2026-02-20 06:27:47');

-- --------------------------------------------------------

--
-- Table structure for table `user_restaurant_visits`
--

CREATE TABLE `user_restaurant_visits` (
  `id` int(11) NOT NULL,
  `user_id` int(11) NOT NULL,
  `restaurant_id` int(11) NOT NULL,
  `visit_count` int(11) NOT NULL DEFAULT 0,
  `first_visit_at` datetime DEFAULT NULL,
  `last_visit_at` datetime DEFAULT NULL
) ENGINE=InnoDB DEFAULT CHARSET=utf8mb4 COLLATE=utf8mb4_unicode_ci;

--
-- Dumping data for table `user_restaurant_visits`
--

INSERT INTO `user_restaurant_visits` (`id`, `user_id`, `restaurant_id`, `visit_count`, `first_visit_at`, `last_visit_at`) VALUES
(1, 1714037, 7, 31, '2025-09-11 13:32:19', '2026-02-21 05:42:36'),
(2, 1714037, 11, 7, '2025-09-15 02:43:09', '2026-02-10 18:38:41'),
(3, 1714040, 7, 11, '2025-09-11 14:07:56', '2026-02-09 12:05:33'),
(4, 1714043, 7, 1, '2025-09-11 15:46:36', '2025-09-11 15:46:36'),
(5, 1714044, 7, 15, '2026-01-09 08:01:15', '2026-02-17 05:29:33'),
(6, 1714045, 7, 2, '2025-09-09 12:59:06', '2025-09-10 12:59:06'),
(7, 1714046, 7, 2, '2025-09-10 13:03:27', '2025-09-11 13:03:27'),
(8, 1714047, 7, 3, '2025-09-10 13:03:52', '2026-01-09 08:15:26'),
(9, 1714048, 7, 2, '2025-09-11 13:04:37', '2026-01-19 17:04:38'),
(10, 1714049, 7, 5, '2025-09-10 13:09:41', '2026-02-14 17:40:58'),
(11, 1714050, 7, 17, '2025-09-11 13:10:29', '2026-02-15 04:10:35'),
(12, 1714051, 7, 15, '2025-09-11 13:24:14', '2026-02-19 07:00:25'),
(13, 1714052, 7, 5, '2025-09-12 08:33:32', '2026-02-10 18:13:00'),
(14, 1714053, 7, 3, '2025-11-06 08:32:03', '2026-02-10 05:00:08'),
(15, 1714055, 7, 13, '2026-01-09 07:29:12', '2026-02-19 08:02:53'),
(16, 1714056, 7, 2, '2026-01-06 17:20:58', '2026-01-23 18:40:13'),
(17, 1714057, 7, 12, '2026-01-06 17:28:36', '2026-02-18 08:40:07'),
(18, 1714058, 7, 6, '2026-01-06 17:48:38', '2026-02-10 18:16:55'),
(19, 1714059, 7, 3, '2026-01-19 04:49:36', '2026-02-13 11:34:13'),
(20, 1714061, 7, 1, '2026-01-09 06:07:11', '2026-01-09 06:07:11'),
(21, 1714062, 7, 1, '2026-01-09 06:56:22', '2026-01-09 06:56:22'),
(22, 1714063, 7, 3, '2026-01-09 08:06:54', '2026-02-03 11:05:26'),
(23, 1714064, 7, 3, '2026-01-10 07:06:02', '2026-01-24 04:30:45'),
(24, 1714065, 7, 1, '2026-01-10 07:07:21', '2026-01-10 07:07:21'),
(35, 1714066, 7, 1, '2026-01-19 17:02:44', '2026-01-19 17:02:44'),
(225, 1714103, 11, 2, '2026-02-08 06:18:51', '2026-02-19 07:43:31'),
(229, 1714104, 11, 1, '2026-02-08 06:25:05', '2026-02-08 15:51:45'),
(285, 1714105, 11, 1, '2026-02-09 03:15:40', '2026-02-09 10:07:09'),
(334, 1714113, 7, 2, '2026-02-11 10:30:41', '2026-02-19 11:23:11'),
(373, 1714117, 7, 1, '2026-02-15 04:20:23', '2026-02-15 04:20:23'),
(417, 1714133, 7, 1, '2026-02-19 11:26:09', '2026-02-19 11:26:09'),
(418, 1714134, 7, 1, '2026-02-20 06:27:47', '2026-02-20 06:27:47');

-- --------------------------------------------------------

--
-- Table structure for table `user_sessions`
--

CREATE TABLE `user_sessions` (
  `id` int(11) NOT NULL,
  `user_id` int(11) NOT NULL,
  `refresh_token` varchar(500) NOT NULL,
  `device_info` varchar(255) DEFAULT NULL,
  `ip_address` varchar(45) DEFAULT NULL,
  `user_agent` text DEFAULT NULL,
  `created_at` timestamp NULL DEFAULT current_timestamp(),
  `last_used_at` timestamp NULL DEFAULT current_timestamp() ON UPDATE current_timestamp(),
  `expires_at` timestamp NOT NULL
) ENGINE=InnoDB DEFAULT CHARSET=utf8mb4 COLLATE=utf8mb4_unicode_ci;

--
-- Dumping data for table `user_sessions`
--

INSERT INTO `user_sessions` (`id`, `user_id`, `refresh_token`, `device_info`, `ip_address`, `user_agent`, `created_at`, `last_used_at`, `expires_at`) VALUES
(1, 1714000, 'eyJhbGciOiJIUzI1NiIsInR5cCI6IkpXVCJ9.eyJ1aWQiOiJTRFNEYXNkc2Fkc2EiLCJpZCI6MTcxNDAwMCwicm9sZSI6MSwiaWF0IjoxNzcxMzUxMTMwLCJleHAiOjE3NzM5NDMxMzB9.NDNbhzCytddkTnyW2NafZs2_kHmj0SCKaH9UE5CKyuc', 'axios/1.13.2', '::1', 'axios/1.13.2', '2026-02-17 17:58:50', '2026-02-17 17:58:50', '2026-03-19 23:28:50'),
(2, 1714000, 'eyJhbGciOiJIUzI1NiIsInR5cCI6IkpXVCJ9.eyJ1aWQiOiJTRFNEYXNkc2Fkc2EiLCJpZCI6MTcxNDAwMCwicm9sZSI6MSwiaWF0IjoxNzcxMzUxMTY0LCJleHAiOjE3NzM5NDMxNjR9.sLDZhpj21WjYzCwWRPJOxUXDiYC10JLFG2r8Xne9-6s', 'axios/1.13.2', '::1', 'axios/1.13.2', '2026-02-17 17:59:25', '2026-02-17 17:59:25', '2026-03-19 23:29:25'),
(3, 1714000, 'eyJhbGciOiJIUzI1NiIsInR5cCI6IkpXVCJ9.eyJ1aWQiOiJTRFNEYXNkc2Fkc2EiLCJpZCI6MTcxNDAwMCwicm9sZSI6MSwiaWF0IjoxNzcxMzUxMjg0LCJleHAiOjE3NzM5NDMyODR9.cZPWAKjrckAnDZpZY2QNRr2zARv-DHDoqAgCtOtB6uY', 'axios/1.13.2', '::1', 'axios/1.13.2', '2026-02-17 18:01:24', '2026-02-17 18:27:02', '2026-03-19 23:31:24'),
(4, 1714000, 'eyJhbGciOiJIUzI1NiIsInR5cCI6IkpXVCJ9.eyJ1aWQiOiJTRFNEYXNkc2Fkc2EiLCJpZCI6MTcxNDAwMCwicm9sZSI6MSwiaWF0IjoxNzcxMzUxMjkxLCJleHAiOjE3NzM5NDMyOTF9.rF5dcHBX7YqODj0jeBcwKDfBqYm95vi61NnUCEXKNEo', 'axios/1.13.2', '::1', 'axios/1.13.2', '2026-02-17 18:01:31', '2026-02-17 18:01:31', '2026-03-19 23:31:31'),
(5, 1714000, 'eyJhbGciOiJIUzI1NiIsInR5cCI6IkpXVCJ9.eyJ1aWQiOiJTRFNEYXNkc2Fkc2EiLCJpZCI6MTcxNDAwMCwicm9sZSI6MSwiaWF0IjoxNzcxMzUxNjk1LCJleHAiOjE3NzM5NDM2OTV9.ZRGlSU_btvHHrg2XMSHc-IP7xASCQ7sMINRT_am0lj4', 'axios/1.13.2', '::1', 'axios/1.13.2', '2026-02-17 18:08:15', '2026-02-17 18:23:48', '2026-03-19 23:38:15'),
(6, 1714000, 'eyJhbGciOiJIUzI1NiIsInR5cCI6IkpXVCJ9.eyJ1aWQiOiJTRFNEYXNkc2Fkc2EiLCJpZCI6MTcxNDAwMCwicm9sZSI6MSwiaWF0IjoxNzcxMzUzMjgxLCJleHAiOjE3NzM5NDUyODF9.3a956IMAVhHsY_6vMAXvzPUouFAzmnCJi_5QR8uapHs', 'axios/1.13.2', '::1', 'axios/1.13.2', '2026-02-17 18:34:41', '2026-02-17 18:55:10', '2026-03-20 00:04:41'),
(7, 1714000, 'eyJhbGciOiJIUzI1NiIsInR5cCI6IkpXVCJ9.eyJ1aWQiOiJTRFNEYXNkc2Fkc2EiLCJpZCI6MTcxNDAwMCwicm9sZSI6MSwiaWF0IjoxNzcxMzUzMzE0LCJleHAiOjE3NzM5NDUzMTR9.AysLwKoNH9Pl3a-XTnFoM7rFNmnR7FkPju2JE_N3JpE', 'axios/1.13.2', '::1', 'axios/1.13.2', '2026-02-17 18:35:14', '2026-02-17 18:55:16', '2026-03-20 00:05:14'),
(8, 1714000, 'eyJhbGciOiJIUzI1NiIsInR5cCI6IkpXVCJ9.eyJ1aWQiOiJTRFNEYXNkc2Fkc2EiLCJpZCI6MTcxNDAwMCwicm9sZSI6MSwiaWF0IjoxNzcxMzU1NDE3LCJleHAiOjE3NzM5NDc0MTd9.l2TT6rb-mr1Cnh5cGbA3xrUKgDHhnQkgQOxoWGwU0XU', 'axios/1.13.2', '::1', 'axios/1.13.2', '2026-02-17 19:10:18', '2026-02-17 19:10:18', '2026-03-20 00:40:18'),
(9, 1714000, 'eyJhbGciOiJIUzI1NiIsInR5cCI6IkpXVCJ9.eyJ1aWQiOiJTRFNEYXNkc2Fkc2EiLCJpZCI6MTcxNDAwMCwicm9sZSI6MSwiaWF0IjoxNzcxMzU1NDMyLCJleHAiOjE3NzM5NDc0MzJ9.NhAMX39tsK8D6LlIoEVbst8TT8IXhkORxt5KmSfbNRw', 'axios/1.13.2', '::1', 'axios/1.13.2', '2026-02-17 19:10:32', '2026-02-17 19:10:32', '2026-03-20 00:40:32'),
(10, 1714000, 'eyJhbGciOiJIUzI1NiIsInR5cCI6IkpXVCJ9.eyJ1aWQiOiJTRFNEYXNkc2Fkc2EiLCJpZCI6MTcxNDAwMCwicm9sZSI6MSwiaWF0IjoxNzcxMzU1NTE0LCJleHAiOjE3NzM5NDc1MTR9._pm7MGxYByV3ZOa5R6rdL7kLCNQp_ua3RYzxf5WCavM', 'axios/1.13.2', '::1', 'axios/1.13.2', '2026-02-17 19:11:54', '2026-02-18 08:26:26', '2026-03-20 00:41:54'),
(11, 1714000, 'eyJhbGciOiJIUzI1NiIsInR5cCI6IkpXVCJ9.eyJ1aWQiOiJTRFNEYXNkc2Fkc2EiLCJpZCI6MTcxNDAwMCwicm9sZSI6MSwiaWF0IjoxNzcxMzg0NDkwLCJleHAiOjE3NzM5NzY0OTB9.imISc4EJ-ui4KeIDjuJx4Q7DAT-Ai1VY3yJzWM1hMic', 'axios/1.13.2', '::1', 'axios/1.13.2', '2026-02-18 03:14:50', '2026-02-18 03:14:50', '2026-03-20 08:44:50'),
(12, 1714000, 'eyJhbGciOiJIUzI1NiIsInR5cCI6IkpXVCJ9.eyJ1aWQiOiJTRFNEYXNkc2Fkc2EiLCJpZCI6MTcxNDAwMCwicm9sZSI6MSwiaWF0IjoxNzcxMzg0NDk3LCJleHAiOjE3NzM5NzY0OTd9.BQHgL-2lZgkMAOQNy15oWrNiC9rOc1523KXeGEC3-lw', 'axios/1.13.2', '::1', 'axios/1.13.2', '2026-02-18 03:14:57', '2026-02-18 03:14:57', '2026-03-20 08:44:57'),
(13, 1714000, 'eyJhbGciOiJIUzI1NiIsInR5cCI6IkpXVCJ9.eyJ1aWQiOiJTRFNEYXNkc2Fkc2EiLCJpZCI6MTcxNDAwMCwicm9sZSI6MSwiaWF0IjoxNzcxMzg2NDY0LCJleHAiOjE3NzM5Nzg0NjR9.22BbKhHI89-Ks_YArFiyTgssHSe_1cshmfC38FP5kn4', 'axios/1.13.2', '::1', 'axios/1.13.2', '2026-02-18 03:47:44', '2026-02-18 03:47:44', '2026-03-20 09:17:44'),
(14, 1714000, 'eyJhbGciOiJIUzI1NiIsInR5cCI6IkpXVCJ9.eyJ1aWQiOiJTRFNEYXNkc2Fkc2EiLCJpZCI6MTcxNDAwMCwicm9sZSI6MSwiaWF0IjoxNzcxMzg2OTY5LCJleHAiOjE3NzM5Nzg5Njl9.EeiOhaIpGzZvF79GDE5LhSe8UOvSBPOjYcUI3tFyHyY', 'axios/1.13.2', '::1', 'axios/1.13.2', '2026-02-18 03:56:10', '2026-02-18 03:56:10', '2026-03-20 09:26:10'),
(15, 1714000, 'eyJhbGciOiJIUzI1NiIsInR5cCI6IkpXVCJ9.eyJ1aWQiOiJTRFNEYXNkc2Fkc2EiLCJpZCI6MTcxNDAwMCwicm9sZSI6MSwiaWF0IjoxNzcxMzg2OTk5LCJleHAiOjE3NzM5Nzg5OTl9.9hvHvNFa5_0SRcyU5L5LB7guv3EyA-H53RRIBO3zEB0', 'axios/1.13.2', '::1', 'axios/1.13.2', '2026-02-18 03:56:39', '2026-02-18 03:56:39', '2026-03-20 09:26:39'),
(16, 1714000, 'eyJhbGciOiJIUzI1NiIsInR5cCI6IkpXVCJ9.eyJ1aWQiOiJTRFNEYXNkc2Fkc2EiLCJpZCI6MTcxNDAwMCwicm9sZSI6MSwiaWF0IjoxNzcxMzg4Mzk4LCJleHAiOjE3NzM5ODAzOTh9.YbPWt-aTKme8PU2ECsFJw8BxXZYcoNNAcK_QTEGvYOA', 'axios/1.13.2', '::1', 'axios/1.13.2', '2026-02-18 04:19:58', '2026-02-18 04:35:49', '2026-03-20 09:49:58'),
(17, 1714000, 'eyJhbGciOiJIUzI1NiIsInR5cCI6IkpXVCJ9.eyJ1aWQiOiJTRFNEYXNkc2Fkc2EiLCJpZCI6MTcxNDAwMCwicm9sZSI6MSwiaWF0IjoxNzcxMzg4NDA4LCJleHAiOjE3NzM5ODA0MDh9.OCpzxtRrROYoRKKBIYEYL7bsa3BHBcRFcKiw5SLhlKk', 'axios/1.13.2', '::1', 'axios/1.13.2', '2026-02-18 04:20:08', '2026-02-18 04:35:10', '2026-03-20 09:50:08'),
(18, 1714000, 'eyJhbGciOiJIUzI1NiIsInR5cCI6IkpXVCJ9.eyJ1aWQiOiJTRFNEYXNkc2Fkc2EiLCJpZCI6MTcxNDAwMCwicm9sZSI6MSwiaWF0IjoxNzcxMzg4OTQ2LCJleHAiOjE3NzM5ODA5NDZ9.NwkfNFs-e9wV6mKpHXJrKuE5OaSRuIVFLMU7qqdmHho', 'axios/1.13.2', '::1', 'axios/1.13.2', '2026-02-18 04:29:06', '2026-02-18 04:29:06', '2026-03-20 09:59:06'),
(19, 1714000, 'eyJhbGciOiJIUzI1NiIsInR5cCI6IkpXVCJ9.eyJ1aWQiOiJTRFNEYXNkc2Fkc2EiLCJpZCI6MTcxNDAwMCwicm9sZSI6MSwiaWF0IjoxNzcxMzg5NDExLCJleHAiOjE3NzM5ODE0MTF9.MoTA2FIhU0oNucC5Ymr3ZTGOdARSOSOoWWPenSh8pyw', 'axios/1.13.2', '::1', 'axios/1.13.2', '2026-02-18 04:36:51', '2026-02-18 04:53:29', '2026-03-20 10:06:51'),
(20, 1714000, 'eyJhbGciOiJIUzI1NiIsInR5cCI6IkpXVCJ9.eyJ1aWQiOiJTRFNEYXNkc2Fkc2EiLCJpZCI6MTcxNDAwMCwicm9sZSI6MSwiaWF0IjoxNzcxMzg5NDIwLCJleHAiOjE3NzM5ODE0MjB9.5PJHIcw0-v2RrXD3tOuBTYfKmlBD_jpicgSV84-5iFg', 'axios/1.13.2', '::1', 'axios/1.13.2', '2026-02-18 04:37:00', '2026-02-18 05:00:01', '2026-03-20 10:07:00'),
(21, 1714000, 'eyJhbGciOiJIUzI1NiIsInR5cCI6IkpXVCJ9.eyJ1aWQiOiJTRFNEYXNkc2Fkc2EiLCJpZCI6MTcxNDAwMCwicm9sZSI6MSwiaWF0IjoxNzcxMzg5NDIzLCJleHAiOjE3NzM5ODE0MjN9.H9azwu9hY2WwFY9O6kCotkaTOnCDEBXiZ8roEViB6r8', 'axios/1.13.2', '::1', 'axios/1.13.2', '2026-02-18 04:37:03', '2026-02-18 04:54:48', '2026-03-20 10:07:03'),
(22, 1714000, 'eyJhbGciOiJIUzI1NiIsInR5cCI6IkpXVCJ9.eyJ1aWQiOiJTRFNEYXNkc2Fkc2EiLCJpZCI6MTcxNDAwMCwicm9sZSI6MSwiaWF0IjoxNzcxMzkxMjI2LCJleHAiOjE3NzM5ODMyMjZ9.3THryiqBQGN_6Eze072ZwIxT7Q_dX-iXsFTq2E5ul3o', 'axios/1.13.2', '::1', 'axios/1.13.2', '2026-02-18 05:07:06', '2026-02-18 05:07:06', '2026-03-20 10:37:06'),
(23, 1714000, 'eyJhbGciOiJIUzI1NiIsInR5cCI6IkpXVCJ9.eyJ1aWQiOiJTRFNEYXNkc2Fkc2EiLCJpZCI6MTcxNDAwMCwicm9sZSI6MSwiaWF0IjoxNzcxMzkxMjMyLCJleHAiOjE3NzM5ODMyMzJ9.Jp6GMzG5XVqTXsdCGIvtYfwzSisy2BDcE_28cm0gB2c', 'axios/1.13.2', '::1', 'axios/1.13.2', '2026-02-18 05:07:12', '2026-02-18 05:07:12', '2026-03-20 10:37:12'),
(24, 1714000, 'eyJhbGciOiJIUzI1NiIsInR5cCI6IkpXVCJ9.eyJ1aWQiOiJTRFNEYXNkc2Fkc2EiLCJpZCI6MTcxNDAwMCwicm9sZSI6MSwiaWF0IjoxNzcxMzkxMzU4LCJleHAiOjE3NzM5ODMzNTh9.y7ge3cuhrgqHI40xgbHwe4z_reckFnkCJA9wVH7Fq54', 'axios/1.13.2', '::1', 'axios/1.13.2', '2026-02-18 05:09:19', '2026-02-18 05:47:55', '2026-03-20 10:39:19'),
(25, 1714000, 'eyJhbGciOiJIUzI1NiIsInR5cCI6IkpXVCJ9.eyJ1aWQiOiJTRFNEYXNkc2Fkc2EiLCJpZCI6MTcxNDAwMCwicm9sZSI6MSwiaWF0IjoxNzcxMzkxMzY2LCJleHAiOjE3NzM5ODMzNjZ9.xc5kKOAs3iKNNrOUven3WVDyzngceebjaRPC4YjIkjw', 'axios/1.13.2', '::1', 'axios/1.13.2', '2026-02-18 05:09:26', '2026-02-18 07:29:49', '2026-03-20 10:39:26'),
(26, 1714000, 'eyJhbGciOiJIUzI1NiIsInR5cCI6IkpXVCJ9.eyJ1aWQiOiJTRFNEYXNkc2Fkc2EiLCJpZCI6MTcxNDAwMCwicm9sZSI6MSwiaWF0IjoxNzcxMzkzODg4LCJleHAiOjE3NzM5ODU4ODh9.xvXP5DvfMPgOJYurWOZLX8atnaXih7jx_uofI4ZKKLQ', 'axios/1.13.2', '::1', 'axios/1.13.2', '2026-02-18 05:51:28', '2026-02-18 06:20:48', '2026-03-20 11:21:28'),
(27, 1714000, 'eyJhbGciOiJIUzI1NiIsInR5cCI6IkpXVCJ9.eyJ1aWQiOiJTRFNEYXNkc2Fkc2EiLCJpZCI6MTcxNDAwMCwicm9sZSI6MSwiaWF0IjoxNzcxNDAyNTY0LCJleHAiOjE3NzM5OTQ1NjR9.wBlfP0dYESupFwc6Gnlcb6jHXIOQKw6w1qy9TH3l4zA', 'axios/1.13.2', '::1', 'axios/1.13.2', '2026-02-18 08:16:04', '2026-02-18 08:16:04', '2026-03-20 13:46:04'),
(28, 1714000, 'eyJhbGciOiJIUzI1NiIsInR5cCI6IkpXVCJ9.eyJ1aWQiOiJTRFNEYXNkc2Fkc2EiLCJpZCI6MTcxNDAwMCwicm9sZSI6MSwiaWF0IjoxNzcxNDAzMTkwLCJleHAiOjE3NzM5OTUxOTB9.zm42m90DbBHbchrIm04d5VVoxXocYKSMBHIaC6VBgh4', 'axios/1.13.2', '::1', 'axios/1.13.2', '2026-02-18 08:26:30', '2026-02-19 06:03:52', '2026-03-20 13:56:30'),
(29, 1714000, 'eyJhbGciOiJIUzI1NiIsInR5cCI6IkpXVCJ9.eyJ1aWQiOiJTRFNEYXNkc2Fkc2EiLCJpZCI6MTcxNDAwMCwicm9sZSI6MSwiaWF0IjoxNzcxNDA3MzA1LCJleHAiOjE3NzM5OTkzMDV9.kDABJkYgf8fICN2hStw5x2vr8S2fnY25d-oz4v3Xqks', 'axios/1.13.2', '::1', 'axios/1.13.2', '2026-02-18 09:35:05', '2026-02-18 11:45:25', '2026-03-20 15:05:05'),
(30, 1714037, 'eyJhbGciOiJIUzI1NiIsInR5cCI6IkpXVCJ9.eyJ1aWQiOiI3NzMyMmEyNS0zNjJkLTRlYTItOTM0Ni0zODdlOWVkZjI4OWEiLCJpZCI6MTcxNDAzNywiaWF0IjoxNzcxNDA3OTkyLCJleHAiOjE3NzM5OTk5OTJ9.YWSWBRl7e96m4AQnSKgzaj4nvbw95TZhckEbNHD-fxg', 'axios/1.13.3', '::1', 'axios/1.13.3', '2026-02-18 09:46:32', '2026-02-18 09:46:32', '2026-03-20 15:16:32'),
(31, 1714037, 'eyJhbGciOiJIUzI1NiIsInR5cCI6IkpXVCJ9.eyJ1aWQiOiI3NzMyMmEyNS0zNjJkLTRlYTItOTM0Ni0zODdlOWVkZjI4OWEiLCJpZCI6MTcxNDAzNywiaWF0IjoxNzcxNDA5MTQxLCJleHAiOjE3NzQwMDExNDF9.YJhfOPaewSJKaraXAUH6zS_Hh4nS84mB2LHavtZyccI', 'axios/1.13.3', '::1', 'axios/1.13.3', '2026-02-18 10:05:41', '2026-02-18 10:05:41', '2026-03-20 15:35:41'),
(32, 1714037, 'eyJhbGciOiJIUzI1NiIsInR5cCI6IkpXVCJ9.eyJ1aWQiOiI3NzMyMmEyNS0zNjJkLTRlYTItOTM0Ni0zODdlOWVkZjI4OWEiLCJpZCI6MTcxNDAzNywiaWF0IjoxNzcxNDExMDA2LCJleHAiOjE3NzQwMDMwMDZ9.OyITPKj9vbLw8InAooYauq8WhsTjVmhWnUsvBIDfR9g', 'axios/1.13.3', '::1', 'axios/1.13.3', '2026-02-18 10:36:46', '2026-02-18 10:36:46', '2026-03-20 16:06:46'),
(33, 1714037, 'eyJhbGciOiJIUzI1NiIsInR5cCI6IkpXVCJ9.eyJ1aWQiOiI3NzMyMmEyNS0zNjJkLTRlYTItOTM0Ni0zODdlOWVkZjI4OWEiLCJpZCI6MTcxNDAzNywiaWF0IjoxNzcxNDEyNDE5LCJleHAiOjE3NzQwMDQ0MTl9.q9wHU7QEGq9kITwMG7nBIfOg50I3hqdnwv7icN66V5U', 'axios/1.13.3', '::1', 'axios/1.13.3', '2026-02-18 11:00:19', '2026-02-18 11:00:19', '2026-03-20 16:30:19'),
(34, 1714037, 'eyJhbGciOiJIUzI1NiIsInR5cCI6IkpXVCJ9.eyJ1aWQiOiI3NzMyMmEyNS0zNjJkLTRlYTItOTM0Ni0zODdlOWVkZjI4OWEiLCJpZCI6MTcxNDAzNywiaWF0IjoxNzcxNDEzNzYwLCJleHAiOjE3NzQwMDU3NjB9.Tcj1aXAoB5C1ytakF13COZ_gZxc_jvn4rkpJATjyVCE', 'axios/1.13.3', '::1', 'axios/1.13.3', '2026-02-18 11:22:41', '2026-02-18 11:52:41', '2026-03-20 16:52:41'),
(35, 1714000, 'eyJhbGciOiJIUzI1NiIsInR5cCI6IkpXVCJ9.eyJ1aWQiOiJTRFNEYXNkc2Fkc2EiLCJpZCI6MTcxNDAwMCwicm9sZSI6MSwiaWF0IjoxNzcxNDE1NzAwLCJleHAiOjE3NzQwMDc3MDB9.5jRUj8Y74_NFI6ubktbuAK5QlDhTQzUg-HC4mRBLIWQ', 'axios/1.13.2', '::1', 'axios/1.13.2', '2026-02-18 11:55:00', '2026-02-18 14:53:25', '2026-03-20 17:25:00'),
(36, 1714000, 'eyJhbGciOiJIUzI1NiIsInR5cCI6IkpXVCJ9.eyJ1aWQiOiJTRFNEYXNkc2Fkc2EiLCJpZCI6MTcxNDAwMCwicm9sZSI6MSwiaWF0IjoxNzcxNDE3MjgxLCJleHAiOjE3NzQwMDkyODF9.OjfAAq6WRFoi4Ccb8Ha-QJlrWYjAJ5Sp-u_GhAEjd_U', 'axios/1.13.2', '172.71.202.142', 'axios/1.13.2', '2026-02-18 12:21:21', '2026-02-20 10:13:51', '2026-03-20 12:21:21'),
(37, 1714000, 'eyJhbGciOiJIUzI1NiIsInR5cCI6IkpXVCJ9.eyJ1aWQiOiJTRFNEYXNkc2Fkc2EiLCJpZCI6MTcxNDAwMCwicm9sZSI6MSwiaWF0IjoxNzcxNDIxNTM2LCJleHAiOjE3NzQwMTM1MzZ9.v3OHayEAUGE838XESUCooaEbR8F4oM1h35yVzPuiRrs', 'axios/1.13.2', '172.70.218.142', 'axios/1.13.2', '2026-02-18 13:32:16', '2026-02-18 13:32:16', '2026-03-20 13:32:16'),
(38, 1714037, 'eyJhbGciOiJIUzI1NiIsInR5cCI6IkpXVCJ9.eyJ1aWQiOiI3NzMyMmEyNS0zNjJkLTRlYTItOTM0Ni0zODdlOWVkZjI4OWEiLCJpZCI6MTcxNDAzNywiaWF0IjoxNzcxNDI0NTE0LCJleHAiOjE3NzQwMTY1MTR9.O4I1V1R35B86fTaMqFybkHM5BJm9fYRzGs73ASiqPIo', 'axios/1.13.3', '172.69.179.61', 'axios/1.13.3', '2026-02-18 14:21:54', '2026-02-20 17:11:27', '2026-03-20 14:21:54'),
(39, 1714000, 'eyJhbGciOiJIUzI1NiIsInR5cCI6IkpXVCJ9.eyJ1aWQiOiJTRFNEYXNkc2Fkc2EiLCJpZCI6MTcxNDAwMCwicm9sZSI6MSwiaWF0IjoxNzcxNDI2Nzg5LCJleHAiOjE3NzQwMTg3ODl9.KqxyKMbo2cWOSVstdECLMcRIG8oD47Kg_zwxUl_yRuY', 'axios/1.13.2', '172.69.179.61', 'axios/1.13.2', '2026-02-18 14:59:49', '2026-02-18 15:37:28', '2026-03-20 14:59:49'),
(40, 1714037, 'eyJhbGciOiJIUzI1NiIsInR5cCI6IkpXVCJ9.eyJ1aWQiOiI3NzMyMmEyNS0zNjJkLTRlYTItOTM0Ni0zODdlOWVkZjI4OWEiLCJpZCI6MTcxNDAzNywiaWF0IjoxNzcxNDI3MTcwLCJleHAiOjE3NzQwMTkxNzB9.dvBGDFepd2P-ujd7jxOM5zMWl-yQWVAmZfVq_WocJrI', 'axios/1.13.3', '172.71.198.111', 'axios/1.13.3', '2026-02-18 15:06:10', '2026-02-18 15:56:49', '2026-03-20 15:06:10'),
(41, 1714000, 'eyJhbGciOiJIUzI1NiIsInR5cCI6IkpXVCJ9.eyJ1aWQiOiJTRFNEYXNkc2Fkc2EiLCJpZCI6MTcxNDAwMCwicm9sZSI6MSwiaWF0IjoxNzcxNDMwMzI2LCJleHAiOjE3NzQwMjIzMjZ9.nij607IN5b1nlXwn_bLj2Mj0c1Bx6CHF7eq4aJBRCfE', 'axios/1.13.2', '172.70.218.143', 'axios/1.13.2', '2026-02-18 15:58:46', '2026-02-18 16:43:11', '2026-03-20 15:58:46'),
(42, 1714000, 'eyJhbGciOiJIUzI1NiIsInR5cCI6IkpXVCJ9.eyJ1aWQiOiJTRFNEYXNkc2Fkc2EiLCJpZCI6MTcxNDAwMCwicm9sZSI6MSwiaWF0IjoxNzcxNDMyOTg3LCJleHAiOjE3NzQwMjQ5ODd9.LoJKfJMucFCIhUSHQiTvTkFdJ2g3FNbdhl07rqvONXw', 'axios/1.13.2', '172.70.218.143', 'axios/1.13.2', '2026-02-18 16:43:07', '2026-02-18 17:12:59', '2026-03-20 16:43:07'),
(43, 1714000, 'eyJhbGciOiJIUzI1NiIsInR5cCI6IkpXVCJ9.eyJ1aWQiOiJTRFNEYXNkc2Fkc2EiLCJpZCI6MTcxNDAwMCwicm9sZSI6MSwiaWF0IjoxNzcxNDM0NzgzLCJleHAiOjE3NzQwMjY3ODN9.m-gY2sVjgUxSPeCTItTjvUBR7HhFMvvue3XJRZHByHE', 'axios/1.13.2', '172.70.218.142', 'axios/1.13.2', '2026-02-18 17:13:03', '2026-02-19 11:35:27', '2026-03-20 17:13:03'),
(44, 1714000, 'eyJhbGciOiJIUzI1NiIsInR5cCI6IkpXVCJ9.eyJ1aWQiOiJTRFNEYXNkc2Fkc2EiLCJpZCI6MTcxNDAwMCwicm9sZSI6MSwiaWF0IjoxNzcxNDM2NDQ2LCJleHAiOjE3NzQwMjg0NDZ9.2fMXKL7S69s77ojJPwBXjq7y2UEvRVp7YJcEzj4reFY', 'axios/1.13.2', '172.71.198.110', 'axios/1.13.2', '2026-02-18 17:40:46', '2026-02-18 17:57:38', '2026-03-20 17:40:46'),
(45, 1714000, 'eyJhbGciOiJIUzI1NiIsInR5cCI6IkpXVCJ9.eyJ1aWQiOiJTRFNEYXNkc2Fkc2EiLCJpZCI6MTcxNDAwMCwicm9sZSI6MSwiaWF0IjoxNzcxNDM3OTc4LCJleHAiOjE3NzQwMjk5Nzh9.tRd0Ojav3vK0wRopU91a7sM1eSl3C6AXBSXPU0COBWA', 'axios/1.13.2', '172.69.179.61', 'axios/1.13.2', '2026-02-18 18:06:18', '2026-02-18 18:23:00', '2026-03-20 18:06:18'),
(46, 1714000, 'eyJhbGciOiJIUzI1NiIsInR5cCI6IkpXVCJ9.eyJ1aWQiOiJTRFNEYXNkc2Fkc2EiLCJpZCI6MTcxNDAwMCwicm9sZSI6MSwiaWF0IjoxNzcxNDM5NDA4LCJleHAiOjE3NzQwMzE0MDh9.65KKe0MsF4VSI8_-TAxJjXWXfbNrlaq6yt8QNcuNC-8', 'axios/1.13.2', '172.70.218.142', 'axios/1.13.2', '2026-02-18 18:30:08', '2026-02-18 18:51:58', '2026-03-20 18:30:08'),
(47, 1714000, 'eyJhbGciOiJIUzI1NiIsInR5cCI6IkpXVCJ9.eyJ1aWQiOiJTRFNEYXNkc2Fkc2EiLCJpZCI6MTcxNDAwMCwicm9sZSI6MSwiaWF0IjoxNzcxNDQwOTcyLCJleHAiOjE3NzQwMzI5NzJ9.AT06W9LD_J1PBaQ4jnSR3VvVhTkcv1BR_-lbP1XlBcY', 'axios/1.13.2', '172.71.202.142', 'axios/1.13.2', '2026-02-18 18:56:12', '2026-02-18 19:14:38', '2026-03-20 18:56:12'),
(48, 1714000, 'eyJhbGciOiJIUzI1NiIsInR5cCI6IkpXVCJ9.eyJ1aWQiOiJTRFNEYXNkc2Fkc2EiLCJpZCI6MTcxNDAwMCwicm9sZSI6MSwiaWF0IjoxNzcxNDQyNDY1LCJleHAiOjE3NzQwMzQ0NjV9.Y4YYL3UHZjdhC_wyxq_OWikPLbUTG_9ncR4X2zq1GkI', 'axios/1.13.2', '172.70.218.142', 'axios/1.13.2', '2026-02-18 19:21:05', '2026-02-18 19:39:42', '2026-03-20 19:21:05'),
(49, 1714000, 'eyJhbGciOiJIUzI1NiIsInR5cCI6IkpXVCJ9.eyJ1aWQiOiJTRFNEYXNkc2Fkc2EiLCJpZCI6MTcxNDAwMCwicm9sZSI6MSwiaWF0IjoxNzcxNDcxNjY3LCJleHAiOjE3NzQwNjM2Njd9.kOgPFN0txTK0--G6LdmSdGubnasAAMfkM-ZvoxrSIEk', 'axios/1.13.2', '172.69.87.62', 'axios/1.13.2', '2026-02-19 03:27:47', '2026-02-19 03:50:20', '2026-03-21 03:27:47'),
(50, 1714000, 'eyJhbGciOiJIUzI1NiIsInR5cCI6IkpXVCJ9.eyJ1aWQiOiJTRFNEYXNkc2Fkc2EiLCJpZCI6MTcxNDAwMCwicm9sZSI6MSwiaWF0IjoxNzcxNDczNTIwLCJleHAiOjE3NzQwNjU1MjB9.YugNa2Uf4aZkNdi1WzvcGtGcoW8dWTV47N5XuNTyDQA', 'axios/1.13.2', '172.69.179.61', 'axios/1.13.2', '2026-02-19 03:58:40', '2026-02-19 04:21:24', '2026-03-21 03:58:40'),
(51, 1714000, 'eyJhbGciOiJIUzI1NiIsInR5cCI6IkpXVCJ9.eyJ1aWQiOiJTRFNEYXNkc2Fkc2EiLCJpZCI6MTcxNDAwMCwicm9sZSI6MSwiaWF0IjoxNzcxNDc1MDEwLCJleHAiOjE3NzQwNjcwMTB9.a2PIROdPpFTwMw-et1IXGWzw2miZfo2UxAGe4TTyWiQ', 'axios/1.13.2', '::1', 'axios/1.13.2', '2026-02-19 04:23:30', '2026-02-19 04:25:54', '2026-03-21 09:53:30'),
(52, 1714000, 'eyJhbGciOiJIUzI1NiIsInR5cCI6IkpXVCJ9.eyJ1aWQiOiJTRFNEYXNkc2Fkc2EiLCJpZCI6MTcxNDAwMCwicm9sZSI6MSwiaWF0IjoxNzcxNDc1Mjc4LCJleHAiOjE3NzQwNjcyNzh9.QhryXkusCC6m0cqssxsYOZ_ciWUjrrt6WxmC6CX2CDY', 'axios/1.13.2', '::1', 'axios/1.13.2', '2026-02-19 04:27:58', '2026-02-19 05:17:16', '2026-03-21 09:57:58'),
(53, 1714000, 'eyJhbGciOiJIUzI1NiIsInR5cCI6IkpXVCJ9.eyJ1aWQiOiJTRFNEYXNkc2Fkc2EiLCJpZCI6MTcxNDAwMCwicm9sZSI6MSwiaWF0IjoxNzcxNDgxMDUyLCJleHAiOjE3NzQwNzMwNTJ9.-73xlY_ViIvnLFL1WNvILyx0kMLQaiO72DhfeQAt_uA', 'axios/1.13.2', '::1', 'axios/1.13.2', '2026-02-19 06:04:12', '2026-02-21 07:46:57', '2026-03-21 11:34:12'),
(54, 1714000, 'eyJhbGciOiJIUzI1NiIsInR5cCI6IkpXVCJ9.eyJ1aWQiOiJTRFNEYXNkc2Fkc2EiLCJpZCI6MTcxNDAwMCwicm9sZSI6MSwiaWF0IjoxNzcxNDgxMTA3LCJleHAiOjE3NzQwNzMxMDd9.g64NQulYE6fA85sVQkMWzVBJ9KuIsOw4t436GgHreRM', 'axios/1.13.2', '::1', 'axios/1.13.2', '2026-02-19 06:05:07', '2026-02-19 07:20:50', '2026-03-21 11:35:07'),
(55, 1714000, 'eyJhbGciOiJIUzI1NiIsInR5cCI6IkpXVCJ9.eyJ1aWQiOiJTRFNEYXNkc2Fkc2EiLCJpZCI6MTcxNDAwMCwicm9sZSI6MSwiaWF0IjoxNzcxNDgxOTk2LCJleHAiOjE3NzQwNzM5OTZ9.E_yE_e5il2WZ2aNiYYK1z-_2WxsHQETMAxHnwv9NZdY', 'axios/1.13.2', '::1', 'axios/1.13.2', '2026-02-19 06:19:56', '2026-02-19 06:40:24', '2026-03-21 11:49:56'),
(56, 1714000, 'eyJhbGciOiJIUzI1NiIsInR5cCI6IkpXVCJ9.eyJ1aWQiOiJTRFNEYXNkc2Fkc2EiLCJpZCI6MTcxNDAwMCwicm9sZSI6MSwiaWF0IjoxNzcxNDgyMDk0LCJleHAiOjE3NzQwNzQwOTR9.sANDmZkCzaTJT3U09LtRShs0_d_xn4sffKREV_r0H9I', 'axios/1.13.2', '162.158.227.193', 'axios/1.13.2', '2026-02-19 06:21:34', '2026-02-19 06:21:34', '2026-03-21 06:21:34'),
(57, 1714000, 'eyJhbGciOiJIUzI1NiIsInR5cCI6IkpXVCJ9.eyJ1aWQiOiJTRFNEYXNkc2Fkc2EiLCJpZCI6MTcxNDAwMCwicm9sZSI6MSwiaWF0IjoxNzcxNDgzNjk5LCJleHAiOjE3NzQwNzU2OTl9.ahQRHDy5Rp4PfePBoCkiJg9fvXB29EFYSVmfQuRgvOs', 'axios/1.13.2', '172.69.179.62', 'axios/1.13.2', '2026-02-19 06:48:19', '2026-02-19 06:48:19', '2026-03-21 06:48:19'),
(58, 1714037, 'eyJhbGciOiJIUzI1NiIsInR5cCI6IkpXVCJ9.eyJ1aWQiOiI3NzMyMmEyNS0zNjJkLTRlYTItOTM0Ni0zODdlOWVkZjI4OWEiLCJpZCI6MTcxNDAzNywiaWF0IjoxNzcxNDgzNzcwLCJleHAiOjE3NzQwNzU3NzB9.RGnm6np-yBME769XZPRGUUsVr75C8HZMddN3dQeawFY', 'axios/1.13.3', '172.71.198.111', 'axios/1.13.3', '2026-02-19 06:49:30', '2026-02-19 06:49:30', '2026-03-21 06:49:30'),
(59, 1714037, 'eyJhbGciOiJIUzI1NiIsInR5cCI6IkpXVCJ9.eyJ1aWQiOiI3NzMyMmEyNS0zNjJkLTRlYTItOTM0Ni0zODdlOWVkZjI4OWEiLCJpZCI6MTcxNDAzNywiaWF0IjoxNzcxNDg0Mzg2LCJleHAiOjE3NzQwNzYzODZ9.VLLRL2_ASwBHH6sXEt9QSTGuVLCKd5ADc6d7yTcowBo', 'axios/1.13.3', '172.71.198.110', 'axios/1.13.3', '2026-02-19 06:59:46', '2026-02-19 06:59:46', '2026-03-21 06:59:46'),
(60, 1714000, 'eyJhbGciOiJIUzI1NiIsInR5cCI6IkpXVCJ9.eyJ1aWQiOiJTRFNEYXNkc2Fkc2EiLCJpZCI6MTcxNDAwMCwicm9sZSI6MSwiaWF0IjoxNzcxNDg0NDA2LCJleHAiOjE3NzQwNzY0MDZ9.vQshTDYY4h3jf_qojkBZLM94zEjOerjzg8HKj7UR8Ec', 'axios/1.13.2', '172.71.202.142', 'axios/1.13.2', '2026-02-19 07:00:06', '2026-02-19 07:00:06', '2026-03-21 07:00:06'),
(61, 1714037, 'eyJhbGciOiJIUzI1NiIsInR5cCI6IkpXVCJ9.eyJ1aWQiOiI3NzMyMmEyNS0zNjJkLTRlYTItOTM0Ni0zODdlOWVkZjI4OWEiLCJpZCI6MTcxNDAzNywiaWF0IjoxNzcxNDg1MzM1LCJleHAiOjE3NzQwNzczMzV9.d9H8i2mJegCCtH6Oh1KLvtC9IyzCjLndwaasELcTwC0', 'axios/1.13.3', '172.71.198.111', 'axios/1.13.3', '2026-02-19 07:15:35', '2026-02-19 07:15:35', '2026-03-21 07:15:35'),
(62, 1714006, 'eyJhbGciOiJIUzI1NiIsInR5cCI6IkpXVCJ9.eyJ1aWQiOiIxNzc2MTQ0ZS1lYTQwLTRlOGYtYjdhYi1jOTI1MGM1NzE0MTciLCJpZCI6MTcxNDAwNiwicm9sZSI6MywiaWF0IjoxNzcxNDg2ODM1LCJleHAiOjE3NzQwNzg4MzV9.85ZhVqPLNlTOyUM2u2DRQEMdp_0njF2NydL2xgpEqZo', 'axios/1.13.2', '172.69.179.61', 'axios/1.13.2', '2026-02-19 07:40:35', '2026-02-19 08:14:06', '2026-03-21 07:40:35'),
(63, 1714037, 'eyJhbGciOiJIUzI1NiIsInR5cCI6IkpXVCJ9.eyJ1aWQiOiI3NzMyMmEyNS0zNjJkLTRlYTItOTM0Ni0zODdlOWVkZjI4OWEiLCJpZCI6MTcxNDAzNywiaWF0IjoxNzcxNDg3NTc1LCJleHAiOjE3NzQwNzk1NzV9.K18v6jMG7rCfokPGN0lcWsGLwckC3ooek4J764MWMSM', 'axios/1.13.3', '172.69.179.61', 'axios/1.13.3', '2026-02-19 07:52:55', '2026-02-19 08:23:57', '2026-03-21 07:52:55'),
(64, 1714000, 'eyJhbGciOiJIUzI1NiIsInR5cCI6IkpXVCJ9.eyJ1aWQiOiJTRFNEYXNkc2Fkc2EiLCJpZCI6MTcxNDAwMCwicm9sZSI6MSwiaWF0IjoxNzcxNDg4MTE2LCJleHAiOjE3NzQwODAxMTZ9.IQXs6s7KuiW5w8Kv7cXFAD3bCX2PRxZ7avpxD3mzT88', 'axios/1.13.2', '::1', 'axios/1.13.2', '2026-02-19 08:01:56', '2026-02-19 08:29:39', '2026-03-21 13:31:56'),
(65, 1714000, 'eyJhbGciOiJIUzI1NiIsInR5cCI6IkpXVCJ9.eyJ1aWQiOiJTRFNEYXNkc2Fkc2EiLCJpZCI6MTcxNDAwMCwicm9sZSI6MSwiaWF0IjoxNzcxNDg5Nzg2LCJleHAiOjE3NzQwODE3ODZ9.oQXEW37JqQLMjYnYLamXfLg8ubGqbn3603qJPhVU3a4', 'axios/1.13.2', '::1', 'axios/1.13.2', '2026-02-19 08:29:46', '2026-02-19 08:29:46', '2026-03-21 13:59:46'),
(66, 1714000, 'eyJhbGciOiJIUzI1NiIsInR5cCI6IkpXVCJ9.eyJ1aWQiOiJTRFNEYXNkc2Fkc2EiLCJpZCI6MTcxNDAwMCwicm9sZSI6MSwiaWF0IjoxNzcxNTAwOTY5LCJleHAiOjE3NzQwOTI5Njl9.TEpqLa6BFjDLMBrrnWUjFhd3QJbz_tfJ-idpph_By_s', 'axios/1.13.2', '::1', 'axios/1.13.2', '2026-02-19 11:36:09', '2026-02-19 14:07:12', '2026-03-21 17:06:09'),
(67, 1714000, 'eyJhbGciOiJIUzI1NiIsInR5cCI6IkpXVCJ9.eyJ1aWQiOiJTRFNEYXNkc2Fkc2EiLCJpZCI6MTcxNDAwMCwicm9sZSI6MSwiaWF0IjoxNzcxNTEwMjM5LCJleHAiOjE3NzQxMDIyMzl9.0IT84LbHqE0vYkuM1luSJX42Hwo_icMn4favyq68Acg', 'axios/1.13.2', '::1', 'axios/1.13.2', '2026-02-19 14:10:39', '2026-02-19 16:27:32', '2026-03-21 19:40:39'),
(68, 1714000, 'eyJhbGciOiJIUzI1NiIsInR5cCI6IkpXVCJ9.eyJ1aWQiOiJTRFNEYXNkc2Fkc2EiLCJpZCI6MTcxNDAwMCwicm9sZSI6MSwiaWF0IjoxNzcxNTE1MTEyLCJleHAiOjE3NzQxMDcxMTJ9.r7BwAc9efcvMF38lH_x2NqLln-ZqP-siimkAQBJ0fkE', 'axios/1.13.2', '172.70.219.147', 'axios/1.13.2', '2026-02-19 15:31:52', '2026-02-20 04:28:38', '2026-03-21 15:31:52'),
(69, 1714000, 'eyJhbGciOiJIUzI1NiIsInR5cCI6IkpXVCJ9.eyJ1aWQiOiJTRFNEYXNkc2Fkc2EiLCJpZCI6MTcxNDAwMCwicm9sZSI6MSwiaWF0IjoxNzcxNTE4NjExLCJleHAiOjE3NzQxMTA2MTF9.S1K27mgzzB8u7RFQY0LxjinO2-IKY7ZIbXu7bQPDu84', 'axios/1.13.2', '::1', 'axios/1.13.2', '2026-02-19 16:30:11', '2026-02-19 17:04:44', '2026-03-21 22:00:11'),
(70, 1714000, 'eyJhbGciOiJIUzI1NiIsInR5cCI6IkpXVCJ9.eyJ1aWQiOiJTRFNEYXNkc2Fkc2EiLCJpZCI6MTcxNDAwMCwicm9sZSI6MSwiaWF0IjoxNzcxNTIwNjkzLCJleHAiOjE3NzQxMTI2OTN9.yzWJB2aYtrdxXo9JaZQzELGLPwpMaWkpkCx-RPO-d2g', 'axios/1.13.2', '::1', 'axios/1.13.2', '2026-02-19 17:04:53', '2026-02-19 17:34:09', '2026-03-21 22:34:53'),
(71, 1714000, 'eyJhbGciOiJIUzI1NiIsInR5cCI6IkpXVCJ9.eyJ1aWQiOiJTRFNEYXNkc2Fkc2EiLCJpZCI6MTcxNDAwMCwicm9sZSI6MSwiaWF0IjoxNzcxNTIyNDU0LCJleHAiOjE3NzQxMTQ0NTR9.1ox8-YdiThrz4Cemc5uZB8mOGRS6uHTsp4ZSCx9fAKs', 'axios/1.13.2', '::1', 'axios/1.13.2', '2026-02-19 17:34:14', '2026-02-20 06:24:11', '2026-03-21 23:04:14'),
(72, 1714000, 'eyJhbGciOiJIUzI1NiIsInR5cCI6IkpXVCJ9.eyJ1aWQiOiJTRFNEYXNkc2Fkc2EiLCJpZCI6MTcxNDAwMCwicm9sZSI6MSwiaWF0IjoxNzcxNTU4MjkwLCJleHAiOjE3NzQxNTAyOTB9.9rMXdL506KUZu_mRC8Y9Iwg4Jmf66-N3dziksRbn5KA', 'axios/1.13.2', '::1', 'axios/1.13.2', '2026-02-20 03:31:30', '2026-02-20 03:48:19', '2026-03-22 09:01:30'),
(73, 1714000, 'eyJhbGciOiJIUzI1NiIsInR5cCI6IkpXVCJ9.eyJ1aWQiOiJTRFNEYXNkc2Fkc2EiLCJpZCI6MTcxNDAwMCwicm9sZSI6MSwiaWF0IjoxNzcxNTYxNzIxLCJleHAiOjE3NzQxNTM3MjF9.EK1fL_OpbrZowu1Hrvgz4TD0KibboeXd9Nf22bPcoAI', 'axios/1.13.2', '162.158.235.209', 'axios/1.13.2', '2026-02-20 04:28:41', '2026-02-20 15:13:45', '2026-03-22 04:28:41'),
(74, 1714000, 'eyJhbGciOiJIUzI1NiIsInR5cCI6IkpXVCJ9.eyJ1aWQiOiJTRFNEYXNkc2Fkc2EiLCJpZCI6MTcxNDAwMCwicm9sZSI6MSwiaWF0IjoxNzcxNTY4NjU3LCJleHAiOjE3NzQxNjA2NTd9.EW724d4qNAhYR3YbfqpB1BqwSv8M8ROMmdSb7vkskVM', 'axios/1.13.2', '::1', 'axios/1.13.2', '2026-02-20 06:24:17', '2026-02-20 08:07:21', '2026-03-22 11:54:17'),
(75, 1714000, 'eyJhbGciOiJIUzI1NiIsInR5cCI6IkpXVCJ9.eyJ1aWQiOiJTRFNEYXNkc2Fkc2EiLCJpZCI6MTcxNDAwMCwicm9sZSI6MSwiaWF0IjoxNzcxNTc0ODUwLCJleHAiOjE3NzQxNjY4NTB9.-NkWDff9mH61IwCu_9i_9R6VXGgYbnx2vobI9vhT4RM', 'axios/1.13.2', '::1', 'axios/1.13.2', '2026-02-20 08:07:30', '2026-02-20 15:05:31', '2026-03-22 13:37:30'),
(76, 1714000, 'eyJhbGciOiJIUzI1NiIsInR5cCI6IkpXVCJ9.eyJ1aWQiOiJTRFNEYXNkc2Fkc2EiLCJpZCI6MTcxNDAwMCwicm9sZSI6MSwiaWF0IjoxNzcxNTc0OTU1LCJleHAiOjE3NzQxNjY5NTV9.wTGjSE5NS84Tw5V-IOU-wotaSWB9YsgAberVEJFTxSc', 'axios/1.13.2', '::1', 'axios/1.13.2', '2026-02-20 08:09:15', '2026-02-20 08:29:27', '2026-03-22 13:39:15'),
(77, 1714000, 'eyJhbGciOiJIUzI1NiIsInR5cCI6IkpXVCJ9.eyJ1aWQiOiJTRFNEYXNkc2Fkc2EiLCJpZCI6MTcxNDAwMCwicm9sZSI6MSwiaWF0IjoxNzcxNTc5OTgwLCJleHAiOjE3NzQxNzE5ODB9.Y6_TlDccBlZrfN6M78yaAR0LgSjEeonYMjVxJtlpUFU', 'axios/1.13.2', '::1', 'axios/1.13.2', '2026-02-20 09:33:00', '2026-02-20 09:50:35', '2026-03-22 15:03:00'),
(78, 1714000, 'eyJhbGciOiJIUzI1NiIsInR5cCI6IkpXVCJ9.eyJ1aWQiOiJTRFNEYXNkc2Fkc2EiLCJpZCI6MTcxNDAwMCwicm9sZSI6MSwiaWF0IjoxNzcxNTgyMDI2LCJleHAiOjE3NzQxNzQwMjZ9.-H8wr9NezhZ3ak0BqDmiJQuIhlOnVh2tHGKdgPXT9RY', 'axios/1.13.2', '::1', 'axios/1.13.2', '2026-02-20 10:07:06', '2026-02-20 10:23:39', '2026-03-22 15:37:06'),
(79, 1714000, 'eyJhbGciOiJIUzI1NiIsInR5cCI6IkpXVCJ9.eyJ1aWQiOiJTRFNEYXNkc2Fkc2EiLCJpZCI6MTcxNDAwMCwicm9sZSI6MSwiaWF0IjoxNzcxNTgyNDM1LCJleHAiOjE3NzQxNzQ0MzV9.7-9BI365r_1c_oVqCW71eoiPYAibplnNR8VHEvKhKoo', 'axios/1.13.2', '172.69.179.61', 'axios/1.13.2', '2026-02-20 10:13:55', '2026-02-20 13:08:23', '2026-03-22 10:13:55'),
(80, 1714000, 'eyJhbGciOiJIUzI1NiIsInR5cCI6IkpXVCJ9.eyJ1aWQiOiJTRFNEYXNkc2Fkc2EiLCJpZCI6MTcxNDAwMCwicm9sZSI6MSwiaWF0IjoxNzcxNTgzMDM1LCJleHAiOjE3NzQxNzUwMzV9.ASLZm4ZfZXPKWbbPu0bCuCTYuMztTBdZWfrnxWZxXXU', 'axios/1.13.2', '::1', 'axios/1.13.2', '2026-02-20 10:23:55', '2026-02-20 11:09:33', '2026-03-22 15:53:55'),
(81, 1714000, 'eyJhbGciOiJIUzI1NiIsInR5cCI6IkpXVCJ9.eyJ1aWQiOiJTRFNEYXNkc2Fkc2EiLCJpZCI6MTcxNDAwMCwicm9sZSI6MSwiaWF0IjoxNzcxNTkxNzI1LCJleHAiOjE3NzQxODM3MjV9.xpy4XUgEHaD4-0Ch1T-y_TNzhcA06CUwuXfdNFUcSgU', 'axios/1.13.2', '::1', 'axios/1.13.2', '2026-02-20 12:48:45', '2026-02-20 12:49:43', '2026-03-22 18:18:45'),
(82, 1714000, 'eyJhbGciOiJIUzI1NiIsInR5cCI6IkpXVCJ9.eyJ1aWQiOiJTRFNEYXNkc2Fkc2EiLCJpZCI6MTcxNDAwMCwicm9sZSI6MSwiaWF0IjoxNzcxNTkyMTE3LCJleHAiOjE3NzQxODQxMTd9.DhiV8Q8zsBCDoatusqV1m4U7y8aQt_uP7O-suIj6Og8', 'axios/1.13.2', '::1', 'axios/1.13.2', '2026-02-20 12:55:17', '2026-02-20 13:57:09', '2026-03-22 18:25:17'),
(83, 1714000, 'eyJhbGciOiJIUzI1NiIsInR5cCI6IkpXVCJ9.eyJ1aWQiOiJTRFNEYXNkc2Fkc2EiLCJpZCI6MTcxNDAwMCwicm9sZSI6MSwiaWF0IjoxNzcxNTkyODE1LCJleHAiOjE3NzQxODQ4MTV9.UioeNQu0wYyIu75f1R5vJyAKlnj92fPBboqLX7coWTU', 'axios/1.13.2', '172.69.179.62', 'axios/1.13.2', '2026-02-20 13:06:55', '2026-02-20 13:06:55', '2026-03-22 13:06:55'),
(84, 1714000, 'eyJhbGciOiJIUzI1NiIsInR5cCI6IkpXVCJ9.eyJ1aWQiOiJTRFNEYXNkc2Fkc2EiLCJpZCI6MTcxNDAwMCwicm9sZSI6MSwiaWF0IjoxNzcxNTkyOTA2LCJleHAiOjE3NzQxODQ5MDZ9.PZSccN4SxxB2N5aymHlZsN4pGosnsXNqLx7JZivm6rk', 'axios/1.13.2', '172.71.202.142', 'axios/1.13.2', '2026-02-20 13:08:26', '2026-02-20 13:08:26', '2026-03-22 13:08:26'),
(85, 1714000, 'eyJhbGciOiJIUzI1NiIsInR5cCI6IkpXVCJ9.eyJ1aWQiOiJTRFNEYXNkc2Fkc2EiLCJpZCI6MTcxNDAwMCwicm9sZSI6MSwiaWF0IjoxNzcxNTk2MDE0LCJleHAiOjE3NzQxODgwMTR9.m5taxhT7P7BXkFlARQ9Lbieb8HicU1_kkNIh2nKkGUY', 'axios/1.13.2', '::1', 'axios/1.13.2', '2026-02-20 14:00:14', '2026-02-20 14:15:46', '2026-03-22 19:30:14'),
(86, 1714000, 'eyJhbGciOiJIUzI1NiIsInR5cCI6IkpXVCJ9.eyJ1aWQiOiJTRFNEYXNkc2Fkc2EiLCJpZCI6MTcxNDAwMCwicm9sZSI6MSwiaWF0IjoxNzcxNTk2OTYzLCJleHAiOjE3NzQxODg5NjN9.wnZWPV59mF3xO-pqYQObY1_1ps3mRrfhls3Q_Epp3zE', 'axios/1.13.2', '::1', 'axios/1.13.2', '2026-02-20 14:16:03', '2026-02-20 14:37:11', '2026-03-22 19:46:03'),
(87, 1714000, 'eyJhbGciOiJIUzI1NiIsInR5cCI6IkpXVCJ9.eyJ1aWQiOiJTRFNEYXNkc2Fkc2EiLCJpZCI6MTcxNDAwMCwicm9sZSI6MSwiaWF0IjoxNzcxNTk4NzE5LCJleHAiOjE3NzQxOTA3MTl9.0uoFyFdg_tIgRSuAed4iMk7GF705NXXgMpTRruiYqzU', 'axios/1.13.2', '::1', 'axios/1.13.2', '2026-02-20 14:45:20', '2026-02-20 15:04:47', '2026-03-22 20:15:20'),
(88, 1714037, 'eyJhbGciOiJIUzI1NiIsInR5cCI6IkpXVCJ9.eyJ1aWQiOiI3NzMyMmEyNS0zNjJkLTRlYTItOTM0Ni0zODdlOWVkZjI4OWEiLCJpZCI6MTcxNDAzNywiaWF0IjoxNzcxNjAwMzkyLCJleHAiOjE3NzQxOTIzOTJ9.WGBICXADk60ZGSX0uIWtWFwY-98IUJNqvb8uz5qmY2E', 'axios/1.13.3', '::1', 'axios/1.13.3', '2026-02-20 15:13:12', '2026-02-20 15:13:12', '2026-03-22 20:43:12'),
(89, 1714000, 'eyJhbGciOiJIUzI1NiIsInR5cCI6IkpXVCJ9.eyJ1aWQiOiJTRFNEYXNkc2Fkc2EiLCJpZCI6MTcxNDAwMCwicm9sZSI6MSwiaWF0IjoxNzcxNjAwNjI3LCJleHAiOjE3NzQxOTI2Mjd9.-DWN31rP5f7uCmrjqmSi6-rkK_xtM4QxFPnZAMBHiAY', 'axios/1.13.2', '::1', 'axios/1.13.2', '2026-02-20 15:17:07', '2026-02-20 18:31:12', '2026-03-22 20:47:07'),
(90, 1714037, 'eyJhbGciOiJIUzI1NiIsInR5cCI6IkpXVCJ9.eyJ1aWQiOiI3NzMyMmEyNS0zNjJkLTRlYTItOTM0Ni0zODdlOWVkZjI4OWEiLCJpZCI6MTcxNDAzNywiaWF0IjoxNzcxNjAwNjc2LCJleHAiOjE3NzQxOTI2NzZ9.ih-MLww92F2wcNuTPVPoZNUo7fIiDhhBIl3rUMcb7Lk', 'axios/1.13.3', '::1', 'axios/1.13.3', '2026-02-20 15:17:56', '2026-02-20 15:17:56', '2026-03-22 20:47:56'),
(91, 1714037, 'eyJhbGciOiJIUzI1NiIsInR5cCI6IkpXVCJ9.eyJ1aWQiOiI3NzMyMmEyNS0zNjJkLTRlYTItOTM0Ni0zODdlOWVkZjI4OWEiLCJpZCI6MTcxNDAzNywiaWF0IjoxNzcxNjAwNjk5LCJleHAiOjE3NzQxOTI2OTl9.uAt1hpbMvvpqvgBuAc43liLZ2d83L-R8KXdywMZcGYA', 'axios/1.13.3', '::1', 'axios/1.13.3', '2026-02-20 15:18:19', '2026-02-20 18:14:00', '2026-03-22 20:48:19'),
(92, 1714000, 'eyJhbGciOiJIUzI1NiIsInR5cCI6IkpXVCJ9.eyJ1aWQiOiJTRFNEYXNkc2Fkc2EiLCJpZCI6MTcxNDAwMCwicm9sZSI6MSwiaWF0IjoxNzcxNjE3MjM0LCJleHAiOjE3NzQyMDkyMzR9.nH0L4ORsQsATJBQVTIw8YfyHgnmRcE4M25hoorfKNxo', 'axios/1.13.2', '::1', 'axios/1.13.2', '2026-02-20 19:53:54', '2026-02-20 21:07:28', '2026-03-23 01:23:54'),
(93, 1714000, 'eyJhbGciOiJIUzI1NiIsInR5cCI6IkpXVCJ9.eyJ1aWQiOiJTRFNEYXNkc2Fkc2EiLCJpZCI6MTcxNDAwMCwicm9sZSI6MSwiaWF0IjoxNzcxNjQ5MzcxLCJleHAiOjE3NzQyNDEzNzF9.fULu9l6g2nA8dA_y2Lo1DbO3J4Zx0to1jqlteKHe16M', 'axios/1.13.2', '::1', 'axios/1.13.2', '2026-02-21 04:49:31', '2026-02-21 05:04:35', '2026-03-23 10:19:31'),
(94, 1714000, 'eyJhbGciOiJIUzI1NiIsInR5cCI6IkpXVCJ9.eyJ1aWQiOiJTRFNEYXNkc2Fkc2EiLCJpZCI6MTcxNDAwMCwicm9sZSI6MSwiaWF0IjoxNzcxNjUwNzA5LCJleHAiOjE3NzQyNDI3MDl9.wD8T9VKL0fUFwCDhtv8FhzdrQtfR_fI3-06QyL2hjec', 'axios/1.13.2', '::1', 'axios/1.13.2', '2026-02-21 05:11:50', '2026-02-21 05:11:50', '2026-03-23 10:41:50'),
(95, 1714000, 'eyJhbGciOiJIUzI1NiIsInR5cCI6IkpXVCJ9.eyJ1aWQiOiJTRFNEYXNkc2Fkc2EiLCJpZCI6MTcxNDAwMCwicm9sZSI6MSwiaWF0IjoxNzcxNjUxMTYyLCJleHAiOjE3NzQyNDMxNjJ9.qoI7nDfo60Mi1kDVEbfzvLzfad_BFpFk2XzNQfK49IU', 'axios/1.13.2', '::1', 'axios/1.13.2', '2026-02-21 05:19:22', '2026-02-21 05:40:18', '2026-03-23 10:49:22'),
(96, 1714000, 'eyJhbGciOiJIUzI1NiIsInR5cCI6IkpXVCJ9.eyJ1aWQiOiJTRFNEYXNkc2Fkc2EiLCJpZCI6MTcxNDAwMCwicm9sZSI6MSwiaWF0IjoxNzcxNjUyNjQyLCJleHAiOjE3NzQyNDQ2NDJ9.apmkNhWljoXIh7mupoV3bV-r81V11wPfcCCY4ch_gvc', 'axios/1.13.2', '::1', 'axios/1.13.2', '2026-02-21 05:44:02', '2026-02-21 06:14:45', '2026-03-23 11:14:02'),
(97, 1714000, 'eyJhbGciOiJIUzI1NiIsInR5cCI6IkpXVCJ9.eyJ1aWQiOiJTRFNEYXNkc2Fkc2EiLCJpZCI6MTcxNDAwMCwicm9sZSI6MSwiaWF0IjoxNzcxNjU3NzI3LCJleHAiOjE3NzQyNDk3Mjd9.12l9EpuCB3shObzegl8gg2X07VlcrZsfhKQtbQw_gPc', 'axios/1.13.2', '::1', 'axios/1.13.2', '2026-02-21 07:08:47', '2026-02-21 07:25:29', '2026-03-23 12:38:47'),
(98, 1714000, 'eyJhbGciOiJIUzI1NiIsInR5cCI6IkpXVCJ9.eyJ1aWQiOiJTRFNEYXNkc2Fkc2EiLCJpZCI6MTcxNDAwMCwicm9sZSI6MSwiaWF0IjoxNzcxNjU5NTQ4LCJleHAiOjE3NzQyNTE1NDh9.TKEybsc224LpT463MUI4UToPpoj5fArCF2gQ1nwmmgw', 'axios/1.13.2', '172.71.198.110', 'axios/1.13.2', '2026-02-21 07:39:08', '2026-02-21 08:21:41', '2026-03-23 07:39:08'),
(99, 1714000, 'eyJhbGciOiJIUzI1NiIsInR5cCI6IkpXVCJ9.eyJ1aWQiOiJTRFNEYXNkc2Fkc2EiLCJpZCI6MTcxNDAwMCwicm9sZSI6MSwiaWF0IjoxNzcxNjY2ODA1LCJleHAiOjE3NzQyNTg4MDV9.LP-arsbdFSoURTlDgI6tclTy_nQ57njy0OZfg1Uhm_E', 'axios/1.13.2', '172.71.198.110', 'axios/1.13.2', '2026-02-21 09:40:05', '2026-02-21 09:57:28', '2026-03-23 09:40:05');

-- --------------------------------------------------------

--
-- Table structure for table `variants`
--

CREATE TABLE `variants` (
  `id` int(11) NOT NULL,
  `inventory_id` int(11) DEFAULT NULL,
  `name` varchar(50) DEFAULT NULL,
  `price` int(5) DEFAULT NULL,
  `created_at` datetime DEFAULT current_timestamp()
) ENGINE=InnoDB DEFAULT CHARSET=utf8mb4 COLLATE=utf8mb4_unicode_ci;

--
-- Dumping data for table `variants`
--

INSERT INTO `variants` (`id`, `inventory_id`, `name`, `price`, `created_at`) VALUES
(35, 80, 'Half', 125, '2025-08-22 05:57:33'),
(37, 80, 'Small', 86, '2025-08-23 13:56:03'),
(38, 107, 'Half', 190, '2025-09-03 10:33:23'),
(39, 110, 'Small', 120, '2025-09-03 10:35:10'),
(40, 111, '5 Pieces', 580, '2025-09-03 10:37:13'),
(41, 115, '8 Pieces', 260, '2025-09-07 15:05:17'),
(42, 118, '1 kg', 1500, '2025-09-07 15:10:42'),
(64, 122, 'Large', 100, '2026-02-08 10:21:48'),
(65, 120, 'Small', 50, '2026-02-08 10:23:15'),
(80, 119, 'sdsdf', 12, '2026-02-08 11:51:18'),
(84, 124, 'With Curry', 120, '2026-02-09 03:12:27'),
(88, 80, 'Mini', 33, '2026-02-13 06:35:56');

-- --------------------------------------------------------

--
-- Stand-in structure for view `v_staff_order_performance`
-- (See below for the actual view)
--
CREATE TABLE `v_staff_order_performance` (
`staff_id` int(11)
,`staff_name` varchar(20)
,`role_name` int(11)
,`restaurant_id` int(11)
,`total_orders_placed` bigint(21)
,`total_revenue_generated` decimal(32,0)
,`avg_order_value` decimal(11,0)
,`completed_orders` bigint(21)
,`failed_orders` bigint(21)
,`fail_rate_pct` decimal(26,2)
);

--
-- Indexes for dumped tables
--

--
-- Indexes for table `addons`
--
ALTER TABLE `addons`
  ADD PRIMARY KEY (`id`),
  ADD UNIQUE KEY `unique_addon_per_restaurant` (`rid`,`name`),
  ADD KEY `idx_rid` (`rid`),
  ADD KEY `idx_active` (`is_active`);

--
-- Indexes for table `carts`
--
ALTER TABLE `carts`
  ADD PRIMARY KEY (`cart_id`);

--
-- Indexes for table `categories`
--
ALTER TABLE `categories`
  ADD PRIMARY KEY (`id`),
  ADD UNIQUE KEY `unique_restaurant_category` (`rid`,`name`),
  ADD KEY `idx_rid_active` (`rid`,`is_active`),
  ADD KEY `idx_template` (`template_id`);

--
-- Indexes for table `category_templates`
--
ALTER TABLE `category_templates`
  ADD PRIMARY KEY (`id`),
  ADD KEY `idx_cuisine_type` (`cuisine_type`,`is_active`);

--
-- Indexes for table `cities`
--
ALTER TABLE `cities`
  ADD PRIMARY KEY (`id`);

--
-- Indexes for table `config`
--
ALTER TABLE `config`
  ADD PRIMARY KEY (`id`);

--
-- Indexes for table `coupon_codes`
--
ALTER TABLE `coupon_codes`
  ADD PRIMARY KEY (`id`);

--
-- Indexes for table `favourite_list`
--
ALTER TABLE `favourite_list`
  ADD PRIMARY KEY (`id`),
  ADD KEY `fk_favlist_users` (`uid`);

--
-- Indexes for table `inventories`
--
ALTER TABLE `inventories`
  ADD PRIMARY KEY (`id`),
  ADD UNIQUE KEY `unique_rid_name` (`rid`,`name`),
  ADD KEY `fk_inventories_category` (`category_id`);

--
-- Indexes for table `inventory_addons`
--
ALTER TABLE `inventory_addons`
  ADD PRIMARY KEY (`id`),
  ADD UNIQUE KEY `unique_inventory_addon` (`inventory_id`,`addon_id`),
  ADD KEY `idx_inventory` (`inventory_id`),
  ADD KEY `idx_addon` (`addon_id`);

--
-- Indexes for table `inventory_stats`
--
ALTER TABLE `inventory_stats`
  ADD PRIMARY KEY (`item_id`),
  ADD KEY `idx_inventory_stats_item` (`item_id`);

--
-- Indexes for table `login_tokens`
--
ALTER TABLE `login_tokens`
  ADD PRIMARY KEY (`id`),
  ADD KEY `idx_phone` (`phone_number`),
  ADD KEY `idx_token_hash` (`token_hash`),
  ADD KEY `idx_expires` (`expires_at`),
  ADD KEY `idx_verify` (`token_hash`,`expires_at`,`used_at`);

--
-- Indexes for table `memories`
--
ALTER TABLE `memories`
  ADD PRIMARY KEY (`id`),
  ADD KEY `fk_memories_users` (`uid`);

--
-- Indexes for table `notifications`
--
ALTER TABLE `notifications`
  ADD PRIMARY KEY (`id`),
  ADD KEY `idx_restaurant` (`restaurant_id`),
  ADD KEY `idx_user` (`user_id`),
  ADD KEY `idx_type` (`type`),
  ADD KEY `idx_is_read` (`is_read`),
  ADD KEY `idx_priority` (`priority`),
  ADD KEY `idx_created` (`created_at`),
  ADD KEY `idx_unread_restaurant` (`restaurant_id`,`is_read`,`created_at`),
  ADD KEY `idx_expires` (`expires_at`);

--
-- Indexes for table `orders`
--
ALTER TABLE `orders`
  ADD PRIMARY KEY (`id`),
  ADD KEY `fK_orders_users` (`customer_id`),
  ADD KEY `fk_orders_restaurant` (`rid`),
  ADD KEY `idx_orders_rid_status_created` (`rid`,`payment_status`,`created_at` DESC),
  ADD KEY `idx_orders_cart_id` (`cart_id`),
  ADD KEY `idx_orders_customer_id` (`customer_id`),
  ADD KEY `idx_orders_created_at` (`created_at`),
  ADD KEY `idx_orders_item_id` (`item_id`),
  ADD KEY `idx_placed_by_staff` (`placed_by_staff_id`),
  ADD KEY `idx_party_size` (`party_size`),
  ADD KEY `idx_table_id` (`table_id`);

--
-- Indexes for table `order_addons`
--
ALTER TABLE `order_addons`
  ADD PRIMARY KEY (`id`),
  ADD KEY `idx_order` (`order_id`),
  ADD KEY `idx_addon` (`addon_id`);

--
-- Indexes for table `otps`
--
ALTER TABLE `otps`
  ADD PRIMARY KEY (`id`),
  ADD UNIQUE KEY `phone_number` (`phone_number`);

--
-- Indexes for table `qr_codes`
--
ALTER TABLE `qr_codes`
  ADD PRIMARY KEY (`id`);

--
-- Indexes for table `restaurants`
--
ALTER TABLE `restaurants`
  ADD PRIMARY KEY (`id`),
  ADD UNIQUE KEY `username` (`username`),
  ADD KEY `idx_online_orders` (`online_orders`),
  ADD KEY `idx_operating_hours` (`open_time`,`close_time`),
  ADD KEY `idx_active_days` (`active_days`);

--
-- Indexes for table `restaurant_access`
--
ALTER TABLE `restaurant_access`
  ADD PRIMARY KEY (`id`),
  ADD UNIQUE KEY `rid` (`rid`,`user_id`),
  ADD KEY `fk_restaurant_access_users` (`user_id`);

--
-- Indexes for table `restaurant_hours`
--
ALTER TABLE `restaurant_hours`
  ADD PRIMARY KEY (`id`),
  ADD UNIQUE KEY `unique_restaurant_day` (`rid`,`day_of_week`);

--
-- Indexes for table `roles`
--
ALTER TABLE `roles`
  ADD PRIMARY KEY (`id`);

--
-- Indexes for table `subscriptions`
--
ALTER TABLE `subscriptions`
  ADD PRIMARY KEY (`id`),
  ADD UNIQUE KEY `restaurant_id` (`restaurant_id`),
  ADD KEY `idx_restaurant` (`restaurant_id`),
  ADD KEY `idx_status` (`status`),
  ADD KEY `idx_end_date` (`end_date`),
  ADD KEY `idx_active_subs` (`restaurant_id`,`status`,`end_date`),
  ADD KEY `idx_plan_id` (`plan_id`);

--
-- Indexes for table `subscription_plans`
--
ALTER TABLE `subscription_plans`
  ADD PRIMARY KEY (`id`),
  ADD UNIQUE KEY `plan_code` (`plan_code`),
  ADD KEY `idx_plan_code` (`plan_code`),
  ADD KEY `idx_active` (`is_active`),
  ADD KEY `idx_popular` (`is_popular`);

--
-- Indexes for table `tables`
--
ALTER TABLE `tables`
  ADD PRIMARY KEY (`id`),
  ADD UNIQUE KEY `unique_table_per_zone_per_restaurant` (`rid`,`table_number`,`zone`),
  ADD KEY `idx_tables_status_updated` (`status`,`updated_at`);

--
-- Indexes for table `temp_sessions`
--
ALTER TABLE `temp_sessions`
  ADD PRIMARY KEY (`user_id`);

--
-- Indexes for table `users`
--
ALTER TABLE `users`
  ADD PRIMARY KEY (`id`),
  ADD UNIQUE KEY `uid` (`uid`),
  ADD UNIQUE KEY `phone_number` (`phone_number`),
  ADD UNIQUE KEY `username` (`username`);

--
-- Indexes for table `user_restaurant_visits`
--
ALTER TABLE `user_restaurant_visits`
  ADD PRIMARY KEY (`id`),
  ADD UNIQUE KEY `unique_user_restaurant` (`user_id`,`restaurant_id`),
  ADD KEY `restaurant_id` (`restaurant_id`);

--
-- Indexes for table `user_sessions`
--
ALTER TABLE `user_sessions`
  ADD PRIMARY KEY (`id`),
  ADD KEY `idx_user_id` (`user_id`),
  ADD KEY `idx_refresh_token` (`refresh_token`),
  ADD KEY `idx_expires_at` (`expires_at`),
  ADD KEY `idx_expired_sessions` (`expires_at`,`last_used_at`);

--
-- Indexes for table `variants`
--
ALTER TABLE `variants`
  ADD PRIMARY KEY (`id`),
  ADD KEY `fk_variants_inventories` (`inventory_id`);

--
-- AUTO_INCREMENT for dumped tables
--

--
-- AUTO_INCREMENT for table `addons`
--
ALTER TABLE `addons`
  MODIFY `id` int(11) NOT NULL AUTO_INCREMENT, AUTO_INCREMENT=41;

--
-- AUTO_INCREMENT for table `categories`
--
ALTER TABLE `categories`
  MODIFY `id` int(11) NOT NULL AUTO_INCREMENT, AUTO_INCREMENT=96;

--
-- AUTO_INCREMENT for table `category_templates`
--
ALTER TABLE `category_templates`
  MODIFY `id` int(11) NOT NULL AUTO_INCREMENT, AUTO_INCREMENT=24;

--
-- AUTO_INCREMENT for table `cities`
--
ALTER TABLE `cities`
  MODIFY `id` int(11) NOT NULL AUTO_INCREMENT, AUTO_INCREMENT=4232;

--
-- AUTO_INCREMENT for table `config`
--
ALTER TABLE `config`
  MODIFY `id` int(11) NOT NULL AUTO_INCREMENT, AUTO_INCREMENT=3;

--
-- AUTO_INCREMENT for table `coupon_codes`
--
ALTER TABLE `coupon_codes`
  MODIFY `id` int(11) NOT NULL AUTO_INCREMENT;

--
-- AUTO_INCREMENT for table `favourite_list`
--
ALTER TABLE `favourite_list`
  MODIFY `id` int(11) NOT NULL AUTO_INCREMENT;

--
-- AUTO_INCREMENT for table `inventories`
--
ALTER TABLE `inventories`
  MODIFY `id` int(11) NOT NULL AUTO_INCREMENT, AUTO_INCREMENT=335;

--
-- AUTO_INCREMENT for table `inventory_addons`
--
ALTER TABLE `inventory_addons`
  MODIFY `id` int(11) NOT NULL AUTO_INCREMENT, AUTO_INCREMENT=25;

--
-- AUTO_INCREMENT for table `login_tokens`
--
ALTER TABLE `login_tokens`
  MODIFY `id` int(11) NOT NULL AUTO_INCREMENT, AUTO_INCREMENT=33;

--
-- AUTO_INCREMENT for table `memories`
--
ALTER TABLE `memories`
  MODIFY `id` int(11) NOT NULL AUTO_INCREMENT;

--
-- AUTO_INCREMENT for table `notifications`
--
ALTER TABLE `notifications`
  MODIFY `id` int(11) NOT NULL AUTO_INCREMENT, AUTO_INCREMENT=25;

--
-- AUTO_INCREMENT for table `orders`
--
ALTER TABLE `orders`
  MODIFY `id` int(11) NOT NULL AUTO_INCREMENT, AUTO_INCREMENT=1179;

--
-- AUTO_INCREMENT for table `order_addons`
--
ALTER TABLE `order_addons`
  MODIFY `id` int(11) NOT NULL AUTO_INCREMENT, AUTO_INCREMENT=62;

--
-- AUTO_INCREMENT for table `otps`
--
ALTER TABLE `otps`
  MODIFY `id` int(11) NOT NULL AUTO_INCREMENT, AUTO_INCREMENT=128;

--
-- AUTO_INCREMENT for table `restaurants`
--
ALTER TABLE `restaurants`
  MODIFY `id` int(11) NOT NULL AUTO_INCREMENT, AUTO_INCREMENT=12;

--
-- AUTO_INCREMENT for table `restaurant_access`
--
ALTER TABLE `restaurant_access`
  MODIFY `id` int(11) NOT NULL AUTO_INCREMENT, AUTO_INCREMENT=131;

--
-- AUTO_INCREMENT for table `restaurant_hours`
--
ALTER TABLE `restaurant_hours`
  MODIFY `id` int(11) NOT NULL AUTO_INCREMENT, AUTO_INCREMENT=9;

--
-- AUTO_INCREMENT for table `subscriptions`
--
ALTER TABLE `subscriptions`
  MODIFY `id` int(11) NOT NULL AUTO_INCREMENT, AUTO_INCREMENT=12;

--
-- AUTO_INCREMENT for table `subscription_plans`
--
ALTER TABLE `subscription_plans`
  MODIFY `id` int(11) NOT NULL AUTO_INCREMENT, AUTO_INCREMENT=5;

--
-- AUTO_INCREMENT for table `tables`
--
ALTER TABLE `tables`
  MODIFY `id` int(11) NOT NULL AUTO_INCREMENT, AUTO_INCREMENT=114;

--
-- AUTO_INCREMENT for table `users`
--
ALTER TABLE `users`
  MODIFY `id` int(11) NOT NULL AUTO_INCREMENT, AUTO_INCREMENT=1714135;

--
-- AUTO_INCREMENT for table `user_restaurant_visits`
--
ALTER TABLE `user_restaurant_visits`
  MODIFY `id` int(11) NOT NULL AUTO_INCREMENT, AUTO_INCREMENT=434;

--
-- AUTO_INCREMENT for table `user_sessions`
--
ALTER TABLE `user_sessions`
  MODIFY `id` int(11) NOT NULL AUTO_INCREMENT, AUTO_INCREMENT=100;

--
-- AUTO_INCREMENT for table `variants`
--
ALTER TABLE `variants`
  MODIFY `id` int(11) NOT NULL AUTO_INCREMENT, AUTO_INCREMENT=90;

-- --------------------------------------------------------

--
-- Structure for view `restaurant_status`
--
DROP TABLE IF EXISTS `restaurant_status`;

CREATE ALGORITHM=UNDEFINED DEFINER=`delycia_user`@`%` SQL SECURITY DEFINER VIEW `restaurant_status`  AS SELECT `r`.`id` AS `id`, `r`.`name` AS `name`, `r`.`username` AS `username`, `r`.`phone_number` AS `phone_number`, `r`.`email` AS `email`, `r`.`address` AS `address`, `r`.`city` AS `city`, `r`.`state` AS `state`, `r`.`pincode` AS `pincode`, `r`.`fssai_license` AS `fssai_license`, `r`.`is_veg_only` AS `is_veg_only`, `r`.`description` AS `description`, `r`.`logo` AS `logo`, `r`.`banner` AS `banner`, `r`.`tax_percent` AS `tax_percent`, `r`.`latitude` AS `latitude`, `r`.`longitude` AS `longitude`, `r`.`commission_percent` AS `commission_percent`, `r`.`is_active` AS `is_active`, `r`.`created_at` AS `created_at`, `r`.`online_orders` AS `online_orders`, `r`.`open_time` AS `open_time`, `r`.`close_time` AS `close_time`, `r`.`active_days` AS `active_days`, CASE WHEN `r`.`is_active` = 0 THEN 0 WHEN dayofweek(current_timestamp()) = 2 AND `r`.`active_days` & 2 = 0 OR dayofweek(current_timestamp()) = 3 AND `r`.`active_days` & 4 = 0 OR dayofweek(current_timestamp()) = 4 AND `r`.`active_days` & 8 = 0 OR dayofweek(current_timestamp()) = 5 AND `r`.`active_days` & 16 = 0 OR dayofweek(current_timestamp()) = 6 AND `r`.`active_days` & 32 = 0 OR dayofweek(current_timestamp()) = 7 AND `r`.`active_days` & 64 = 0 OR dayofweek(current_timestamp()) = 1 AND `r`.`active_days` & 1 = 0 THEN 0 WHEN curtime() between ifnull(`r`.`open_time`,'09:00:00') and ifnull(`r`.`close_time`,'23:00:00') THEN 1 ELSE 0 END AS `is_open_now`, CASE WHEN curtime() not between ifnull(`r`.`open_time`,'09:00:00') and ifnull(`r`.`close_time`,'23:00:00') THEN concat('Opens at ',time_format(`r`.`open_time`,'%H:%i')) ELSE 'Open Now' END AS `status_message` FROM `restaurants` AS `r` ;

-- --------------------------------------------------------

--
-- Structure for view `v_staff_order_performance`
--
DROP TABLE IF EXISTS `v_staff_order_performance`;

CREATE ALGORITHM=UNDEFINED DEFINER=`delycia_user`@`%` SQL SECURITY DEFINER VIEW `v_staff_order_performance`  AS SELECT `u`.`id` AS `staff_id`, `u`.`name` AS `staff_name`, `u`.`role` AS `role_name`, `ra`.`rid` AS `restaurant_id`, count(`o`.`id`) AS `total_orders_placed`, coalesce(sum(`o`.`total_amount`),0) AS `total_revenue_generated`, round(avg(`o`.`total_amount`),0) AS `avg_order_value`, count(case when `o`.`payment_status` = 'completed' then 1 end) AS `completed_orders`, count(case when `o`.`payment_status` <> 'completed' then 1 end) AS `failed_orders`, round(greatest(0,count(case when `o`.`payment_status` <> 'completed' then 1 end) / nullif(count(`o`.`id`),0) * 100),2) AS `fail_rate_pct` FROM ((`orders` `o` join `users` `u` on(`o`.`placed_by_staff_id` = `u`.`id`)) join `restaurant_access` `ra` on(`u`.`id` = `ra`.`user_id`)) WHERE `o`.`placed_by_staff_id` is not null GROUP BY `u`.`id`, `u`.`name`, `u`.`role`, `ra`.`rid` ORDER BY count(`o`.`id`) DESC ;

--
-- Constraints for dumped tables
--

--
-- Constraints for table `addons`
--
ALTER TABLE `addons`
  ADD CONSTRAINT `fk_addons_restaurant` FOREIGN KEY (`rid`) REFERENCES `restaurants` (`id`) ON DELETE CASCADE;

--
-- Constraints for table `categories`
--
ALTER TABLE `categories`
  ADD CONSTRAINT `categories_ibfk_1` FOREIGN KEY (`rid`) REFERENCES `restaurants` (`id`) ON DELETE CASCADE,
  ADD CONSTRAINT `categories_ibfk_2` FOREIGN KEY (`template_id`) REFERENCES `category_templates` (`id`) ON DELETE SET NULL;

--
-- Constraints for table `favourite_list`
--
ALTER TABLE `favourite_list`
  ADD CONSTRAINT `fk_favlist_users` FOREIGN KEY (`uid`) REFERENCES `users` (`uid`) ON DELETE CASCADE;

--
-- Constraints for table `inventories`
--
ALTER TABLE `inventories`
  ADD CONSTRAINT `fk_inventories_category` FOREIGN KEY (`category_id`) REFERENCES `categories` (`id`) ON DELETE CASCADE ON UPDATE CASCADE,
  ADD CONSTRAINT `fk_inventories_restaurant` FOREIGN KEY (`rid`) REFERENCES `restaurants` (`id`) ON DELETE CASCADE;

--
-- Constraints for table `inventory_addons`
--
ALTER TABLE `inventory_addons`
  ADD CONSTRAINT `fk_inventory_addons_addon` FOREIGN KEY (`addon_id`) REFERENCES `addons` (`id`) ON DELETE CASCADE,
  ADD CONSTRAINT `fk_inventory_addons_inventory` FOREIGN KEY (`inventory_id`) REFERENCES `inventories` (`id`) ON DELETE CASCADE;

--
-- Constraints for table `memories`
--
ALTER TABLE `memories`
  ADD CONSTRAINT `fk_memories_users` FOREIGN KEY (`uid`) REFERENCES `users` (`uid`) ON DELETE CASCADE;

--
-- Constraints for table `notifications`
--
ALTER TABLE `notifications`
  ADD CONSTRAINT `notifications_ibfk_1` FOREIGN KEY (`restaurant_id`) REFERENCES `restaurants` (`id`) ON DELETE CASCADE;

--
-- Constraints for table `orders`
--
ALTER TABLE `orders`
  ADD CONSTRAINT `fK_orders_users` FOREIGN KEY (`customer_id`) REFERENCES `users` (`id`) ON DELETE CASCADE,
  ADD CONSTRAINT `fk_orders_restaurant` FOREIGN KEY (`rid`) REFERENCES `restaurants` (`id`) ON DELETE CASCADE,
  ADD CONSTRAINT `fk_orders_table` FOREIGN KEY (`table_id`) REFERENCES `tables` (`id`) ON DELETE SET NULL,
  ADD CONSTRAINT `orders_ibfk_1` FOREIGN KEY (`placed_by_staff_id`) REFERENCES `users` (`id`) ON DELETE SET NULL;

--
-- Constraints for table `order_addons`
--
ALTER TABLE `order_addons`
  ADD CONSTRAINT `fk_order_addons_addon` FOREIGN KEY (`addon_id`) REFERENCES `addons` (`id`) ON DELETE CASCADE,
  ADD CONSTRAINT `fk_order_addons_order` FOREIGN KEY (`order_id`) REFERENCES `orders` (`id`) ON DELETE CASCADE;

--
-- Constraints for table `restaurant_access`
--
ALTER TABLE `restaurant_access`
  ADD CONSTRAINT `fk_restaurant_access_users` FOREIGN KEY (`user_id`) REFERENCES `users` (`id`) ON DELETE CASCADE ON UPDATE CASCADE;

--
-- Constraints for table `restaurant_hours`
--
ALTER TABLE `restaurant_hours`
  ADD CONSTRAINT `fk_restaurant_hours` FOREIGN KEY (`rid`) REFERENCES `restaurants` (`id`) ON DELETE CASCADE;

--
-- Constraints for table `subscriptions`
--
ALTER TABLE `subscriptions`
  ADD CONSTRAINT `fk_subscriptions_plan` FOREIGN KEY (`plan_id`) REFERENCES `subscription_plans` (`id`),
  ADD CONSTRAINT `subscriptions_ibfk_1` FOREIGN KEY (`restaurant_id`) REFERENCES `restaurants` (`id`);

--
-- Constraints for table `tables`
--
ALTER TABLE `tables`
  ADD CONSTRAINT `fk_tables_restaurant` FOREIGN KEY (`rid`) REFERENCES `restaurants` (`id`) ON DELETE CASCADE;

--
-- Constraints for table `temp_sessions`
--
ALTER TABLE `temp_sessions`
  ADD CONSTRAINT `fk_temp_session` FOREIGN KEY (`user_id`) REFERENCES `users` (`id`) ON DELETE CASCADE;

--
-- Constraints for table `user_restaurant_visits`
--
ALTER TABLE `user_restaurant_visits`
  ADD CONSTRAINT `user_restaurant_visits_ibfk_1` FOREIGN KEY (`user_id`) REFERENCES `users` (`id`) ON DELETE CASCADE,
  ADD CONSTRAINT `user_restaurant_visits_ibfk_2` FOREIGN KEY (`restaurant_id`) REFERENCES `restaurants` (`id`) ON DELETE CASCADE;

--
-- Constraints for table `user_sessions`
--
ALTER TABLE `user_sessions`
  ADD CONSTRAINT `user_sessions_ibfk_1` FOREIGN KEY (`user_id`) REFERENCES `users` (`id`) ON DELETE CASCADE;

--
-- Constraints for table `variants`
--
ALTER TABLE `variants`
  ADD CONSTRAINT `fk_variants_inventories` FOREIGN KEY (`inventory_id`) REFERENCES `inventories` (`id`) ON DELETE CASCADE;

DELIMITER $$
--
-- Events
--
CREATE DEFINER=`delycia_user`@`%` EVENT `cleanup_expired_sessions` ON SCHEDULE EVERY 1 DAY STARTS '2026-02-18 02:00:00' ON COMPLETION NOT PRESERVE ENABLE DO DELETE FROM user_sessions 
  WHERE expires_at < NOW() 
  OR last_used_at < DATE_SUB(NOW(), INTERVAL 60 DAY)$$

DELIMITER ;
COMMIT;

/*!40101 SET CHARACTER_SET_CLIENT=@OLD_CHARACTER_SET_CLIENT */;
/*!40101 SET CHARACTER_SET_RESULTS=@OLD_CHARACTER_SET_RESULTS */;
/*!40101 SET COLLATION_CONNECTION=@OLD_COLLATION_CONNECTION */;
